zone_id,timestamp,disruption_label,risk_point_estimate,risk_lower_90,risk_upper_90
Z01,2025-08-29 07:00:00,0,0.008929401,0.0,0.07819604407995939
Z02,2025-08-29 07:00:00,0,0.01861355,0.0,0.0878801941871643
Z03,2025-08-29 07:00:00,0,0.008465485,0.0,0.07773212809115648
Z04,2025-08-29 07:00:00,0,0.021378148,0.0,0.09064479172229767
Z05,2025-08-29 07:00:00,0,0.05758368,0.0,0.12685032188892365
Z06,2025-08-29 07:00:00,0,0.35324916,0.0,0.9734297573566436
Z07,2025-08-29 07:00:00,0,0.06219439,0.0,0.1314610317349434
Z08,2025-08-29 07:00:00,0,0.011523733,0.0,0.08079037629067898
Z09,2025-08-29 07:00:00,0,0.014223923,0.0,0.08349056635051966
Z10,2025-08-29 07:00:00,0,0.0121518,0.0,0.08141844347119331
Z01,2025-08-29 08:00:00,0,0.05284555,0.0,0.12211219221353531
Z02,2025-08-29 08:00:00,0,0.14345556,0.0,0.33760024011135104
Z03,2025-08-29 08:00:00,0,0.29749033,0.0,0.5953640043735504
Z04,2025-08-29 08:00:00,0,0.14557023,0.0,0.33971490859985354
Z05,2025-08-29 08:00:00,0,0.10285123,0.0,0.2969959020614624
Z06,2025-08-29 08:00:00,0,0.5696563,0.0,1.0
Z07,2025-08-29 08:00:00,0,0.10528202,0.0,0.2994266986846924
Z08,2025-08-29 08:00:00,0,0.31404272,0.0,0.934223312139511
Z09,2025-08-29 08:00:00,0,0.16813321,0.0,0.362277889251709
Z10,2025-08-29 08:00:00,0,0.10810336,0.0,0.30224803239107134
Z01,2025-08-29 09:00:00,0,0.552257,0.0,1.0
Z02,2025-08-29 09:00:00,0,0.04119662,0.0,0.11046326160430908
Z03,2025-08-29 09:00:00,0,0.10612156,0.0,0.3002662375569344
Z04,2025-08-29 09:00:00,0,0.14285627,0.0,0.33700094521045687
Z05,2025-08-29 09:00:00,0,0.12320226,0.0,0.31734693199396136
Z06,2025-08-29 09:00:00,0,0.26231322,0.0,0.560186892747879
Z07,2025-08-29 09:00:00,1,0.41581142,0.0,0.9692777574062347
Z08,2025-08-29 09:00:00,0,0.55717194,0.0,1.0
Z09,2025-08-29 09:00:00,1,0.81097823,0.0,1.0
Z10,2025-08-29 09:00:00,0,0.5211547,0.0,1.0
Z01,2025-08-29 10:00:00,0,0.1786031,0.0,0.37274777293205263
Z02,2025-08-29 10:00:00,0,0.034812022,0.0,0.10407866537570953
Z03,2025-08-29 10:00:00,0,0.037255272,0.0,0.10652191564440727
Z04,2025-08-29 10:00:00,0,0.05291941,0.0,0.12218605354428291
Z05,2025-08-29 10:00:00,0,0.47158486,0.0,1.0
Z06,2025-08-29 10:00:00,0,0.05903401,0.0,0.12830065190792084
Z07,2025-08-29 10:00:00,0,0.15996334,0.0,0.35410801470279696
Z08,2025-08-29 10:00:00,0,0.08855515,0.019288506358861923,0.15782179310917854
Z09,2025-08-29 10:00:00,0,0.107287355,0.0,0.30143202990293505
Z10,2025-08-29 10:00:00,1,0.682351,0.0034708738327026145,1.0
Z01,2025-08-29 11:00:00,0,0.010082978,0.0,0.07934962119907141
Z02,2025-08-29 11:00:00,0,0.008384373,0.0,0.0776510164141655
Z03,2025-08-29 11:00:00,0,0.011813671,0.0,0.0810803147032857
Z04,2025-08-29 11:00:00,0,0.009192187,0.0,0.07845883071422577
Z05,2025-08-29 11:00:00,0,0.021844832,0.0,0.09111147560179234
Z06,2025-08-29 11:00:00,0,0.00980253,0.0,0.07906917296350002
Z07,2025-08-29 11:00:00,0,0.0103519745,0.0,0.07961861789226532
Z08,2025-08-29 11:00:00,0,0.009241928,0.0,0.07850857172161341
Z09,2025-08-29 11:00:00,0,0.0080882115,0.0,0.0773548549041152
Z10,2025-08-29 11:00:00,0,0.009452403,0.0,0.07871904596686363
Z01,2025-08-29 12:00:00,0,0.3673512,0.0,0.9875317990779876
Z02,2025-08-29 12:00:00,1,0.6036113,0.0,1.0
Z03,2025-08-29 12:00:00,0,0.021825308,0.0,0.0910919513553381
Z04,2025-08-29 12:00:00,0,0.81397766,0.0,1.0
Z05,2025-08-29 12:00:00,0,0.19861828,0.004473602771759039,0.39276295304298403
Z06,2025-08-29 12:00:00,0,0.02389687,0.0,0.09316351264715195
Z07,2025-08-29 12:00:00,0,0.08985472,0.020588073879480362,0.15912136062979698
Z08,2025-08-29 12:00:00,0,0.3185518,0.0,0.9387324035167693
Z09,2025-08-29 12:00:00,0,0.62056255,0.0,1.0
Z10,2025-08-29 12:00:00,0,0.0103361,0.0,0.079602743498981
Z01,2025-08-29 13:00:00,0,0.050096817,0.0,0.1193634606897831
Z02,2025-08-29 13:00:00,0,0.08775009,0.018483448773622513,0.15701673552393913
Z03,2025-08-29 13:00:00,0,0.48177642,0.0,1.0
Z04,2025-08-29 13:00:00,0,0.05544556,0.0,0.12471220269799232
Z05,2025-08-29 13:00:00,0,0.054826684,0.0,0.12409332767128944
Z06,2025-08-29 13:00:00,0,0.06728961,0.0,0.1365562565624714
Z07,2025-08-29 13:00:00,0,0.17982633,0.0,0.3739710092544556
Z08,2025-08-29 13:00:00,0,0.46912143,0.0,1.0
Z09,2025-08-29 13:00:00,0,0.45055676,0.0,1.0
Z10,2025-08-29 13:00:00,0,0.13446371,0.0,0.32860838770866396
Z01,2025-08-29 14:00:00,0,0.80017436,0.0,1.0
Z02,2025-08-29 14:00:00,0,0.12594046,0.0,0.3200851321220398
Z03,2025-08-29 14:00:00,0,0.5198793,0.0,1.0
Z04,2025-08-29 14:00:00,0,0.028499333,0.0,0.09776597656309605
Z05,2025-08-29 14:00:00,1,0.3428976,0.0,0.9630781888961791
Z06,2025-08-29 14:00:00,0,0.112126514,0.0,0.3062711894512177
Z07,2025-08-29 14:00:00,0,0.12630098,0.0,0.32044565081596377
Z08,2025-08-29 14:00:00,0,0.16145325,0.0,0.355597922205925
Z09,2025-08-29 14:00:00,0,0.014972031,0.0,0.0842386744916439
Z10,2025-08-29 14:00:00,0,0.07692487,0.007658224552869797,0.14619151130318642
Z01,2025-08-29 15:00:00,0,0.009111239,0.0,0.07837788201868534
Z02,2025-08-29 15:00:00,0,0.009038955,0.0,0.07830559834837914
Z03,2025-08-29 15:00:00,0,0.01632879,0.0,0.08559543266892433
Z04,2025-08-29 15:00:00,0,0.00894379,0.0,0.0782104330137372
Z05,2025-08-29 15:00:00,0,0.0133618545,0.0,0.08262849785387516
Z06,2025-08-29 15:00:00,0,0.008780043,0.0,0.07804668601602316
Z07,2025-08-29 15:00:00,0,0.023157202,0.0,0.09242384508252144
Z08,2025-08-29 15:00:00,0,0.00875981,0.0,0.07802645303308964
Z09,2025-08-29 15:00:00,0,0.008792343,0.0,0.0780589859932661
Z10,2025-08-29 15:00:00,0,0.009328454,0.0,0.07859509717673063
Z01,2025-08-29 16:00:00,0,0.008562341,0.0,0.07782898470759392
Z02,2025-08-29 16:00:00,0,0.009142269,0.0,0.07840891275554895
Z03,2025-08-29 16:00:00,0,0.00898171,0.0,0.07824835367500782
Z04,2025-08-29 16:00:00,0,0.009558654,0.0,0.07882529776543379
Z05,2025-08-29 16:00:00,0,0.010095074,0.0,0.07936171721667051
Z06,2025-08-29 16:00:00,0,0.009346817,0.0,0.07861346006393433
Z07,2025-08-29 16:00:00,0,0.016230175,0.0,0.0854968186467886
Z08,2025-08-29 16:00:00,0,0.009271656,0.0,0.07853829953819513
Z09,2025-08-29 16:00:00,0,0.008460995,0.0,0.07772763818502426
Z10,2025-08-29 16:00:00,0,0.008724422,0.0,0.07799106556922197
Z01,2025-08-29 17:00:00,0,0.058650274,0.0,0.12791691720485687
Z02,2025-08-29 17:00:00,0,0.036395825,0.0,0.10566246882081032
Z03,2025-08-29 17:00:00,0,0.018073816,0.0,0.08734045922756195
Z04,2025-08-29 17:00:00,0,0.053045914,0.0,0.12231255695223808
Z05,2025-08-29 17:00:00,0,0.053778723,0.0,0.12304536625742912
Z06,2025-08-29 17:00:00,0,0.18751615,0.0,0.38166082799434664
Z07,2025-08-29 17:00:00,0,0.09031018,0.021043535321950912,0.15957682207226753
Z08,2025-08-29 17:00:00,0,0.053941358,0.0,0.12320800125598907
Z09,2025-08-29 17:00:00,0,0.10452416,0.0,0.2986688330769539
Z10,2025-08-29 17:00:00,0,0.03736071,0.0,0.10662735253572464
Z01,2025-08-29 18:00:00,0,0.07901358,0.009746935218572617,0.14828022196888924
Z02,2025-08-29 18:00:00,0,0.04493148,0.0,0.11419812217354774
Z03,2025-08-29 18:00:00,0,0.04806624,0.0,0.11733288317918777
Z04,2025-08-29 18:00:00,1,0.3580426,0.0,0.9782231926918029
Z05,2025-08-29 18:00:00,0,0.074704446,0.0054378025233745575,0.14397108927369118
Z06,2025-08-29 18:00:00,0,0.08339956,0.014132913202047348,0.15266619995236397
Z07,2025-08-29 18:00:00,0,0.23838055,0.0,0.5362542271614075
Z08,2025-08-29 18:00:00,0,0.04737815,0.0,0.11664479225873947
Z09,2025-08-29 18:00:00,0,0.051243052,0.0,0.12050969526171684
Z10,2025-08-29 18:00:00,0,0.52706695,0.0,1.0
Z01,2025-08-29 19:00:00,1,0.9798794,0.8950879454612731,1.0
Z02,2025-08-29 19:00:00,1,0.9816265,0.8968350768089294,1.0
Z03,2025-08-29 19:00:00,1,0.94463915,0.8598477125167846,1.0
Z04,2025-08-29 19:00:00,1,0.9523235,0.8675320625305175,1.0
Z05,2025-08-29 19:00:00,1,0.9932939,0.908502447605133,1.0
Z06,2025-08-29 19:00:00,1,0.9834135,0.8986220836639404,1.0
Z07,2025-08-29 19:00:00,1,0.9902582,0.9054667830467223,1.0
Z08,2025-08-29 19:00:00,1,0.9348639,0.8500724911689758,1.0
Z09,2025-08-29 19:00:00,0,0.8288764,0.0,1.0
Z10,2025-08-29 19:00:00,0,0.7435764,0.0,1.0
Z01,2025-08-29 20:00:00,1,0.9819135,0.8971220731735229,1.0
Z02,2025-08-29 20:00:00,1,0.9579674,0.8731759667396545,1.0
Z03,2025-08-29 20:00:00,0,0.8720199,0.0,1.0
Z04,2025-08-29 20:00:00,1,0.6743562,0.0,1.0
Z05,2025-08-29 20:00:00,1,0.95060563,0.865814197063446,1.0
Z06,2025-08-29 20:00:00,1,0.87023675,0.0,1.0
Z07,2025-08-29 20:00:00,0,0.3909527,0.0,1.0
Z08,2025-08-29 20:00:00,1,0.96219295,0.8774015188217162,1.0
Z09,2025-08-29 20:00:00,1,0.9711689,0.8863774418830871,1.0
Z10,2025-08-29 20:00:00,0,0.13667548,0.0,0.3308201521635056
Z01,2025-08-29 21:00:00,0,0.36478162,0.0,0.9849622130393981
Z02,2025-08-29 21:00:00,0,0.2018073,0.0,0.4996809810400009
Z03,2025-08-29 21:00:00,0,0.579173,0.0,1.0
Z04,2025-08-29 21:00:00,0,0.18898365,0.0,0.38312832415103915
Z05,2025-08-29 21:00:00,1,0.5664222,0.0,1.0
Z06,2025-08-29 21:00:00,0,0.65855867,0.0,1.0
Z07,2025-08-29 21:00:00,0,0.8422899,0.0,1.0
Z08,2025-08-29 21:00:00,0,0.047921963,0.0,0.11718860641121864
Z09,2025-08-29 21:00:00,0,0.09246598,0.02319933846592903,0.16173262521624565
Z10,2025-08-29 21:00:00,0,0.6119562,0.0,1.0
Z01,2025-08-29 22:00:00,1,0.98619384,0.9014024019241332,1.0
Z02,2025-08-29 22:00:00,1,0.65273315,0.0,1.0
Z03,2025-08-29 22:00:00,0,0.1728332,0.0,0.3669778794050217
Z04,2025-08-29 22:00:00,1,0.7391541,0.0,1.0
Z05,2025-08-29 22:00:00,0,0.6342286,0.0,1.0
Z06,2025-08-29 22:00:00,0,0.6571478,0.0,1.0
Z07,2025-08-29 22:00:00,1,0.93349975,0.8487083196640014,1.0
Z08,2025-08-29 22:00:00,0,0.022161236,0.0,0.0914278794080019
Z09,2025-08-29 22:00:00,0,0.047074124,0.0,0.1163407675921917
Z10,2025-08-29 22:00:00,0,0.09883673,0.0295700840651989,0.16810337081551552
Z01,2025-08-29 23:00:00,0,0.00922394,0.0,0.07849058322608471
Z02,2025-08-29 23:00:00,0,0.00875981,0.0,0.07802645303308964
Z03,2025-08-29 23:00:00,0,0.012241488,0.0,0.08150813169777393
Z04,2025-08-29 23:00:00,0,0.0085911285,0.0,0.07785777188837528
Z05,2025-08-29 23:00:00,0,0.01100832,0.0,0.08027496375143528
Z06,2025-08-29 23:00:00,0,0.014274821,0.0,0.08354146406054497
Z07,2025-08-29 23:00:00,0,0.009982807,0.0,0.07924945000559092
Z08,2025-08-29 23:00:00,0,0.009069622,0.0,0.07833626493811607
Z09,2025-08-29 23:00:00,0,0.0083891675,0.0,0.07765581086277962
Z10,2025-08-29 23:00:00,0,0.011235801,0.0,0.08050244394689798
Z01,2025-08-30 00:00:00,0,0.029525898,0.0,0.09879254177212715
Z02,2025-08-30 00:00:00,0,0.015021138,0.0,0.08428778126835823
Z03,2025-08-30 00:00:00,0,0.013883923,0.0,0.08315056655555964
Z04,2025-08-30 00:00:00,0,0.011275697,0.0,0.08054233994334936
Z05,2025-08-30 00:00:00,0,0.22882682,0.0,0.526700496673584
Z06,2025-08-30 00:00:00,0,0.025040084,0.0,0.09430672787129879
Z07,2025-08-30 00:00:00,0,0.07658337,0.007316727191209793,0.1458500139415264
Z08,2025-08-30 00:00:00,0,0.03256745,0.0,0.10183409228920937
Z09,2025-08-30 00:00:00,0,0.016446766,0.0,0.08571340888738632
Z10,2025-08-30 00:00:00,0,0.013215364,0.0,0.08248200733214617
Z01,2025-08-30 01:00:00,0,0.012391573,0.0,0.08165821619331837
Z02,2025-08-30 01:00:00,0,0.011921368,0.0,0.08118801098316908
Z03,2025-08-30 01:00:00,0,0.010633426,0.0,0.07990006916224957
Z04,2025-08-30 01:00:00,0,0.023233883,0.0,0.09250052645802498
Z05,2025-08-30 01:00:00,0,0.012604364,0.0,0.08187100756913424
Z06,2025-08-30 01:00:00,0,0.06356493,0.0,0.13283156976103783
Z07,2025-08-30 01:00:00,0,0.021736521,0.0,0.0910031646490097
Z08,2025-08-30 01:00:00,0,0.01171181,0.0,0.08097845315933228
Z09,2025-08-30 01:00:00,0,0.18724145,0.0,0.38138612508773806
Z10,2025-08-30 01:00:00,0,0.021748561,0.0,0.09101520478725433
Z01,2025-08-30 02:00:00,0,0.012019434,0.0,0.08128607738763094
Z02,2025-08-30 02:00:00,0,0.010743044,0.0,0.08000968769192696
Z03,2025-08-30 02:00:00,0,0.009744728,0.0,0.07901137135922909
Z04,2025-08-30 02:00:00,0,0.010881794,0.0,0.08014843706041574
Z05,2025-08-30 02:00:00,0,0.01243486,0.0,0.08170150313526392
Z06,2025-08-30 02:00:00,0,0.012388526,0.0,0.0816551698371768
Z07,2025-08-30 02:00:00,0,0.20193641,0.0,0.4998100847005844
Z08,2025-08-30 02:00:00,0,0.034137722,0.0,0.10340436547994614
Z09,2025-08-30 02:00:00,0,0.011772365,0.0,0.08103900868445635
Z10,2025-08-30 02:00:00,0,0.021733735,0.0,0.09100037813186646
Z01,2025-08-30 03:00:00,0,0.011457109,0.0,0.08072375226765871
Z02,2025-08-30 03:00:00,0,0.0103557855,0.0,0.07962242886424065
Z03,2025-08-30 03:00:00,0,0.010685241,0.0,0.07995188422501087
Z04,2025-08-30 03:00:00,0,0.012654133,0.0,0.08192077651619911
Z05,2025-08-30 03:00:00,0,0.061401054,0.0,0.13066769763827324
Z06,2025-08-30 03:00:00,0,0.030431965,0.0,0.09969860874116421
Z07,2025-08-30 03:00:00,0,0.18753554,0.0,0.38168021440505984
Z08,2025-08-30 03:00:00,0,0.0097800745,0.0,0.07904671784490347
Z09,2025-08-30 03:00:00,0,0.010829169,0.0,0.0800958126783371
Z10,2025-08-30 03:00:00,0,0.034680314,0.0,0.10394695773720741
Z01,2025-08-30 04:00:00,0,0.031145321,0.0,0.10041196458041668
Z02,2025-08-30 04:00:00,0,0.011492126,0.0,0.08075876906514168
Z03,2025-08-30 04:00:00,0,0.009642228,0.0,0.07890887092798948
Z04,2025-08-30 04:00:00,0,0.01254296,0.0,0.08180960360914469
Z05,2025-08-30 04:00:00,0,0.023327803,0.0,0.09259444661438465
Z06,2025-08-30 04:00:00,0,0.010509189,0.0,0.07977583259344101
Z07,2025-08-30 04:00:00,0,0.06949998,0.000233333557844162,0.13876662030816078
Z08,2025-08-30 04:00:00,0,0.010942131,0.0,0.08020877465605736
Z09,2025-08-30 04:00:00,0,0.011954766,0.0,0.08122140914201736
Z10,2025-08-30 04:00:00,0,0.059933644,0.0,0.1292002871632576
Z01,2025-08-30 05:00:00,0,0.049745537,0.0,0.11901218071579933
Z02,2025-08-30 05:00:00,0,0.062590554,0.0,0.13185719773173332
Z03,2025-08-30 05:00:00,0,0.010064087,0.0,0.07933073025196791
Z04,2025-08-30 05:00:00,0,0.0109908655,0.0,0.08025750890374184
Z05,2025-08-30 05:00:00,0,0.15295564,0.0,0.3471003115177155
Z06,2025-08-30 05:00:00,0,0.011104123,0.0,0.08037076611071825
Z07,2025-08-30 05:00:00,0,0.16233419,0.0,0.3564788639545441
Z08,2025-08-30 05:00:00,0,0.01104771,0.0,0.08031435310840607
Z09,2025-08-30 05:00:00,0,0.009402014,0.0,0.07866865769028664
Z10,2025-08-30 05:00:00,0,0.020169655,0.0,0.08943629823625088
Z01,2025-08-30 06:00:00,0,0.01009051,0.0,0.0793571537360549
Z02,2025-08-30 06:00:00,0,0.012292129,0.0,0.08155877236276865
Z03,2025-08-30 06:00:00,0,0.009544914,0.0,0.07881155703216791
Z04,2025-08-30 06:00:00,0,0.028085766,0.0,0.097352409735322
Z05,2025-08-30 06:00:00,0,0.018469062,0.0,0.08773570507764816
Z06,2025-08-30 06:00:00,0,0.013319594,0.0,0.08258623722940683
Z07,2025-08-30 06:00:00,0,0.015681207,0.0,0.0849478505551815
Z08,2025-08-30 06:00:00,0,0.008384373,0.0,0.0776510164141655
Z09,2025-08-30 06:00:00,0,0.015594542,0.0,0.08486118540167809
Z10,2025-08-30 06:00:00,0,0.013192643,0.0,0.08245928678661585
Z01,2025-08-30 07:00:00,0,0.6923359,0.013455784320831277,1.0
Z02,2025-08-30 07:00:00,0,0.12825257,0.0,0.3223972409963608
Z03,2025-08-30 07:00:00,0,0.19084938,0.0,0.38499405384063723
Z04,2025-08-30 07:00:00,0,0.010734778,0.0,0.08000142127275467
Z05,2025-08-30 07:00:00,0,0.773287,0.0,1.0
Z06,2025-08-30 07:00:00,1,0.6984588,0.01957867145538328,1.0
Z07,2025-08-30 07:00:00,1,0.9411584,0.8563669800758361,1.0
Z08,2025-08-30 07:00:00,0,0.15345372,0.0,0.34759839773178103
Z09,2025-08-30 07:00:00,0,0.13160335,0.0,0.32574802041053774
Z10,2025-08-30 07:00:00,0,0.56619036,0.0,1.0
Z01,2025-08-30 08:00:00,0,0.41247296,0.0,0.965939301252365
Z02,2025-08-30 08:00:00,0,0.6215427,0.0,1.0
Z03,2025-08-30 08:00:00,0,0.7181945,0.0,1.0
Z04,2025-08-30 08:00:00,1,0.8756229,0.0033905744552612527,1.0
Z05,2025-08-30 08:00:00,0,0.75742203,0.0,1.0
Z06,2025-08-30 08:00:00,0,0.69052815,0.011648035049438454,1.0
Z07,2025-08-30 08:00:00,1,0.9622316,0.8774401426315307,1.0
Z08,2025-08-30 08:00:00,0,0.6658984,0.0,1.0
Z09,2025-08-30 08:00:00,1,0.966858,0.8820665955543517,1.0
Z10,2025-08-30 08:00:00,1,0.81817204,0.0,1.0
Z01,2025-08-30 09:00:00,0,0.77871156,0.0,1.0
Z02,2025-08-30 09:00:00,1,0.92463404,0.8398426055908202,1.0
Z03,2025-08-30 09:00:00,0,0.70090044,0.0,1.0
Z04,2025-08-30 09:00:00,1,0.9420394,0.8572479367256164,1.0
Z05,2025-08-30 09:00:00,0,0.100521505,0.0,0.2946661800146103
Z06,2025-08-30 09:00:00,0,0.7666943,0.0,1.0
Z07,2025-08-30 09:00:00,1,0.8828203,0.010587954521179221,1.0
Z08,2025-08-30 09:00:00,1,0.88520193,0.012969577312469505,1.0
Z09,2025-08-30 09:00:00,1,0.9686692,0.8838777422904968,1.0
Z10,2025-08-30 09:00:00,0,0.87311596,0.000883603096008323,1.0
Z01,2025-08-30 10:00:00,0,0.03478001,0.0,0.10404665395617485
Z02,2025-08-30 10:00:00,0,0.15203856,0.0,0.3461832344532013
Z03,2025-08-30 10:00:00,0,0.04173222,0.0,0.11099886521697044
Z04,2025-08-30 10:00:00,0,0.04874176,0.0,0.11800840497016907
Z05,2025-08-30 10:00:00,0,0.12576286,0.0,0.31990754008293154
Z06,2025-08-30 10:00:00,1,0.935237,0.8504455566406249,1.0
Z07,2025-08-30 10:00:00,0,0.421376,0.0,0.9748423278331756
Z08,2025-08-30 10:00:00,0,0.043590676,0.0,0.11285731941461563
Z09,2025-08-30 10:00:00,0,0.06329355,0.0,0.13256018981337547
Z10,2025-08-30 10:00:00,0,0.053792544,0.0,0.12305918708443642
Z01,2025-08-30 11:00:00,0,0.00894379,0.0,0.0782104330137372
Z02,2025-08-30 11:00:00,0,0.015825957,0.0,0.08509260043501854
Z03,2025-08-30 11:00:00,0,0.009294874,0.0,0.0785615174099803
Z04,2025-08-30 11:00:00,0,0.012561174,0.0,0.08182781748473644
Z05,2025-08-30 11:00:00,0,0.009013036,0.0,0.07827967964112759
Z06,2025-08-30 11:00:00,0,0.010765127,0.0,0.08003177028149366
Z07,2025-08-30 11:00:00,0,0.05277358,0.0,0.12204022333025932
Z08,2025-08-30 11:00:00,0,0.010498534,0.0,0.07976517733186483
Z09,2025-08-30 11:00:00,0,0.008282448,0.0,0.077549091540277
Z10,2025-08-30 11:00:00,0,0.008508825,0.0,0.07777546811848879
Z01,2025-08-30 12:00:00,0,0.37619436,0.0,0.9963749527931213
Z02,2025-08-30 12:00:00,0,0.20792857,0.0,0.5058022439479828
Z03,2025-08-30 12:00:00,0,0.5070744,0.0,1.0
Z04,2025-08-30 12:00:00,0,0.13367276,0.0,0.32781743407249453
Z05,2025-08-30 12:00:00,1,0.326232,0.0,0.946412581205368
Z06,2025-08-30 12:00:00,1,0.6813306,0.0024505019187927024,1.0
Z07,2025-08-30 12:00:00,0,0.021570126,0.0,0.09083676896989346
Z08,2025-08-30 12:00:00,1,0.9615813,0.8767898559570312,1.0
Z09,2025-08-30 12:00:00,1,0.50748545,0.0,1.0
Z10,2025-08-30 12:00:00,0,0.81688154,0.0,1.0
Z01,2025-08-30 13:00:00,0,0.67867094,0.0,1.0
Z02,2025-08-30 13:00:00,0,0.60137534,0.0,1.0
Z03,2025-08-30 13:00:00,1,0.6483891,0.0,1.0
Z04,2025-08-30 13:00:00,0,0.5498988,0.0,1.0
Z05,2025-08-30 13:00:00,1,0.97129685,0.8865054130554199,1.0
Z06,2025-08-30 13:00:00,0,0.73707086,0.0,1.0
Z07,2025-08-30 13:00:00,0,0.83965576,0.0,1.0
Z08,2025-08-30 13:00:00,0,0.08621449,0.016947846859693527,0.15548113361001015
Z09,2025-08-30 13:00:00,0,0.2834177,0.0,0.5812913775444031
Z10,2025-08-30 13:00:00,0,0.48262143,0.0,1.0
Z01,2025-08-30 14:00:00,1,0.88350743,0.011275076866149925,1.0
Z02,2025-08-30 14:00:00,1,0.89872986,0.026497507095336936,1.0
Z03,2025-08-30 14:00:00,0,0.5066634,0.0,1.0
Z04,2025-08-30 14:00:00,0,0.6409615,0.0,1.0
Z05,2025-08-30 14:00:00,1,0.9631687,0.8783772468566894,1.0
Z06,2025-08-30 14:00:00,1,0.2106202,0.0,0.5084938704967499
Z07,2025-08-30 14:00:00,1,0.6441598,0.0,1.0
Z08,2025-08-30 14:00:00,0,0.05056743,0.0,0.11983407288789749
Z09,2025-08-30 14:00:00,1,0.8211478,0.0,1.0
Z10,2025-08-30 14:00:00,1,0.96346873,0.8786772966384887,1.0
Z01,2025-08-30 15:00:00,0,0.010212235,0.0,0.07947887852787971
Z02,2025-08-30 15:00:00,0,0.008844521,0.0,0.07811116427183151
Z03,2025-08-30 15:00:00,0,0.009207486,0.0,0.07847412955015898
Z04,2025-08-30 15:00:00,0,0.049313944,0.0,0.11858058720827103
Z05,2025-08-30 15:00:00,0,0.0154941445,0.0,0.08476078789681196
Z06,2025-08-30 15:00:00,0,0.019836882,0.0,0.08910352550446987
Z07,2025-08-30 15:00:00,0,0.010429479,0.0,0.07969612255692482
Z08,2025-08-30 15:00:00,0,0.008700783,0.0,0.07796742673963308
Z09,2025-08-30 15:00:00,0,0.008787703,0.0,0.07805434614419937
Z10,2025-08-30 15:00:00,0,0.008508825,0.0,0.07777546811848879
Z01,2025-08-30 16:00:00,0,0.008185131,0.0,0.07745177391916513
Z02,2025-08-30 16:00:00,0,0.011037061,0.0,0.08030370436608791
Z03,2025-08-30 16:00:00,0,0.012508888,0.0,0.08177553117275238
Z04,2025-08-30 16:00:00,0,0.014188957,0.0,0.0834556007757783
Z05,2025-08-30 16:00:00,0,0.06632386,0.0,0.13559050485491753
Z06,2025-08-30 16:00:00,0,0.011633476,0.0,0.08090011961758137
Z07,2025-08-30 16:00:00,0,0.0105739,0.0,0.07984054367989302
Z08,2025-08-30 16:00:00,0,0.009764465,0.0,0.07903110794723034
Z09,2025-08-30 16:00:00,0,0.00926565,0.0,0.07853229343891144
Z10,2025-08-30 16:00:00,0,0.009371119,0.0,0.07863776199519634
Z01,2025-08-30 17:00:00,0,0.09031683,0.021050188690423965,0.15958347544074059
Z02,2025-08-30 17:00:00,0,0.037884213,0.0,0.1071508564054966
Z03,2025-08-30 17:00:00,0,0.63247997,0.0,1.0
Z04,2025-08-30 17:00:00,0,0.18451016,0.0,0.37865483164787295
Z05,2025-08-30 17:00:00,0,0.6076095,0.0,1.0
Z06,2025-08-30 17:00:00,0,0.04246974,0.0,0.11173638328909874
Z07,2025-08-30 17:00:00,0,0.33400947,0.0,0.9541900634765624
Z08,2025-08-30 17:00:00,1,0.24156646,0.0,0.5394401401281357
Z09,2025-08-30 17:00:00,0,0.17445165,0.0,0.36859632432460787
Z10,2025-08-30 17:00:00,0,0.8131874,0.0,1.0
Z01,2025-08-30 18:00:00,1,0.077870555,0.008603911846876144,0.14713719859719276
Z02,2025-08-30 18:00:00,0,0.033597153,0.0,0.10286379605531693
Z03,2025-08-30 18:00:00,1,0.6539638,0.0,1.0
Z04,2025-08-30 18:00:00,0,0.16122304,0.0,0.35536771416664126
Z05,2025-08-30 18:00:00,1,0.67236054,0.0,1.0
Z06,2025-08-30 18:00:00,0,0.20478517,0.0,0.5026588439941406
Z07,2025-08-30 18:00:00,0,0.19032328,0.0,0.38446795344352724
Z08,2025-08-30 18:00:00,1,0.47719407,0.0,1.0
Z09,2025-08-30 18:00:00,0,0.04543516,0.0,0.11470180377364159
Z10,2025-08-30 18:00:00,0,0.25858587,0.0,0.5564595460891724
Z01,2025-08-30 19:00:00,1,0.9807835,0.895992088317871,1.0
Z02,2025-08-30 19:00:00,1,0.9768793,0.8920878648757934,1.0
Z03,2025-08-30 19:00:00,1,0.9907712,0.9059797406196594,1.0
Z04,2025-08-30 19:00:00,1,0.99431205,0.9095206141471862,1.0
Z05,2025-08-30 19:00:00,1,0.96716624,0.8823748111724853,1.0
Z06,2025-08-30 19:00:00,0,0.93023497,0.8454435348510742,1.0
Z07,2025-08-30 19:00:00,1,0.9851719,0.9003804802894592,1.0
Z08,2025-08-30 19:00:00,1,0.9615624,0.8767709612846374,1.0
Z09,2025-08-30 19:00:00,1,0.9849429,0.9001514792442321,1.0
Z10,2025-08-30 19:00:00,1,0.9897626,0.904971170425415,1.0
Z01,2025-08-30 20:00:00,1,0.98576224,0.9009708046913146,1.0
Z02,2025-08-30 20:00:00,1,0.9928572,0.9080657839775085,1.0
Z03,2025-08-30 20:00:00,1,0.9890478,0.9042563915252685,1.0
Z04,2025-08-30 20:00:00,1,0.9904282,0.9056367754936218,1.0
Z05,2025-08-30 20:00:00,1,0.9804216,0.8956301689147949,1.0
Z06,2025-08-30 20:00:00,1,0.9831256,0.8983341932296752,1.0
Z07,2025-08-30 20:00:00,1,0.98625386,0.901462423801422,1.0
Z08,2025-08-30 20:00:00,1,0.93901753,0.8542261004447936,1.0
Z09,2025-08-30 20:00:00,0,0.9334655,0.8486740469932555,1.0
Z10,2025-08-30 20:00:00,1,0.98917097,0.9043795347213744,1.0
Z01,2025-08-30 21:00:00,0,0.81530184,0.0,1.0
Z02,2025-08-30 21:00:00,1,0.87919474,0.006962382793426536,1.0
Z03,2025-08-30 21:00:00,0,0.65163827,0.0,1.0
Z04,2025-08-30 21:00:00,1,0.968775,0.8839835405349731,1.0
Z05,2025-08-30 21:00:00,1,0.7116225,0.0,1.0
Z06,2025-08-30 21:00:00,1,0.97200125,0.8872098207473754,1.0
Z07,2025-08-30 21:00:00,0,0.3398064,0.0,0.9599870026111602
Z08,2025-08-30 21:00:00,1,0.9334259,0.8486344695091247,1.0
Z09,2025-08-30 21:00:00,0,0.27045804,0.0,0.5683317184448242
Z10,2025-08-30 21:00:00,0,0.45716518,0.0,1.0
Z01,2025-08-30 22:00:00,1,0.7123623,0.0,1.0
Z02,2025-08-30 22:00:00,1,0.96937805,0.8845866203308105,1.0
Z03,2025-08-30 22:00:00,0,0.6990187,0.020138597488403298,1.0
Z04,2025-08-30 22:00:00,1,0.907619,0.8228275656700134,0.992410433292389
Z05,2025-08-30 22:00:00,1,0.9766976,0.891906189918518,1.0
Z06,2025-08-30 22:00:00,1,0.98636276,0.9015713214874267,1.0
Z07,2025-08-30 22:00:00,0,0.23958251,0.0,0.5374561846256256
Z08,2025-08-30 22:00:00,1,0.99205524,0.9072638034820556,1.0
Z09,2025-08-30 22:00:00,0,0.60693526,0.0,1.0
Z10,2025-08-30 22:00:00,0,0.97560227,0.8908108353614806,1.0
Z01,2025-08-30 23:00:00,0,0.0085911285,0.0,0.07785777188837528
Z02,2025-08-30 23:00:00,0,0.009041295,0.0,0.07830793876200914
Z03,2025-08-30 23:00:00,0,0.00875981,0.0,0.07802645303308964
Z04,2025-08-30 23:00:00,0,0.009192187,0.0,0.07845883071422577
Z05,2025-08-30 23:00:00,0,0.010707624,0.0,0.07997426763176918
Z06,2025-08-30 23:00:00,0,0.013302202,0.0,0.08256884571164846
Z07,2025-08-30 23:00:00,0,0.010060467,0.0,0.07932711020112038
Z08,2025-08-30 23:00:00,0,0.011778009,0.0,0.08104465249925852
Z09,2025-08-30 23:00:00,0,0.008481269,0.0,0.07774791214615107
Z10,2025-08-30 23:00:00,0,0.08749539,0.018228743225336075,0.1567620299756527
Z01,2025-08-31 00:00:00,0,0.010960647,0.0,0.08022729028016329
Z02,2025-08-31 00:00:00,0,0.011222904,0.0,0.08048954699188471
Z03,2025-08-31 00:00:00,0,0.018040728,0.0,0.08730737119913101
Z04,2025-08-31 00:00:00,0,0.011007319,0.0,0.08027396257966757
Z05,2025-08-31 00:00:00,0,0.09739582,0.028129179030656815,0.16666246578097343
Z06,2025-08-31 00:00:00,0,0.011738685,0.0,0.08100532833486795
Z07,2025-08-31 00:00:00,0,0.057066344,0.0,0.12633298709988594
Z08,2025-08-31 00:00:00,0,0.010803916,0.0,0.08007055893540382
Z09,2025-08-31 00:00:00,0,0.029393405,0.0,0.09866004809737206
Z10,2025-08-31 00:00:00,0,0.063648835,0.0,0.13291547819972038
Z01,2025-08-31 01:00:00,0,0.088802114,0.019535470753908157,0.15806875750422478
Z02,2025-08-31 01:00:00,0,0.010743044,0.0,0.08000968769192696
Z03,2025-08-31 01:00:00,0,0.010513479,0.0,0.07978012226521969
Z04,2025-08-31 01:00:00,0,0.028237728,0.0,0.09750437177717686
Z05,2025-08-31 01:00:00,0,0.022427918,0.0,0.09169456176459789
Z06,2025-08-31 01:00:00,0,0.010960647,0.0,0.08022729028016329
Z07,2025-08-31 01:00:00,0,0.03374938,0.0,0.10301602259278297
Z08,2025-08-31 01:00:00,0,0.010846724,0.0,0.08011336717754602
Z09,2025-08-31 01:00:00,0,0.012470506,0.0,0.08173714950680733
Z10,2025-08-31 01:00:00,0,0.060838662,0.0,0.13010530546307564
Z01,2025-08-31 02:00:00,0,0.011432708,0.0,0.08069935161620378
Z02,2025-08-31 02:00:00,0,0.031223863,0.0,0.1004905067384243
Z03,2025-08-31 02:00:00,0,0.010164964,0.0,0.07943160738795996
Z04,2025-08-31 02:00:00,0,0.011323492,0.0,0.08059013541787863
Z05,2025-08-31 02:00:00,0,0.056924503,0.0,0.126191146671772
Z06,2025-08-31 02:00:00,0,0.0749609,0.005694258958101273,0.1442275457084179
Z07,2025-08-31 02:00:00,0,0.026220439,0.0,0.09548708237707615
Z08,2025-08-31 02:00:00,0,0.009952005,0.0,0.07921864837408066
Z09,2025-08-31 02:00:00,0,0.010869145,0.0,0.08013578876852989
Z10,2025-08-31 02:00:00,0,0.01167183,0.0,0.08093847334384918
Z01,2025-08-31 03:00:00,0,0.01224188,0.0,0.08150852378457785
Z02,2025-08-31 03:00:00,0,0.011602949,0.0,0.08086959272623062
Z03,2025-08-31 03:00:00,0,0.009483891,0.0,0.07875053398311138
Z04,2025-08-31 03:00:00,0,0.029101895,0.0,0.09836853854358196
Z05,2025-08-31 03:00:00,0,0.077804185,0.008537542074918747,0.14707082882523537
Z06,2025-08-31 03:00:00,0,0.011945605,0.0,0.08121224865317345
Z07,2025-08-31 03:00:00,0,0.023589194,0.0,0.09285583719611168
Z08,2025-08-31 03:00:00,0,0.01104771,0.0,0.08031435310840607
Z09,2025-08-31 03:00:00,0,0.009990689,0.0,0.07925733271986246
Z10,2025-08-31 03:00:00,0,0.055630326,0.0,0.12489696964621544
Z01,2025-08-31 04:00:00,0,0.06395388,0.0,0.13322051987051964
Z02,2025-08-31 04:00:00,0,0.011824727,0.0,0.08109137043356895
Z03,2025-08-31 04:00:00,0,0.010421072,0.0,0.07968771550804377
Z04,2025-08-31 04:00:00,0,0.011630121,0.0,0.08089676406234503
Z05,2025-08-31 04:00:00,0,0.06338957,0.0,0.13265621289610863
Z06,2025-08-31 04:00:00,0,0.02301212,0.0,0.09227876365184784
Z07,2025-08-31 04:00:00,0,0.025982851,0.0,0.09524949453771114
Z08,2025-08-31 04:00:00,0,0.015221122,0.0,0.08448776509612799
Z09,2025-08-31 04:00:00,0,0.058168378,0.0,0.12743502110242844
Z10,2025-08-31 04:00:00,0,0.068586,0.0,0.13785264268517494
Z01,2025-08-31 05:00:00,0,0.010266078,0.0,0.07953272107988596
Z02,2025-08-31 05:00:00,0,0.011460545,0.0,0.08072718791663647
Z03,2025-08-31 05:00:00,0,0.014366865,0.0,0.08363350853323936
Z04,2025-08-31 05:00:00,0,0.013326928,0.0,0.08259357139468193
Z05,2025-08-31 05:00:00,0,0.02258359,0.0,0.09185023419559002
Z06,2025-08-31 05:00:00,0,0.010550255,0.0,0.0798168983310461
Z07,2025-08-31 05:00:00,0,0.17057374,0.0,0.36471841633319857
Z08,2025-08-31 05:00:00,0,0.05755196,0.0,0.12681860476732254
Z09,2025-08-31 05:00:00,0,0.030828241,0.0,0.10009488463401794
Z10,2025-08-31 05:00:00,0,0.03149973,0.0,0.100766371935606
Z01,2025-08-31 06:00:00,0,0.0120848175,0.0,0.08135146088898182
Z02,2025-08-31 06:00:00,0,0.009556479,0.0,0.07882312219589949
Z03,2025-08-31 06:00:00,0,0.041428145,0.0,0.11069478839635849
Z04,2025-08-31 06:00:00,0,0.010419641,0.0,0.07968628406524658
Z05,2025-08-31 06:00:00,0,0.0132451765,0.0,0.08251181989908218
Z06,2025-08-31 06:00:00,0,0.03787087,0.0,0.1071375124156475
Z07,2025-08-31 06:00:00,0,0.014375956,0.0,0.08364259917289019
Z08,2025-08-31 06:00:00,0,0.011126834,0.0,0.08039347734302282
Z09,2025-08-31 06:00:00,0,0.010485262,0.0,0.07975190505385399
Z10,2025-08-31 06:00:00,0,0.018781755,0.0,0.08804839849472046
Z01,2025-08-31 07:00:00,0,0.076116465,0.0068498216569423676,0.145383108407259
Z02,2025-08-31 07:00:00,0,0.03156922,0.0,0.10083586350083351
Z03,2025-08-31 07:00:00,1,0.65945655,0.0,1.0
Z04,2025-08-31 07:00:00,0,0.20145099,0.0,0.49932466447353363
Z05,2025-08-31 07:00:00,0,0.25319138,0.0,0.551065057516098
Z06,2025-08-31 07:00:00,0,0.01717023,0.0,0.08643687330186367
Z07,2025-08-31 07:00:00,0,0.087641895,0.018375251442193985,0.1569085381925106
Z08,2025-08-31 07:00:00,0,0.06589818,0.0,0.13516482338309288
Z09,2025-08-31 07:00:00,0,0.05702553,0.0,0.126292172819376
Z10,2025-08-31 07:00:00,0,0.48881415,0.0,1.0
Z01,2025-08-31 08:00:00,0,0.16686125,0.0,0.36100592613220217
Z02,2025-08-31 08:00:00,0,0.4906785,0.0,1.0
Z03,2025-08-31 08:00:00,0,0.7252179,0.0,1.0
Z04,2025-08-31 08:00:00,1,0.94417983,0.8593883991241454,1.0
Z05,2025-08-31 08:00:00,0,0.81808513,0.0,1.0
Z06,2025-08-31 08:00:00,0,0.46585602,0.0,1.0
Z07,2025-08-31 08:00:00,0,0.5254474,0.0,1.0
Z08,2025-08-31 08:00:00,0,0.5396099,0.0,1.0
Z09,2025-08-31 08:00:00,1,0.8276442,0.0,1.0
Z10,2025-08-31 08:00:00,1,0.97028303,0.8854915976524352,1.0
Z01,2025-08-31 09:00:00,1,0.9111873,0.8263958573341369,0.9959787249565125
Z02,2025-08-31 09:00:00,0,0.49956134,0.0,1.0
Z03,2025-08-31 09:00:00,1,0.7490187,0.0,1.0
Z04,2025-08-31 09:00:00,0,0.15722814,0.0,0.35137281715869906
Z05,2025-08-31 09:00:00,1,0.918341,0.8335495471954345,1.0
Z06,2025-08-31 09:00:00,1,0.6160861,0.0,1.0
Z07,2025-08-31 09:00:00,0,0.6920765,0.013196384906768777,1.0
Z08,2025-08-31 09:00:00,1,0.9572555,0.8724640488624572,1.0
Z09,2025-08-31 09:00:00,1,0.14740822,0.0,0.3415528923273087
Z10,2025-08-31 09:00:00,0,0.61438924,0.0,1.0
Z01,2025-08-31 10:00:00,0,0.12882033,0.0,0.3229650050401688
Z02,2025-08-31 10:00:00,0,0.22463351,0.0,0.5225071907043457
Z03,2025-08-31 10:00:00,0,0.12900823,0.0,0.3231529086828232
Z04,2025-08-31 10:00:00,0,0.17734088,0.0,0.3714855551719666
Z05,2025-08-31 10:00:00,0,0.12845814,0.0,0.3226028174161911
Z06,2025-08-31 10:00:00,0,0.09006423,0.02079758420586586,0.15933087095618248
Z07,2025-08-31 10:00:00,0,0.070373386,0.0011067427694797516,0.13964002951979637
Z08,2025-08-31 10:00:00,0,0.07297348,0.003706838935613632,0.14224012568593025
Z09,2025-08-31 10:00:00,0,0.15426701,0.0,0.34841168820858004
Z10,2025-08-31 10:00:00,0,0.10953741,0.0,0.30368208289146426
Z01,2025-08-31 11:00:00,0,0.010308724,0.0,0.07957536727190018
Z02,2025-08-31 11:00:00,0,0.021588938,0.0,0.09085558168590069
Z03,2025-08-31 11:00:00,0,0.00875981,0.0,0.07802645303308964
Z04,2025-08-31 11:00:00,0,0.009971833,0.0,0.07923847623169422
Z05,2025-08-31 11:00:00,0,0.009013036,0.0,0.07827967964112759
Z06,2025-08-31 11:00:00,0,0.026288161,0.0,0.09555480442941189
Z07,2025-08-31 11:00:00,0,0.012268062,0.0,0.08153470512479544
Z08,2025-08-31 11:00:00,0,0.01597194,0.0,0.08523858338594437
Z09,2025-08-31 11:00:00,0,0.014106397,0.0,0.0833730399608612
Z10,2025-08-31 11:00:00,0,0.010326788,0.0,0.07959343120455742
Z01,2025-08-31 12:00:00,0,0.36145702,0.0,0.9816376149654388
Z02,2025-08-31 12:00:00,0,0.06711582,0.0,0.13638246431946754
Z03,2025-08-31 12:00:00,1,0.69442785,0.015547728538513161,1.0
Z04,2025-08-31 12:00:00,0,0.3838341,0.0,1.0
Z05,2025-08-31 12:00:00,1,0.9853998,0.9006083488464355,1.0
Z06,2025-08-31 12:00:00,0,0.7203346,0.0,1.0
Z07,2025-08-31 12:00:00,0,0.46369618,0.0,1.0
Z08,2025-08-31 12:00:00,0,0.61152476,0.0,1.0
Z09,2025-08-31 12:00:00,1,0.97869575,0.8939043164253234,1.0
Z10,2025-08-31 12:00:00,1,0.8741017,0.0018693447113037331,1.0
Z01,2025-08-31 13:00:00,0,0.025306372,0.0,0.09457301534712315
Z02,2025-08-31 13:00:00,0,0.16936247,0.0,0.3635071456432343
Z03,2025-08-31 13:00:00,0,0.5517201,0.0,1.0
Z04,2025-08-31 13:00:00,1,0.47793424,0.0,1.0
Z05,2025-08-31 13:00:00,1,0.9051064,0.8203149914741515,0.9898978590965272
Z06,2025-08-31 13:00:00,1,0.81002474,0.0,1.0
Z07,2025-08-31 13:00:00,1,0.9643805,0.8795890688896179,1.0
Z08,2025-08-31 13:00:00,0,0.6072317,0.0,1.0
Z09,2025-08-31 13:00:00,0,0.63676876,0.0,1.0
Z10,2025-08-31 13:00:00,1,0.8991809,0.026948535442352317,1.0
Z01,2025-08-31 14:00:00,0,0.2541236,0.0,0.5519972741603851
Z02,2025-08-31 14:00:00,0,0.69441503,0.015534913539886452,1.0
Z03,2025-08-31 14:00:00,1,0.8151164,0.0,1.0
Z04,2025-08-31 14:00:00,1,0.4534773,0.0,1.0
Z05,2025-08-31 14:00:00,0,0.9750072,0.8902157425880431,1.0
Z06,2025-08-31 14:00:00,1,0.6701049,0.0,1.0
Z07,2025-08-31 14:00:00,0,0.79168546,0.005593478679656982,1.0
Z08,2025-08-31 14:00:00,0,0.23712379,0.0,0.5349974632263184
Z09,2025-08-31 14:00:00,1,0.95311236,0.8683209300041198,1.0
Z10,2025-08-31 14:00:00,1,0.76416504,0.0,1.0
Z01,2025-08-31 15:00:00,0,0.009969276,0.0,0.0792359197512269
Z02,2025-08-31 15:00:00,0,0.008844521,0.0,0.07811116427183151
Z03,2025-08-31 15:00:00,0,0.008844521,0.0,0.07811116427183151
Z04,2025-08-31 15:00:00,0,0.015906578,0.0,0.0851732213050127
Z05,2025-08-31 15:00:00,0,0.0105297165,0.0,0.07979635987430811
Z06,2025-08-31 15:00:00,0,0.011813304,0.0,0.0810799477621913
Z07,2025-08-31 15:00:00,0,0.03232964,0.0,0.10159628465771675
Z08,2025-08-31 15:00:00,0,0.0085135605,0.0,0.07778020389378071
Z09,2025-08-31 15:00:00,0,0.011006147,0.0,0.08027279004454613
Z10,2025-08-31 15:00:00,0,0.015683813,0.0,0.08495045639574528
Z01,2025-08-31 16:00:00,0,0.0101322,0.0,0.07939884345978498
Z02,2025-08-31 16:00:00,0,0.01523081,0.0,0.08449745364487171
Z03,2025-08-31 16:00:00,0,0.00875981,0.0,0.07802645303308964
Z04,2025-08-31 16:00:00,0,0.0085911285,0.0,0.07785777188837528
Z05,2025-08-31 16:00:00,0,0.16467123,0.0,0.3588159024715424
Z06,2025-08-31 16:00:00,0,0.009979508,0.0,0.07924615126103163
Z07,2025-08-31 16:00:00,0,0.01098757,0.0,0.08025421295315027
Z08,2025-08-31 16:00:00,0,0.010040859,0.0,0.07930750213563442
Z09,2025-08-31 16:00:00,0,0.021991286,0.0,0.09125792980194092
Z10,2025-08-31 16:00:00,0,0.012670824,0.0,0.08193746767938137
Z01,2025-08-31 17:00:00,1,0.16874935,0.0,0.3628940224647522
Z02,2025-08-31 17:00:00,0,0.31971622,0.0,0.939896810054779
Z03,2025-08-31 17:00:00,0,0.044966154,0.0,0.11423279717564583
Z04,2025-08-31 17:00:00,1,0.07114953,0.0018828846514225006,0.14041617140173912
Z05,2025-08-31 17:00:00,0,0.028132897,0.0,0.09739954024553299
Z06,2025-08-31 17:00:00,0,0.67354774,0.0,1.0
Z07,2025-08-31 17:00:00,1,0.6965985,0.017718350887298562,1.0
Z08,2025-08-31 17:00:00,0,0.05619645,0.0,0.1254630945622921
Z09,2025-08-31 17:00:00,1,0.4587932,0.0,1.0
Z10,2025-08-31 17:00:00,1,0.5234518,0.0,1.0
Z01,2025-08-31 18:00:00,0,0.07349383,0.004227187484502792,0.1427604742348194
Z02,2025-08-31 18:00:00,0,0.37464145,0.0,0.9948220431804656
Z03,2025-08-31 18:00:00,0,0.056298368,0.0,0.12556501105427742
Z04,2025-08-31 18:00:00,0,0.02889139,0.0,0.09815803356468678
Z05,2025-08-31 18:00:00,0,0.1504944,0.0,0.34463907182216647
Z06,2025-08-31 18:00:00,1,0.39146596,0.0,1.0
Z07,2025-08-31 18:00:00,0,0.22969131,0.0,0.5275649875402451
Z08,2025-08-31 18:00:00,0,0.14868735,0.0,0.34283202290534975
Z09,2025-08-31 18:00:00,0,0.028180152,0.0,0.09744679555296898
Z10,2025-08-31 18:00:00,0,0.067145355,0.0,0.13641199842095375
Z01,2025-08-31 19:00:00,1,0.9751526,0.8903611779212951,1.0
Z02,2025-08-31 19:00:00,1,0.99230874,0.9075173020362853,1.0
Z03,2025-08-31 19:00:00,1,0.99385554,0.9090641021728515,1.0
Z04,2025-08-31 19:00:00,1,0.95994925,0.8751578211784362,1.0
Z05,2025-08-31 19:00:00,1,0.97212493,0.8873335003852844,1.0
Z06,2025-08-31 19:00:00,1,0.9805865,0.8957950949668884,1.0
Z07,2025-08-31 19:00:00,1,0.98620045,0.9014090180397033,1.0
Z08,2025-08-31 19:00:00,0,0.87823224,0.005999886989593528,1.0
Z09,2025-08-31 19:00:00,1,0.9531088,0.8683173537254333,1.0
Z10,2025-08-31 19:00:00,1,0.8333404,0.0,1.0
Z01,2025-08-31 20:00:00,1,0.9935614,0.9087699532508849,1.0
Z02,2025-08-31 20:00:00,1,0.99105,0.9062585711479186,1.0
Z03,2025-08-31 20:00:00,1,0.98044354,0.8956521034240722,1.0
Z04,2025-08-31 20:00:00,1,0.9847168,0.8999253392219543,1.0
Z05,2025-08-31 20:00:00,1,0.9728209,0.8880294442176818,1.0
Z06,2025-08-31 20:00:00,1,0.99156183,0.9067703962326049,1.0
Z07,2025-08-31 20:00:00,1,0.93172973,0.8469383001327514,1.0
Z08,2025-08-31 20:00:00,1,0.9727356,0.8879441499710082,1.0
Z09,2025-08-31 20:00:00,0,0.9133168,0.8285253524780273,0.9981082201004029
Z10,2025-08-31 20:00:00,1,0.99156743,0.9067759990692138,1.0
Z01,2025-08-31 21:00:00,0,0.20668994,0.0,0.5045636147260666
Z02,2025-08-31 21:00:00,0,0.65954375,0.0,1.0
Z03,2025-08-31 21:00:00,1,0.6376806,0.0,1.0
Z04,2025-08-31 21:00:00,0,0.2165398,0.0,0.5144134759902954
Z05,2025-08-31 21:00:00,0,0.3871825,0.0,1.0
Z06,2025-08-31 21:00:00,0,0.843442,0.0,1.0
Z07,2025-08-31 21:00:00,0,0.69477,0.015889859199523904,1.0
Z08,2025-08-31 21:00:00,0,0.56202054,0.0,1.0
Z09,2025-08-31 21:00:00,1,0.7562561,0.0,1.0
Z10,2025-08-31 21:00:00,1,0.98653525,0.9017438173294067,1.0
Z01,2025-08-31 22:00:00,1,0.8758793,0.0036469340324402078,1.0
Z02,2025-08-31 22:00:00,1,0.7939101,0.007818102836608887,1.0
Z03,2025-08-31 22:00:00,0,0.25417134,0.0,0.5520450174808502
Z04,2025-08-31 22:00:00,1,0.9151406,0.8303491950035095,0.9999320626258851
Z05,2025-08-31 22:00:00,0,0.39841676,0.0,1.0
Z06,2025-08-31 22:00:00,1,0.9857194,0.9009279489517211,1.0
Z07,2025-08-31 22:00:00,1,0.8755115,0.0032791733741760476,1.0
Z08,2025-08-31 22:00:00,1,0.75371444,0.0,1.0
Z09,2025-08-31 22:00:00,0,0.4443572,0.0,0.9978235244750976
Z10,2025-08-31 22:00:00,1,0.97700953,0.8922181010246276,1.0
Z01,2025-08-31 23:00:00,0,0.008780043,0.0,0.07804668601602316
Z02,2025-08-31 23:00:00,0,0.009219204,0.0,0.07848584745079279
Z03,2025-08-31 23:00:00,0,0.014057882,0.0,0.08332452550530434
Z04,2025-08-31 23:00:00,0,0.018841349,0.0,0.08810799196362495
Z05,2025-08-31 23:00:00,0,0.014379402,0.0,0.08364604506641626
Z06,2025-08-31 23:00:00,0,0.009664756,0.0,0.07893139962106943
Z07,2025-08-31 23:00:00,0,0.017043775,0.0,0.08631041832268238
Z08,2025-08-31 23:00:00,0,0.008431993,0.0,0.07769863680005074
Z09,2025-08-31 23:00:00,0,0.009773183,0.0,0.07903982605785131
Z10,2025-08-31 23:00:00,0,0.009664756,0.0,0.07893139962106943
Z01,2025-09-01 00:00:00,0,0.023685155,0.0,0.09295179881155491
Z02,2025-09-01 00:00:00,0,0.074096315,0.004829671233892441,0.14336295798420906
Z03,2025-09-01 00:00:00,0,0.3428791,0.0,0.9630596816539764
Z04,2025-09-01 00:00:00,0,0.012102711,0.0,0.0813693543896079
Z05,2025-09-01 00:00:00,0,0.065245345,0.0,0.13451198861002922
Z06,2025-09-01 00:00:00,0,0.011818494,0.0,0.08108513709157705
Z07,2025-09-01 00:00:00,0,0.075214274,0.005947630852460861,0.14448091760277748
Z08,2025-09-01 00:00:00,0,0.010715719,0.0,0.07998236268758774
Z09,2025-09-01 00:00:00,0,0.0111918,0.0,0.08045844361186028
Z10,2025-09-01 00:00:00,0,0.011209444,0.0,0.08047608751803637
Z01,2025-09-01 01:00:00,0,0.06467326,0.0,0.13393990322947502
Z02,2025-09-01 01:00:00,0,0.01146002,0.0,0.08072666358202696
Z03,2025-09-01 01:00:00,0,0.015654609,0.0,0.08492125198245049
Z04,2025-09-01 01:00:00,0,0.030493451,0.0,0.09976009465754032
Z05,2025-09-01 01:00:00,0,0.21396528,0.0,0.5118389576673508
Z06,2025-09-01 01:00:00,0,0.011427714,0.0,0.08069435693323612
Z07,2025-09-01 01:00:00,0,0.06301016,0.0,0.13227680698037148
Z08,2025-09-01 01:00:00,0,0.012675031,0.0,0.08194167446345091
Z09,2025-09-01 01:00:00,0,0.012347266,0.0,0.08161390945315361
Z10,2025-09-01 01:00:00,0,0.061849155,0.0,0.13111579790711403
Z01,2025-09-01 02:00:00,0,0.028794674,0.0,0.09806131757795811
Z02,2025-09-01 02:00:00,0,0.026751138,0.0,0.09601778164505959
Z03,2025-09-01 02:00:00,0,0.017381828,0.0,0.08664847165346146
Z04,2025-09-01 02:00:00,0,0.06919289,0.0,0.13845952972769737
Z05,2025-09-01 02:00:00,0,0.0119504975,0.0,0.0812171408906579
Z06,2025-09-01 02:00:00,0,0.010255424,0.0,0.07952206768095493
Z07,2025-09-01 02:00:00,0,0.055470925,0.0,0.12473756819963455
Z08,2025-09-01 02:00:00,0,0.06695511,0.0,0.1362217552959919
Z09,2025-09-01 02:00:00,0,0.011465733,0.0,0.08073237631469965
Z10,2025-09-01 02:00:00,0,0.030385662,0.0,0.09965230524539948
Z01,2025-09-01 03:00:00,0,0.011691577,0.0,0.08095822017639875
Z02,2025-09-01 03:00:00,0,0.06903534,0.0,0.13830197975039482
Z03,2025-09-01 03:00:00,0,0.010279003,0.0,0.07954564597457647
Z04,2025-09-01 03:00:00,0,0.011172272,0.0,0.08043891564011574
Z05,2025-09-01 03:00:00,0,0.020734088,0.0,0.09000073187053204
Z06,2025-09-01 03:00:00,0,0.024873734,0.0,0.09414037689566612
Z07,2025-09-01 03:00:00,0,0.066384435,0.0,0.13565107807517052
Z08,2025-09-01 03:00:00,0,0.054017108,0.0,0.123283751308918
Z09,2025-09-01 03:00:00,0,0.01084072,0.0,0.08010736294090748
Z10,2025-09-01 03:00:00,0,0.0296823,0.0,0.09894894249737263
Z01,2025-09-01 04:00:00,0,0.052075285,0.0,0.12134192883968353
Z02,2025-09-01 04:00:00,0,0.027749248,0.0,0.09701589122414589
Z03,2025-09-01 04:00:00,0,0.011391457,0.0,0.08065810054540634
Z04,2025-09-01 04:00:00,0,0.033008534,0.0,0.10227517783641815
Z05,2025-09-01 04:00:00,0,0.024221221,0.0,0.09348786436021328
Z06,2025-09-01 04:00:00,0,0.064119,0.0,0.13338564708828926
Z07,2025-09-01 04:00:00,0,0.21307333,0.0,0.5109470039606094
Z08,2025-09-01 04:00:00,0,0.11766016,0.0,0.31180483251810076
Z09,2025-09-01 04:00:00,0,0.029932562,0.0,0.09919920563697815
Z10,2025-09-01 04:00:00,0,0.01213472,0.0,0.08140136301517487
Z01,2025-09-01 05:00:00,0,0.055627268,0.0,0.1248939111828804
Z02,2025-09-01 05:00:00,0,0.030874876,0.0,0.10014151968061924
Z03,2025-09-01 05:00:00,0,0.030645085,0.0,0.09991172887384892
Z04,2025-09-01 05:00:00,0,0.012097126,0.0,0.08136376924812794
Z05,2025-09-01 05:00:00,0,0.05445105,0.0,0.12371769174933434
Z06,2025-09-01 05:00:00,0,0.056214243,0.0,0.12548088654875755
Z07,2025-09-01 05:00:00,0,0.056366313,0.0,0.12563295662403107
Z08,2025-09-01 05:00:00,0,0.0121186795,0.0,0.08138532284647226
Z09,2025-09-01 05:00:00,0,0.010989254,0.0,0.08025589771568775
Z10,2025-09-01 05:00:00,0,0.07206811,0.0028014667332172394,0.14133475348353386
Z01,2025-09-01 06:00:00,0,0.016766401,0.0,0.0860330443829298
Z02,2025-09-01 06:00:00,0,0.009605319,0.0,0.07887196261435747
Z03,2025-09-01 06:00:00,0,0.009045604,0.0,0.07831224706023932
Z04,2025-09-01 06:00:00,0,0.0087157665,0.0,0.0779824098572135
Z05,2025-09-01 06:00:00,0,0.010669706,0.0,0.07993634976446629
Z06,2025-09-01 06:00:00,0,0.013387336,0.0,0.08265397977083921
Z07,2025-09-01 06:00:00,0,0.0104590235,0.0,0.07972566690295935
Z08,2025-09-01 06:00:00,0,0.009336187,0.0,0.07860282994806767
Z09,2025-09-01 06:00:00,0,0.008841065,0.0,0.07810770813375711
Z10,2025-09-01 06:00:00,0,0.053922247,0.0,0.12318889051675797
Z01,2025-09-01 07:00:00,0,0.018907981,0.0,0.0881746243685484
Z02,2025-09-01 07:00:00,0,0.06558603,0.0,0.13485267385840416
Z03,2025-09-01 07:00:00,0,0.015050021,0.0,0.08431666437536478
Z04,2025-09-01 07:00:00,0,0.2331043,0.0,0.5309779793024063
Z05,2025-09-01 07:00:00,0,0.01598443,0.0,0.08525107428431511
Z06,2025-09-01 07:00:00,0,0.014139493,0.0,0.08340613637119532
Z07,2025-09-01 07:00:00,1,0.6566534,0.0,1.0
Z08,2025-09-01 07:00:00,0,0.022635028,0.0,0.09190167114138603
Z09,2025-09-01 07:00:00,0,0.016420914,0.0,0.08568755723536015
Z10,2025-09-01 07:00:00,0,0.008800055,0.0,0.0780666982755065
Z01,2025-09-01 08:00:00,0,0.14713906,0.0,0.3412837326526642
Z02,2025-09-01 08:00:00,0,0.14303137,0.0,0.3371760487556458
Z03,2025-09-01 08:00:00,0,0.056738917,0.0,0.12600556015968323
Z04,2025-09-01 08:00:00,0,0.0946021,0.025335457175970078,0.1638687439262867
Z05,2025-09-01 08:00:00,0,0.11462533,0.0,0.30877000242471697
Z06,2025-09-01 08:00:00,0,0.62610656,0.0,1.0
Z07,2025-09-01 08:00:00,0,0.9546243,0.8698328614234924,1.0
Z08,2025-09-01 08:00:00,0,0.021395063,0.0,0.09066170640289783
Z09,2025-09-01 08:00:00,0,0.47103068,0.0,1.0
Z10,2025-09-01 08:00:00,1,0.9477407,0.862949240207672,1.0
Z01,2025-09-01 09:00:00,0,0.7733714,0.0,1.0
Z02,2025-09-01 09:00:00,0,0.123009585,0.0,0.3171542599797249
Z03,2025-09-01 09:00:00,0,0.09167873,0.02241208776831627,0.1609453745186329
Z04,2025-09-01 09:00:00,0,0.15294278,0.0,0.3470874518156052
Z05,2025-09-01 09:00:00,0,0.19850694,0.004362261295318609,0.3926516115665436
Z06,2025-09-01 09:00:00,1,0.40231362,0.0,0.9557799577713012
Z07,2025-09-01 09:00:00,0,0.19842501,0.004280334711074835,0.3925696849822998
Z08,2025-09-01 09:00:00,0,0.7411301,0.0,1.0
Z09,2025-09-01 09:00:00,0,0.08979899,0.02053234353661537,0.159065630286932
Z10,2025-09-01 09:00:00,0,0.1426918,0.0,0.3368364810943604
Z01,2025-09-01 10:00:00,0,0.06633956,0.0,0.13560620322823524
Z02,2025-09-01 10:00:00,0,0.040736616,0.0,0.1100032590329647
Z03,2025-09-01 10:00:00,0,0.11731046,0.0,0.31145513206720354
Z04,2025-09-01 10:00:00,0,0.09246014,0.023193497210741043,0.16172678396105766
Z05,2025-09-01 10:00:00,0,0.084220946,0.014954302459955215,0.15348758921027184
Z06,2025-09-01 10:00:00,0,0.077938415,0.008671771734952927,0.14720505848526955
Z07,2025-09-01 10:00:00,0,0.5371432,0.0,1.0
Z08,2025-09-01 10:00:00,0,0.048532456,0.0,0.11779909953474998
Z09,2025-09-01 10:00:00,0,0.10780532,0.0,0.3019499942660332
Z10,2025-09-01 10:00:00,0,0.06393447,0.0,0.13320111110806465
Z01,2025-09-01 11:00:00,0,0.008800055,0.0,0.0780666982755065
Z02,2025-09-01 11:00:00,0,0.008588315,0.0,0.07785495836287737
Z03,2025-09-01 11:00:00,0,0.009955116,0.0,0.07922175899147987
Z04,2025-09-01 11:00:00,0,0.009436579,0.0,0.07870322279632092
Z05,2025-09-01 11:00:00,0,0.015616761,0.0,0.08488340396434069
Z06,2025-09-01 11:00:00,0,0.010992866,0.0,0.08025950938463211
Z07,2025-09-01 11:00:00,0,0.012131428,0.0,0.08139807172119617
Z08,2025-09-01 11:00:00,0,0.0121224765,0.0,0.08138911984860897
Z09,2025-09-01 11:00:00,0,0.01100832,0.0,0.08027496375143528
Z10,2025-09-01 11:00:00,0,0.009746486,0.0,0.07901312969624996
Z01,2025-09-01 12:00:00,0,0.11071096,0.0,0.3048556387424469
Z02,2025-09-01 12:00:00,1,0.34402794,0.0,0.9642085313796996
Z03,2025-09-01 12:00:00,0,0.31478733,0.0,0.9349679231643676
Z04,2025-09-01 12:00:00,0,0.14314345,0.0,0.3372881203889847
Z05,2025-09-01 12:00:00,0,0.04865539,0.0,0.11792203411459923
Z06,2025-09-01 12:00:00,0,0.05228826,0.0,0.1215549036860466
Z07,2025-09-01 12:00:00,1,0.9587023,0.873910892009735,1.0
Z08,2025-09-01 12:00:00,0,0.38939595,0.0,1.0
Z09,2025-09-01 12:00:00,0,0.018202858,0.0,0.08746950142085552
Z10,2025-09-01 12:00:00,0,0.03669029,0.0,0.10595693439245224
Z01,2025-09-01 13:00:00,0,0.632579,0.0,1.0
Z02,2025-09-01 13:00:00,0,0.037514105,0.0,0.1067807488143444
Z03,2025-09-01 13:00:00,0,0.40676275,0.0,0.9602290868759155
Z04,2025-09-01 13:00:00,1,0.13569827,0.0,0.32984294891357424
Z05,2025-09-01 13:00:00,0,0.44750163,0.0,1.0
Z06,2025-09-01 13:00:00,0,0.8333153,0.0,1.0
Z07,2025-09-01 13:00:00,1,0.97082114,0.8860297083854675,1.0
Z08,2025-09-01 13:00:00,0,0.044965584,0.0,0.11423222720623016
Z09,2025-09-01 13:00:00,0,0.044655006,0.0,0.1139216497540474
Z10,2025-09-01 13:00:00,0,0.50141734,0.0,1.0
Z01,2025-09-01 14:00:00,0,0.3076903,0.0,0.927870887517929
Z02,2025-09-01 14:00:00,0,0.124238364,0.0,0.31838303953409197
Z03,2025-09-01 14:00:00,0,0.14573418,0.0,0.33987885117530825
Z04,2025-09-01 14:00:00,0,0.628461,0.0,1.0
Z05,2025-09-01 14:00:00,0,0.12367074,0.0,0.31781541705131533
Z06,2025-09-01 14:00:00,0,0.064423054,0.0,0.13368969783186913
Z07,2025-09-01 14:00:00,0,0.23617949,0.0,0.534053161740303
Z08,2025-09-01 14:00:00,0,0.29459712,0.0,0.592470794916153
Z09,2025-09-01 14:00:00,0,0.18017496,0.0,0.37431963682174685
Z10,2025-09-01 14:00:00,0,0.6025116,0.0,1.0
Z01,2025-09-01 15:00:00,0,0.009337554,0.0,0.0786041971296072
Z02,2025-09-01 15:00:00,0,0.019472273,0.0,0.08873891644179821
Z03,2025-09-01 15:00:00,0,0.009471437,0.0,0.07873808033764362
Z04,2025-09-01 15:00:00,0,0.01662872,0.0,0.0858953632414341
Z05,2025-09-01 15:00:00,0,0.00903828,0.0,0.07830492313951254
Z06,2025-09-01 15:00:00,0,0.009080471,0.0,0.07834711391478777
Z07,2025-09-01 15:00:00,0,0.010539395,0.0,0.07980603817850351
Z08,2025-09-01 15:00:00,0,0.009117234,0.0,0.07838387694209814
Z09,2025-09-01 15:00:00,0,0.008887306,0.0,0.07815394923090935
Z10,2025-09-01 15:00:00,0,0.010074391,0.0,0.07934103440493345
Z01,2025-09-01 16:00:00,0,0.009897217,0.0,0.07916386052966118
Z02,2025-09-01 16:00:00,0,0.010372023,0.0,0.07963866647332907
Z03,2025-09-01 16:00:00,0,0.009662794,0.0,0.07892943732440472
Z04,2025-09-01 16:00:00,0,0.009936526,0.0,0.07920316979289055
Z05,2025-09-01 16:00:00,0,0.009931762,0.0,0.07919840514659882
Z06,2025-09-01 16:00:00,0,0.011158915,0.0,0.0804255586117506
Z07,2025-09-01 16:00:00,0,0.018392205,0.0,0.0876588486135006
Z08,2025-09-01 16:00:00,0,0.008500048,0.0,0.07776669133454561
Z09,2025-09-01 16:00:00,0,0.008922589,0.0,0.07818923238664865
Z10,2025-09-01 16:00:00,0,0.009733378,0.0,0.07900002133101225
Z01,2025-09-01 17:00:00,0,0.05324285,0.0,0.12250949442386627
Z02,2025-09-01 17:00:00,0,0.076042704,0.006776060909032822,0.14530934765934944
Z03,2025-09-01 17:00:00,0,0.041894887,0.0,0.11116153001785278
Z04,2025-09-01 17:00:00,0,0.051436402,0.0,0.12070304527878761
Z05,2025-09-01 17:00:00,0,0.05169694,0.0,0.12096358463168144
Z06,2025-09-01 17:00:00,0,0.066377126,0.0,0.13564376905560493
Z07,2025-09-01 17:00:00,0,0.08322139,0.013954747468233109,0.15248803421854973
Z08,2025-09-01 17:00:00,0,0.10917068,0.0,0.30331535786390307
Z09,2025-09-01 17:00:00,0,0.04002901,0.0,0.10929565504193306
Z10,2025-09-01 17:00:00,0,0.13629696,0.0,0.33044163286685946
Z01,2025-09-01 18:00:00,0,0.050850905,0.0,0.12011754885315895
Z02,2025-09-01 18:00:00,0,0.042947378,0.0,0.11221402138471603
Z03,2025-09-01 18:00:00,0,0.03997022,0.0,0.10923686251044273
Z04,2025-09-01 18:00:00,0,0.05164828,0.0,0.12091492488980293
Z05,2025-09-01 18:00:00,1,0.5273718,0.0,1.0
Z06,2025-09-01 18:00:00,0,0.065425575,0.0,0.1346922181546688
Z07,2025-09-01 18:00:00,0,0.039549574,0.0,0.10881621763110161
Z08,2025-09-01 18:00:00,0,0.18247256,0.0,0.376617231965065
Z09,2025-09-01 18:00:00,0,0.079655975,0.010389331728219986,0.1489226184785366
Z10,2025-09-01 18:00:00,0,0.06348611,0.0,0.13275275006890297
Z01,2025-09-01 19:00:00,0,0.9096899,0.8248984694480895,0.9944813370704652
Z02,2025-09-01 19:00:00,1,0.95841414,0.873622703552246,1.0
Z03,2025-09-01 19:00:00,1,0.91698205,0.8321906208992004,1.0
Z04,2025-09-01 19:00:00,1,0.9771563,0.8923648476600646,1.0
Z05,2025-09-01 19:00:00,0,0.9388089,0.8540174841880798,1.0
Z06,2025-09-01 19:00:00,0,0.8845894,0.012357020378112815,1.0
Z07,2025-09-01 19:00:00,0,0.45371112,0.0,1.0
Z08,2025-09-01 19:00:00,0,0.92521656,0.8404251217842101,1.0
Z09,2025-09-01 19:00:00,1,0.7313162,0.0,1.0
Z10,2025-09-01 19:00:00,1,0.76630884,0.0,1.0
Z01,2025-09-01 20:00:00,1,0.9898634,0.9050719618797302,1.0
Z02,2025-09-01 20:00:00,0,0.09393775,0.024671103805303574,0.1632043905556202
Z03,2025-09-01 20:00:00,1,0.95964265,0.8748512148857116,1.0
Z04,2025-09-01 20:00:00,1,0.96449816,0.8797067284584045,1.0
Z05,2025-09-01 20:00:00,1,0.988064,0.9032725572586059,1.0
Z06,2025-09-01 20:00:00,1,0.9753318,0.8905403494834899,1.0
Z07,2025-09-01 20:00:00,1,0.78925574,0.003163754940032959,1.0
Z08,2025-09-01 20:00:00,1,0.84610283,0.0,1.0
Z09,2025-09-01 20:00:00,1,0.94554,0.8607485771179199,1.0
Z10,2025-09-01 20:00:00,0,0.6971448,0.018264687061309792,1.0
Z01,2025-09-01 21:00:00,1,0.45882657,0.0,1.0
Z02,2025-09-01 21:00:00,1,0.2962597,0.0,0.5941333770751953
Z03,2025-09-01 21:00:00,0,0.8483585,0.0,1.0
Z04,2025-09-01 21:00:00,0,0.2369344,0.0,0.5348080694675446
Z05,2025-09-01 21:00:00,0,0.17824894,0.0,0.37239361703395846
Z06,2025-09-01 21:00:00,0,0.078972794,0.009706150740385056,0.14823943749070168
Z07,2025-09-01 21:00:00,0,0.4582904,0.0,1.0
Z08,2025-09-01 21:00:00,0,0.3371915,0.0,0.957372087240219
Z09,2025-09-01 21:00:00,0,0.10121001,0.0,0.29535468816757204
Z10,2025-09-01 21:00:00,0,0.7003508,0.0,1.0
Z01,2025-09-01 22:00:00,0,0.85439044,0.0,1.0
Z02,2025-09-01 22:00:00,0,0.75863856,0.0,1.0
Z03,2025-09-01 22:00:00,0,0.22460067,0.0,0.5224743485450745
Z04,2025-09-01 22:00:00,0,0.036000755,0.0,0.10526739805936813
Z05,2025-09-01 22:00:00,1,0.73854697,0.0,1.0
Z06,2025-09-01 22:00:00,0,0.5451194,0.0,1.0
Z07,2025-09-01 22:00:00,1,0.7038841,0.0,1.0
Z08,2025-09-01 22:00:00,1,0.68917626,0.01029614210128782,1.0
Z09,2025-09-01 22:00:00,0,0.22069709,0.0,0.5185707658529282
Z10,2025-09-01 22:00:00,0,0.07795428,0.008687634021043777,0.1472209207713604
Z01,2025-09-01 23:00:00,0,0.014977172,0.0,0.08424381539225578
Z02,2025-09-01 23:00:00,0,0.009850507,0.0,0.07911715004593134
Z03,2025-09-01 23:00:00,0,0.022880025,0.0,0.09214666858315468
Z04,2025-09-01 23:00:00,0,0.009300461,0.0,0.07856710441410542
Z05,2025-09-01 23:00:00,0,0.00995913,0.0,0.07922577299177647
Z06,2025-09-01 23:00:00,0,0.009472179,0.0,0.07873882260173559
Z07,2025-09-01 23:00:00,0,0.00986487,0.0,0.07913151383399963
Z08,2025-09-01 23:00:00,0,0.008846426,0.0,0.07811306975781918
Z09,2025-09-01 23:00:00,0,0.015937502,0.0,0.08520414493978024
Z10,2025-09-01 23:00:00,0,0.011744689,0.0,0.0810113325715065
Z01,2025-09-02 00:00:00,0,0.027449016,0.0,0.09671565890312195
Z02,2025-09-02 00:00:00,0,0.011717872,0.0,0.08098451513797045
Z03,2025-09-02 00:00:00,0,0.018279705,0.0,0.08754634857177734
Z04,2025-09-02 00:00:00,0,0.01145136,0.0,0.08071800321340561
Z05,2025-09-02 00:00:00,0,0.021025516,0.0,0.09029215946793556
Z06,2025-09-02 00:00:00,0,0.032224067,0.0,0.10149070993065834
Z07,2025-09-02 00:00:00,0,0.029264491,0.0,0.09853113442659378
Z08,2025-09-02 00:00:00,0,0.09492139,0.02565474435687065,0.16418803110718727
Z09,2025-09-02 00:00:00,0,0.029666578,0.0,0.09893322177231312
Z10,2025-09-02 00:00:00,0,0.029150298,0.0,0.09841694124042988
Z01,2025-09-02 01:00:00,0,0.070446275,0.0011796317994594574,0.13971291854977608
Z02,2025-09-02 01:00:00,0,0.027567988,0.0,0.09683463163673878
Z03,2025-09-02 01:00:00,0,0.016326338,0.0,0.08559298142790794
Z04,2025-09-02 01:00:00,0,0.010506318,0.0,0.07977296132594347
Z05,2025-09-02 01:00:00,0,0.059149295,0.0,0.12841593846678734
Z06,2025-09-02 01:00:00,0,0.011934726,0.0,0.08120136894285679
Z07,2025-09-02 01:00:00,0,0.15295546,0.0,0.34710013270378115
Z08,2025-09-02 01:00:00,0,0.010863727,0.0,0.08013037033379078
Z09,2025-09-02 01:00:00,0,0.069438316,0.00017167255282402039,0.13870495930314064
Z10,2025-09-02 01:00:00,0,0.023877291,0.0,0.09314393438398838
Z01,2025-09-02 02:00:00,0,0.020559609,0.0,0.08982625231146812
Z02,2025-09-02 02:00:00,0,0.030271191,0.0,0.09953783452510834
Z03,2025-09-02 02:00:00,0,0.029003646,0.0,0.09827028959989548
Z04,2025-09-02 02:00:00,0,0.010892849,0.0,0.080159492790699
Z05,2025-09-02 02:00:00,0,0.14777339,0.0,0.3419180601835251
Z06,2025-09-02 02:00:00,0,0.011873277,0.0,0.08113992027938366
Z07,2025-09-02 02:00:00,0,0.02713187,0.0,0.09639851376414299
Z08,2025-09-02 02:00:00,0,0.010408692,0.0,0.0796753354370594
Z09,2025-09-02 02:00:00,0,0.02882383,0.0,0.09809047356247902
Z10,2025-09-02 02:00:00,0,0.009609026,0.0,0.07887566927820444
Z01,2025-09-02 03:00:00,0,0.010747738,0.0,0.08001438155770302
Z02,2025-09-02 03:00:00,0,0.010342156,0.0,0.07960879895836115
Z03,2025-09-02 03:00:00,0,0.01562878,0.0,0.0848954226821661
Z04,2025-09-02 03:00:00,0,0.08541171,0.016145069152116776,0.1546783559024334
Z05,2025-09-02 03:00:00,0,0.05389153,0.0,0.12315817177295685
Z06,2025-09-02 03:00:00,0,0.028066052,0.0,0.09733269549906254
Z07,2025-09-02 03:00:00,0,0.0648501,0.0,0.134116742759943
Z08,2025-09-02 03:00:00,0,0.011817846,0.0,0.0810844898223877
Z09,2025-09-02 03:00:00,0,0.023781613,0.0,0.09304825589060783
Z10,2025-09-02 03:00:00,0,0.05066543,0.0,0.11993207409977913
Z01,2025-09-02 04:00:00,0,0.021860085,0.0,0.09112672880291939
Z02,2025-09-02 04:00:00,0,0.012764342,0.0,0.08203098550438881
Z03,2025-09-02 04:00:00,0,0.01501821,0.0,0.08428485319018364
Z04,2025-09-02 04:00:00,0,0.029678686,0.0,0.09894532896578312
Z05,2025-09-02 04:00:00,0,0.05605788,0.0,0.1253245249390602
Z06,2025-09-02 04:00:00,0,0.012084624,0.0,0.0813512671738863
Z07,2025-09-02 04:00:00,0,0.025466017,0.0,0.09473266080021858
Z08,2025-09-02 04:00:00,0,0.052582692,0.0,0.12184933573007584
Z09,2025-09-02 04:00:00,0,0.00949823,0.0,0.07876487355679274
Z10,2025-09-02 04:00:00,0,0.033678405,0.0,0.10294504836201668
Z01,2025-09-02 05:00:00,0,0.011142847,0.0,0.08040949050337076
Z02,2025-09-02 05:00:00,0,0.016711151,0.0,0.08597779460251331
Z03,2025-09-02 05:00:00,0,0.010340243,0.0,0.07960688602179289
Z04,2025-09-02 05:00:00,0,0.011942488,0.0,0.08120913151651621
Z05,2025-09-02 05:00:00,0,0.070508614,0.001241970807313919,0.13977525755763054
Z06,2025-09-02 05:00:00,0,0.014604878,0.0,0.0838715210556984
Z07,2025-09-02 05:00:00,1,0.2066104,0.0,0.5044840723276138
Z08,2025-09-02 05:00:00,0,0.0127971135,0.0,0.08206375688314438
Z09,2025-09-02 05:00:00,0,0.03255129,0.0,0.10181793197989464
Z10,2025-09-02 05:00:00,1,0.06632827,0.0,0.1355949155986309
Z01,2025-09-02 06:00:00,1,0.97974056,0.8949491262435912,1.0
Z02,2025-09-02 06:00:00,1,0.75254285,0.0,1.0
Z03,2025-09-02 06:00:00,0,0.98596305,0.9011716127395629,1.0
Z04,2025-09-02 06:00:00,1,0.90083665,0.8160452127456664,0.9856280803680421
Z05,2025-09-02 06:00:00,1,0.98504204,0.9002506017684936,1.0
Z06,2025-09-02 06:00:00,1,0.9885053,0.9037138700485229,1.0
Z07,2025-09-02 06:00:00,1,0.66147244,0.0,1.0
Z08,2025-09-02 06:00:00,0,0.70742106,0.0,1.0
Z09,2025-09-02 06:00:00,1,0.9281704,0.8433789491653442,1.0
Z10,2025-09-02 06:00:00,0,0.868673,0.0,1.0
Z01,2025-09-02 07:00:00,0,0.04682642,0.0,0.11609306186437607
Z02,2025-09-02 07:00:00,0,0.057494868,0.0,0.1267615109682083
Z03,2025-09-02 07:00:00,0,0.11542008,0.0,0.30956475585699084
Z04,2025-09-02 07:00:00,0,0.024141056,0.0,0.09340769983828068
Z05,2025-09-02 07:00:00,0,0.26541436,0.0,0.5632880330085754
Z06,2025-09-02 07:00:00,0,0.025353279,0.0,0.09461992233991623
Z07,2025-09-02 07:00:00,0,0.040636122,0.0,0.1099027656018734
Z08,2025-09-02 07:00:00,0,0.03356877,0.0,0.10283541306853294
Z09,2025-09-02 07:00:00,0,0.10622376,0.0,0.3003684371709824
Z10,2025-09-02 07:00:00,0,0.027323194,0.0,0.0965898372232914
Z01,2025-09-02 08:00:00,0,0.54667586,0.0,1.0
Z02,2025-09-02 08:00:00,0,0.43152067,0.0,0.9849870085716247
Z03,2025-09-02 08:00:00,1,0.92712533,0.8423339009284972,1.0
Z04,2025-09-02 08:00:00,1,0.7838534,0.0,1.0
Z05,2025-09-02 08:00:00,0,0.2565675,0.0,0.5544411838054657
Z06,2025-09-02 08:00:00,1,0.7088835,0.0,1.0
Z07,2025-09-02 08:00:00,1,0.96884066,0.8840492248535156,1.0
Z08,2025-09-02 08:00:00,0,0.415135,0.0,0.9686013340950012
Z09,2025-09-02 08:00:00,1,0.6146014,0.0,1.0
Z10,2025-09-02 08:00:00,0,0.5225086,0.0,1.0
Z01,2025-09-02 09:00:00,1,0.99218845,0.9073970198631286,1.0
Z02,2025-09-02 09:00:00,1,0.98061293,0.8958214998245239,1.0
Z03,2025-09-02 09:00:00,1,0.971854,0.8870625376701354,1.0
Z04,2025-09-02 09:00:00,1,0.98121476,0.896423327922821,1.0
Z05,2025-09-02 09:00:00,1,0.9699969,0.8852054953575134,1.0
Z06,2025-09-02 09:00:00,1,0.9777164,0.892924952507019,1.0
Z07,2025-09-02 09:00:00,0,0.9788047,0.8940132737159728,1.0
Z08,2025-09-02 09:00:00,1,0.9918291,0.9070376634597778,1.0
Z09,2025-09-02 09:00:00,1,0.965363,0.8805715918540954,1.0
Z10,2025-09-02 09:00:00,1,0.98994726,0.9051558256149291,1.0
Z01,2025-09-02 10:00:00,0,0.15266481,0.0,0.34680948555469515
Z02,2025-09-02 10:00:00,1,0.91458833,0.8297968983650207,0.9993797659873963
Z03,2025-09-02 10:00:00,0,0.108778834,0.0,0.30292350947856905
Z04,2025-09-02 10:00:00,0,0.2928835,0.0,0.5907571613788605
Z05,2025-09-02 10:00:00,0,0.46330434,0.0,1.0
Z06,2025-09-02 10:00:00,0,0.08680588,0.017539236694574356,0.15607252344489098
Z07,2025-09-02 10:00:00,0,0.19371697,0.0,0.38786164820194247
Z08,2025-09-02 10:00:00,0,0.11626883,0.0,0.3104135036468506
Z09,2025-09-02 10:00:00,0,0.26901346,0.0,0.5668871402740479
Z10,2025-09-02 10:00:00,1,0.769286,0.0,1.0
Z01,2025-09-02 11:00:00,0,0.0105024725,0.0,0.07976911589503288
Z02,2025-09-02 11:00:00,0,0.030248623,0.0,0.09951526671648026
Z03,2025-09-02 11:00:00,0,0.010819934,0.0,0.08008657768368721
Z04,2025-09-02 11:00:00,0,0.010738415,0.0,0.08000505808740854
Z05,2025-09-02 11:00:00,0,0.017508697,0.0,0.08677534013986588
Z06,2025-09-02 11:00:00,0,0.02092591,0.0,0.09019255265593529
Z07,2025-09-02 11:00:00,0,0.016731182,0.0,0.08599782548844814
Z08,2025-09-02 11:00:00,0,0.01479089,0.0,0.08405753318220377
Z09,2025-09-02 11:00:00,0,0.010354706,0.0,0.07962134946137667
Z10,2025-09-02 11:00:00,0,0.01105962,0.0,0.08032626379281282
Z01,2025-09-02 12:00:00,1,0.9936737,0.9088822484016418,1.0
Z02,2025-09-02 12:00:00,1,0.994787,0.9099955439567565,1.0
Z03,2025-09-02 12:00:00,1,0.9861713,0.9013798713684081,1.0
Z04,2025-09-02 12:00:00,1,0.9936719,0.9088804602622985,1.0
Z05,2025-09-02 12:00:00,1,0.9910575,0.9062660813331603,1.0
Z06,2025-09-02 12:00:00,1,0.9951249,0.9103334426879882,1.0
Z07,2025-09-02 12:00:00,1,0.9946912,0.9098997592926025,1.0
Z08,2025-09-02 12:00:00,1,0.9941613,0.9093698740005492,1.0
Z09,2025-09-02 12:00:00,1,0.99007356,0.9052821278572082,1.0
Z10,2025-09-02 12:00:00,1,0.9919355,0.9071440577507018,1.0
Z01,2025-09-02 13:00:00,0,0.85820067,0.0,1.0
Z02,2025-09-02 13:00:00,0,0.5838332,0.0,1.0
Z03,2025-09-02 13:00:00,1,0.9601376,0.8753461718559264,1.0
Z04,2025-09-02 13:00:00,1,0.9891123,0.9043208837509155,1.0
Z05,2025-09-02 13:00:00,0,0.8414273,0.0,1.0
Z06,2025-09-02 13:00:00,1,0.9086558,0.8238643884658813,0.9934472560882569
Z07,2025-09-02 13:00:00,1,0.98421174,0.8994203090667724,1.0
Z08,2025-09-02 13:00:00,1,0.9425202,0.8577287673950195,1.0
Z09,2025-09-02 13:00:00,1,0.9752059,0.8904144644737243,1.0
Z10,2025-09-02 13:00:00,1,0.9695015,0.8847100615501403,1.0
Z01,2025-09-02 14:00:00,1,0.99488646,0.9100950241088867,1.0
Z02,2025-09-02 14:00:00,1,0.99488646,0.9100950241088867,1.0
Z03,2025-09-02 14:00:00,1,0.99462247,0.9098310351371764,1.0
Z04,2025-09-02 14:00:00,1,0.9941261,0.909334647655487,1.0
Z05,2025-09-02 14:00:00,1,0.9946131,0.9098216772079467,1.0
Z06,2025-09-02 14:00:00,1,0.9948527,0.9100612878799438,1.0
Z07,2025-09-02 14:00:00,1,0.98844403,0.9036525964736938,1.0
Z08,2025-09-02 14:00:00,1,0.9948527,0.9100612878799438,1.0
Z09,2025-09-02 14:00:00,1,0.9946131,0.9098216772079467,1.0
Z10,2025-09-02 14:00:00,1,0.9946138,0.909822392463684,1.0
Z01,2025-09-02 15:00:00,1,0.5262644,0.0,1.0
Z02,2025-09-02 15:00:00,0,0.0796112,0.010344553738832474,0.1488778404891491
Z03,2025-09-02 15:00:00,0,0.43848494,0.0,0.9919512748718261
Z04,2025-09-02 15:00:00,0,0.49796602,0.0,1.0
Z05,2025-09-02 15:00:00,0,0.11875083,0.0,0.31289550811052325
Z06,2025-09-02 15:00:00,0,0.2682854,0.0,0.5661590695381165
Z07,2025-09-02 15:00:00,0,0.21550013,0.0,0.5133738070726395
Z08,2025-09-02 15:00:00,0,0.6441887,0.0,1.0
Z09,2025-09-02 15:00:00,0,0.18172446,0.0,0.3758691340684891
Z10,2025-09-02 15:00:00,0,0.5159593,0.0,1.0
Z01,2025-09-02 16:00:00,0,0.5789105,0.0,1.0
Z02,2025-09-02 16:00:00,0,0.27623078,0.0,0.5741044580936432
Z03,2025-09-02 16:00:00,0,0.6016676,0.0,1.0
Z04,2025-09-02 16:00:00,0,0.31968835,0.0,0.9398689448833465
Z05,2025-09-02 16:00:00,0,0.647671,0.0,1.0
Z06,2025-09-02 16:00:00,1,0.7871025,0.0010105371475219727,1.0
Z07,2025-09-02 16:00:00,0,0.18561718,0.0,0.3797618538141251
Z08,2025-09-02 16:00:00,1,0.77901626,0.0,1.0
Z09,2025-09-02 16:00:00,1,0.50462186,0.0,1.0
Z10,2025-09-02 16:00:00,1,0.7390917,0.0,1.0
Z01,2025-09-02 17:00:00,0,0.8174252,0.0,1.0
Z02,2025-09-02 17:00:00,1,0.90804917,0.8232577323913574,0.992840600013733
Z03,2025-09-02 17:00:00,0,0.55450785,0.0,1.0
Z04,2025-09-02 17:00:00,0,0.9355412,0.8507497787475585,1.0
Z05,2025-09-02 17:00:00,1,0.9523197,0.8675282478332519,1.0
Z06,2025-09-02 17:00:00,1,0.98758507,0.9027936339378356,1.0
Z07,2025-09-02 17:00:00,1,0.9499564,0.8651649832725524,1.0
Z08,2025-09-02 17:00:00,1,0.839207,0.0,1.0
Z09,2025-09-02 17:00:00,0,0.8620414,0.0,1.0
Z10,2025-09-02 17:00:00,1,0.6929684,0.014088308811187722,1.0
Z01,2025-09-02 18:00:00,0,0.39311275,0.0,1.0
Z02,2025-09-02 18:00:00,0,0.5848279,0.0,1.0
Z03,2025-09-02 18:00:00,1,0.97862405,0.8938326120376586,1.0
Z04,2025-09-02 18:00:00,0,0.32405415,0.0,0.9442347466945648
Z05,2025-09-02 18:00:00,1,0.60438967,0.0,1.0
Z06,2025-09-02 18:00:00,1,0.45932293,0.0,1.0
Z07,2025-09-02 18:00:00,0,0.36312655,0.0,0.9833071410655975
Z08,2025-09-02 18:00:00,0,0.32475668,0.0,0.9449372768402099
Z09,2025-09-02 18:00:00,0,0.3797781,0.0,0.9999586820602416
Z10,2025-09-02 18:00:00,1,0.39914522,0.0,1.0
Z01,2025-09-02 19:00:00,1,0.99516946,0.9103780269622802,1.0
Z02,2025-09-02 19:00:00,1,0.99516946,0.9103780269622802,1.0
Z03,2025-09-02 19:00:00,1,0.99516946,0.9103780269622802,1.0
Z04,2025-09-02 19:00:00,1,0.99516946,0.9103780269622802,1.0
Z05,2025-09-02 19:00:00,1,0.99516946,0.9103780269622802,1.0
Z06,2025-09-02 19:00:00,1,0.99516946,0.9103780269622802,1.0
Z07,2025-09-02 19:00:00,1,0.99516946,0.9103780269622802,1.0
Z08,2025-09-02 19:00:00,1,0.9951734,0.9103819608688354,1.0
Z09,2025-09-02 19:00:00,1,0.99516946,0.9103780269622802,1.0
Z10,2025-09-02 19:00:00,1,0.99516946,0.9103780269622802,1.0
Z01,2025-09-02 20:00:00,1,0.9019575,0.8171660780906677,0.9867489457130433
Z02,2025-09-02 20:00:00,1,0.99073386,0.90594242811203,1.0
Z03,2025-09-02 20:00:00,1,0.98790145,0.9031100153923034,1.0
Z04,2025-09-02 20:00:00,1,0.97484154,0.8900501012802123,1.0
Z05,2025-09-02 20:00:00,1,0.99233013,0.9075387001037597,1.0
Z06,2025-09-02 20:00:00,0,0.97339106,0.8885996222496032,1.0
Z07,2025-09-02 20:00:00,1,0.98309696,0.8983055233955383,1.0
Z08,2025-09-02 20:00:00,1,0.9816793,0.8968878865242004,1.0
Z09,2025-09-02 20:00:00,1,0.99140745,0.9066160202026367,1.0
Z10,2025-09-02 20:00:00,1,0.88846713,0.01623477935791018,1.0
Z01,2025-09-02 21:00:00,1,0.87316036,0.000928008556365989,1.0
Z02,2025-09-02 21:00:00,0,0.95603,0.8712385773658752,1.0
Z03,2025-09-02 21:00:00,1,0.9903155,0.9055240631103515,1.0
Z04,2025-09-02 21:00:00,1,0.5369062,0.0,1.0
Z05,2025-09-02 21:00:00,1,0.9941585,0.9093670725822448,1.0
Z06,2025-09-02 21:00:00,1,0.994467,0.9096755862236022,1.0
Z07,2025-09-02 21:00:00,1,0.98750967,0.9027182340621948,1.0
Z08,2025-09-02 21:00:00,1,0.9928174,0.9080259680747985,1.0
Z09,2025-09-02 21:00:00,1,0.9768569,0.8920654535293578,1.0
Z10,2025-09-02 21:00:00,1,0.952978,0.8681865811347961,1.0
Z01,2025-09-02 22:00:00,1,0.99516946,0.9103780269622802,1.0
Z02,2025-09-02 22:00:00,1,0.9951249,0.9103334426879882,1.0
Z03,2025-09-02 22:00:00,1,0.99462885,0.9098374128341674,1.0
Z04,2025-09-02 22:00:00,1,0.9947249,0.9099334955215453,1.0
Z05,2025-09-02 22:00:00,1,0.99516946,0.9103780269622802,1.0
Z06,2025-09-02 22:00:00,1,0.99516946,0.9103780269622802,1.0
Z07,2025-09-02 22:00:00,1,0.99516946,0.9103780269622802,1.0
Z08,2025-09-02 22:00:00,1,0.9951375,0.9103460788726806,1.0
Z09,2025-09-02 22:00:00,1,0.9951375,0.9103460788726806,1.0
Z10,2025-09-02 22:00:00,1,0.99477947,0.9099880337715148,1.0
Z01,2025-09-02 23:00:00,1,0.9838216,0.8990301370620727,1.0
Z02,2025-09-02 23:00:00,1,0.99173826,0.9069468259811401,1.0
Z03,2025-09-02 23:00:00,0,0.98701245,0.9022210121154784,1.0
Z04,2025-09-02 23:00:00,0,0.9172645,0.832473087310791,1.0
Z05,2025-09-02 23:00:00,1,0.98801,0.9032185554504394,1.0
Z06,2025-09-02 23:00:00,1,0.9729495,0.8881580710411071,1.0
Z07,2025-09-02 23:00:00,1,0.98999476,0.9052033305168151,1.0
Z08,2025-09-02 23:00:00,1,0.92667955,0.8418881177902221,1.0
Z09,2025-09-02 23:00:00,1,0.96019036,0.8753989219665527,1.0
Z10,2025-09-02 23:00:00,1,0.9936644,0.9088729500770568,1.0
Z01,2025-09-03 00:00:00,0,0.0117298765,0.0,0.08099651988595724
Z02,2025-09-03 00:00:00,0,0.010194537,0.0,0.0794611806049943
Z03,2025-09-03 00:00:00,0,0.01558639,0.0,0.08485303353518248
Z04,2025-09-03 00:00:00,0,0.031727195,0.0,0.10099383816123009
Z05,2025-09-03 00:00:00,0,0.022731375,0.0,0.09199801832437515
Z06,2025-09-03 00:00:00,0,0.011206343,0.0,0.0804729862138629
Z07,2025-09-03 00:00:00,0,0.013008363,0.0,0.08227500598877668
Z08,2025-09-03 00:00:00,0,0.015184064,0.0,0.08445070777088404
Z09,2025-09-03 00:00:00,0,0.013572225,0.0,0.0828388687223196
Z10,2025-09-03 00:00:00,0,0.026647814,0.0,0.09591445699334145
Z01,2025-09-03 01:00:00,0,0.010562871,0.0,0.07982951402664185
Z02,2025-09-03 01:00:00,0,0.016367981,0.0,0.0856346245855093
Z03,2025-09-03 01:00:00,0,0.01090021,0.0,0.08016685303300619
Z04,2025-09-03 01:00:00,0,0.024522312,0.0,0.09378895536065102
Z05,2025-09-03 01:00:00,0,0.060658958,0.0,0.12992560118436813
Z06,2025-09-03 01:00:00,0,0.0129486965,0.0,0.08221533987671137
Z07,2025-09-03 01:00:00,0,0.13451174,0.0,0.32865641415119173
Z08,2025-09-03 01:00:00,0,0.011130659,0.0,0.08039730228483677
Z09,2025-09-03 01:00:00,0,0.07279551,0.0035288669168949127,0.14206215366721153
Z10,2025-09-03 01:00:00,0,0.029580375,0.0,0.09884701855480671
Z01,2025-09-03 02:00:00,0,0.033473045,0.0,0.10273968800902367
Z02,2025-09-03 02:00:00,0,0.015878716,0.0,0.0851453598588705
Z03,2025-09-03 02:00:00,0,0.010380812,0.0,0.07964745536446571
Z04,2025-09-03 02:00:00,0,0.019739952,0.0,0.08900659531354904
Z05,2025-09-03 02:00:00,0,0.0114008915,0.0,0.0806675348430872
Z06,2025-09-03 02:00:00,0,0.07919556,0.009928915649652481,0.1484622023999691
Z07,2025-09-03 02:00:00,0,0.18287444,0.0,0.3770191162824631
Z08,2025-09-03 02:00:00,0,0.011132039,0.0,0.08039868250489235
Z09,2025-09-03 02:00:00,0,0.0104131475,0.0,0.07967979088425636
Z10,2025-09-03 02:00:00,0,0.012303805,0.0,0.0815704483538866
Z01,2025-09-03 03:00:00,0,0.028957888,0.0,0.09822453185915947
Z02,2025-09-03 03:00:00,0,0.02028751,0.0,0.08955415338277817
Z03,2025-09-03 03:00:00,0,0.010547095,0.0,0.07981373835355043
Z04,2025-09-03 03:00:00,0,0.012987497,0.0,0.082254140637815
Z05,2025-09-03 03:00:00,0,0.021722414,0.0,0.09098905697464943
Z06,2025-09-03 03:00:00,0,0.027461922,0.0,0.09672856517136097
Z07,2025-09-03 03:00:00,0,0.026711242,0.0,0.09597788564860821
Z08,2025-09-03 03:00:00,0,0.012331779,0.0,0.08159842249006033
Z09,2025-09-03 03:00:00,0,0.010897552,0.0,0.08016419503837824
Z10,2025-09-03 03:00:00,0,0.011965838,0.0,0.08123248163610697
Z01,2025-09-03 04:00:00,0,0.025377873,0.0,0.09464451670646667
Z02,2025-09-03 04:00:00,0,0.010800675,0.0,0.08006731793284416
Z03,2025-09-03 04:00:00,0,0.010800675,0.0,0.08006731793284416
Z04,2025-09-03 04:00:00,0,0.22184268,0.0,0.51971635222435
Z05,2025-09-03 04:00:00,0,0.042310882,0.0,0.11157752573490143
Z06,2025-09-03 04:00:00,0,0.01245024,0.0,0.08171688299626112
Z07,2025-09-03 04:00:00,0,0.026479801,0.0,0.09574644453823566
Z08,2025-09-03 04:00:00,0,0.041761275,0.0,0.11102791875600815
Z09,2025-09-03 04:00:00,0,0.010774744,0.0,0.08004138711839914
Z10,2025-09-03 04:00:00,0,0.15310517,0.0,0.34724984467029574
Z01,2025-09-03 05:00:00,0,0.071603656,0.0023370124399662018,0.14087029919028282
Z02,2025-09-03 05:00:00,0,0.02754364,0.0,0.09681028313934803
Z03,2025-09-03 05:00:00,0,0.015004187,0.0,0.08427083026617765
Z04,2025-09-03 05:00:00,0,0.07297661,0.00370996817946434,0.14224325492978096
Z05,2025-09-03 05:00:00,0,0.020261226,0.0,0.08952786959707737
Z06,2025-09-03 05:00:00,0,0.010793515,0.0,0.08006015792489052
Z07,2025-09-03 05:00:00,0,0.013089239,0.0,0.08235588204115629
Z08,2025-09-03 05:00:00,0,0.010837498,0.0,0.08010414149612188
Z09,2025-09-03 05:00:00,0,0.010509021,0.0,0.079775664024055
Z10,2025-09-03 05:00:00,0,0.02946789,0.0,0.09873453341424465
Z01,2025-09-03 06:00:00,0,0.009240877,0.0,0.07850752025842667
Z02,2025-09-03 06:00:00,0,0.009164538,0.0,0.07843118160963058
Z03,2025-09-03 06:00:00,0,0.00933852,0.0,0.07860516291111708
Z04,2025-09-03 06:00:00,0,0.009240877,0.0,0.07850752025842667
Z05,2025-09-03 06:00:00,0,0.010897917,0.0,0.08016456011682749
Z06,2025-09-03 06:00:00,0,0.009020254,0.0,0.07828689739108086
Z07,2025-09-03 06:00:00,0,0.009724714,0.0,0.0789913572371006
Z08,2025-09-03 06:00:00,0,0.008796488,0.0,0.07806313131004572
Z09,2025-09-03 06:00:00,0,0.008921767,0.0,0.07818841002881527
Z10,2025-09-03 06:00:00,0,0.009694431,0.0,0.0789610743522644
Z01,2025-09-03 07:00:00,0,0.020541767,0.0,0.08980841003358364
Z02,2025-09-03 07:00:00,0,0.018982347,0.0,0.08824899047613144
Z03,2025-09-03 07:00:00,0,0.07338387,0.004117224365472794,0.1426505111157894
Z04,2025-09-03 07:00:00,0,0.051612332,0.0,0.12087897583842278
Z05,2025-09-03 07:00:00,1,0.40935776,0.0,0.9628240942955016
Z06,2025-09-03 07:00:00,0,0.035043966,0.0,0.10431060940027237
Z07,2025-09-03 07:00:00,0,0.01205102,0.0,0.08131766319274902
Z08,2025-09-03 07:00:00,0,0.05903141,0.0,0.1282980516552925
Z09,2025-09-03 07:00:00,0,0.048134923,0.0,0.11740156635642052
Z10,2025-09-03 07:00:00,0,0.009146483,0.0,0.07841312605887651
Z01,2025-09-03 08:00:00,0,0.067729056,0.0,0.13699569925665855
Z02,2025-09-03 08:00:00,0,0.14532396,0.0,0.3394686371088028
Z03,2025-09-03 08:00:00,0,0.30386546,0.0,0.9240460574626922
Z04,2025-09-03 08:00:00,0,0.12169625,0.0,0.31584092378616335
Z05,2025-09-03 08:00:00,0,0.10817193,0.0,0.30231660753488543
Z06,2025-09-03 08:00:00,0,0.060260057,0.0,0.12952670082449913
Z07,2025-09-03 08:00:00,0,0.45549357,0.0,1.0
Z08,2025-09-03 08:00:00,1,0.34071934,0.0,0.9608999371528625
Z09,2025-09-03 08:00:00,0,0.044491854,0.0,0.11375849694013596
Z10,2025-09-03 08:00:00,0,0.13468258,0.0,0.3288272559642792
Z01,2025-09-03 09:00:00,0,0.14755931,0.0,0.3417039901018143
Z02,2025-09-03 09:00:00,0,0.07314639,0.0038797445595264435,0.14241303130984306
Z03,2025-09-03 09:00:00,0,0.52270365,0.0,1.0
Z04,2025-09-03 09:00:00,1,0.64299047,0.0,1.0
Z05,2025-09-03 09:00:00,0,0.4334361,0.0,0.9869024336338043
Z06,2025-09-03 09:00:00,0,0.35558763,0.0,0.9757682263851165
Z07,2025-09-03 09:00:00,0,0.34192044,0.0,0.9621010303497314
Z08,2025-09-03 09:00:00,0,0.2589025,0.0,0.5567761659622192
Z09,2025-09-03 09:00:00,0,0.5882346,0.0011134147644042969,1.0
Z10,2025-09-03 09:00:00,1,0.70032716,0.0,1.0
Z01,2025-09-03 10:00:00,0,0.12008264,0.0,0.3142273142933846
Z02,2025-09-03 10:00:00,0,0.03246256,0.0,0.10172920301556587
Z03,2025-09-03 10:00:00,0,0.24428977,0.0,0.5421634465456009
Z04,2025-09-03 10:00:00,0,0.062057227,0.0,0.13132387027144432
Z05,2025-09-03 10:00:00,1,0.7106837,0.0,1.0
Z06,2025-09-03 10:00:00,0,0.09724115,0.027974504977464676,0.1665077917277813
Z07,2025-09-03 10:00:00,0,0.12658049,0.0,0.32072516679763796
Z08,2025-09-03 10:00:00,0,0.07117766,0.001911018043756485,0.1404443047940731
Z09,2025-09-03 10:00:00,0,0.0418953,0.0,0.11116194352507591
Z10,2025-09-03 10:00:00,0,0.09772399,0.02845734730362892,0.16699063405394554
Z01,2025-09-03 11:00:00,0,0.009049271,0.0,0.07831591460853815
Z02,2025-09-03 11:00:00,0,0.0087859705,0.0,0.07805261388421059
Z03,2025-09-03 11:00:00,0,0.0113879405,0.0,0.0806545838713646
Z04,2025-09-03 11:00:00,0,0.009535123,0.0,0.07880176603794098
Z05,2025-09-03 11:00:00,0,0.009793051,0.0,0.07905969396233559
Z06,2025-09-03 11:00:00,0,0.009464469,0.0,0.07873111218214035
Z07,2025-09-03 11:00:00,0,0.106061846,0.0,0.30020652115345003
Z08,2025-09-03 11:00:00,0,0.009904945,0.0,0.07917158864438534
Z09,2025-09-03 11:00:00,0,0.015851319,0.0,0.08511796221137047
Z10,2025-09-03 11:00:00,0,0.010324244,0.0,0.07959088776260614
Z01,2025-09-03 12:00:00,0,0.020068444,0.0,0.08933508768677711
Z02,2025-09-03 12:00:00,0,0.48875865,0.0,1.0
Z03,2025-09-03 12:00:00,0,0.01726261,0.0,0.08652925305068493
Z04,2025-09-03 12:00:00,0,0.020430973,0.0,0.08969761617481709
Z05,2025-09-03 12:00:00,1,0.40239632,0.0,0.9558626592159271
Z06,2025-09-03 12:00:00,0,0.111904114,0.0,0.3060487896203995
Z07,2025-09-03 12:00:00,0,0.5901394,0.003018200397491455,1.0
Z08,2025-09-03 12:00:00,0,0.07108562,0.001818973571062088,0.1403522603213787
Z09,2025-09-03 12:00:00,0,0.16297375,0.0,0.35711842179298403
Z10,2025-09-03 12:00:00,0,0.37699533,0.0,0.997175920009613
Z01,2025-09-03 13:00:00,0,0.6002203,0.0,1.0
Z02,2025-09-03 13:00:00,0,0.025775757,0.0,0.0950424000620842
Z03,2025-09-03 13:00:00,0,0.33451408,0.0,0.9546946763992309
Z04,2025-09-03 13:00:00,1,0.96170276,0.8769113302230834,1.0
Z05,2025-09-03 13:00:00,0,0.039096728,0.0,0.10836337134242058
Z06,2025-09-03 13:00:00,0,0.09697193,0.02770528569817543,0.16623857244849205
Z07,2025-09-03 13:00:00,0,0.30938414,0.0,0.9295647323131561
Z08,2025-09-03 13:00:00,0,0.054877225,0.0,0.12414386868476868
Z09,2025-09-03 13:00:00,0,0.46025735,0.0,1.0
Z10,2025-09-03 13:00:00,0,0.21372439,0.0,0.511598065495491
Z01,2025-09-03 14:00:00,0,0.07823634,0.00896969810128212,0.14750298485159874
Z02,2025-09-03 14:00:00,0,0.10303864,0.0,0.29718331396579745
Z03,2025-09-03 14:00:00,0,0.049086493,0.0,0.11835313588380814
Z04,2025-09-03 14:00:00,0,0.038661577,0.0,0.10792822018265724
Z05,2025-09-03 14:00:00,0,0.386489,0.0,1.0
Z06,2025-09-03 14:00:00,0,0.027062273,0.0,0.09632891602814198
Z07,2025-09-03 14:00:00,1,0.79696244,0.01087045669555664,1.0
Z08,2025-09-03 14:00:00,0,0.017387008,0.0,0.08665365166962147
Z09,2025-09-03 14:00:00,1,0.15364984,0.0,0.34779451191425326
Z10,2025-09-03 14:00:00,0,0.022038167,0.0,0.09130481071770191
Z01,2025-09-03 15:00:00,0,0.008927001,0.0,0.07819364406168461
Z02,2025-09-03 15:00:00,0,0.0105185695,0.0,0.07978521287441254
Z03,2025-09-03 15:00:00,0,0.0113844145,0.0,0.0806510578840971
Z04,2025-09-03 15:00:00,0,0.009211425,0.0,0.07847806811332703
Z05,2025-09-03 15:00:00,0,0.0091686305,0.0,0.07843527384102345
Z06,2025-09-03 15:00:00,0,0.009268512,0.0,0.07853515539318323
Z07,2025-09-03 15:00:00,0,0.013263811,0.0,0.08253045473247766
Z08,2025-09-03 15:00:00,0,0.021359885,0.0,0.09062652848660946
Z09,2025-09-03 15:00:00,0,0.008611838,0.0,0.077878481708467
Z10,2025-09-03 15:00:00,0,0.009445699,0.0,0.07871234230697155
Z01,2025-09-03 16:00:00,0,0.0105839325,0.0,0.07985057588666677
Z02,2025-09-03 16:00:00,0,0.008949181,0.0,0.07821582444012165
Z03,2025-09-03 16:00:00,0,0.011893507,0.0,0.08116015046834946
Z04,2025-09-03 16:00:00,0,0.009296332,0.0,0.07856297492980957
Z05,2025-09-03 16:00:00,1,0.039418448,0.0,0.10868509113788605
Z06,2025-09-03 16:00:00,0,0.009556971,0.0,0.07882361393421888
Z07,2025-09-03 16:00:00,0,0.0109021375,0.0,0.08016878087073565
Z08,2025-09-03 16:00:00,0,0.009153421,0.0,0.0784200644120574
Z09,2025-09-03 16:00:00,0,0.008650612,0.0,0.07791725546121597
Z10,2025-09-03 16:00:00,0,0.015326735,0.0,0.08459337800741196
Z01,2025-09-03 17:00:00,0,0.09497727,0.02571062371134758,0.1642439104616642
Z02,2025-09-03 17:00:00,0,0.07413769,0.004871044307947159,0.14340433105826378
Z03,2025-09-03 17:00:00,0,0.043305296,0.0,0.11257193982601166
Z04,2025-09-03 17:00:00,0,0.05254535,0.0,0.12181199342012405
Z05,2025-09-03 17:00:00,0,0.045180187,0.0,0.11444683000445366
Z06,2025-09-03 17:00:00,0,0.054268632,0.0,0.12353527545928955
Z07,2025-09-03 17:00:00,0,0.114072554,0.0,0.30821722894907
Z08,2025-09-03 17:00:00,0,0.12637864,0.0,0.3205233156681061
Z09,2025-09-03 17:00:00,1,0.17911935,0.0,0.3732640236616135
Z10,2025-09-03 17:00:00,0,0.10042387,0.0,0.2945685476064682
Z01,2025-09-03 18:00:00,0,0.06770583,0.0,0.13697247579693794
Z02,2025-09-03 18:00:00,0,0.05090167,0.0,0.12016831338405609
Z03,2025-09-03 18:00:00,0,0.04682881,0.0,0.11609545350074768
Z04,2025-09-03 18:00:00,0,0.027140392,0.0,0.09640703536570072
Z05,2025-09-03 18:00:00,0,0.063975446,0.0,0.13324208930134773
Z06,2025-09-03 18:00:00,0,0.18594979,0.0,0.38009446263313296
Z07,2025-09-03 18:00:00,0,0.06667231,0.0,0.13593895360827446
Z08,2025-09-03 18:00:00,0,0.07366241,0.004395764321088791,0.1429290510714054
Z09,2025-09-03 18:00:00,0,0.09358379,0.024317149072885513,0.16285043582320213
Z10,2025-09-03 18:00:00,0,0.07961744,0.010350797325372696,0.14888408407568932
Z01,2025-09-03 19:00:00,1,0.97874683,0.8939553976058959,1.0
Z02,2025-09-03 19:00:00,1,0.9824792,0.8976877808570861,1.0
Z03,2025-09-03 19:00:00,1,0.804047,0.0,1.0
Z04,2025-09-03 19:00:00,1,0.97415507,0.8893636345863342,1.0
Z05,2025-09-03 19:00:00,1,0.7867227,0.0006307363510131836,1.0
Z06,2025-09-03 19:00:00,1,0.70749694,0.0,1.0
Z07,2025-09-03 19:00:00,0,0.9527309,0.8679394602775573,1.0
Z08,2025-09-03 19:00:00,1,0.8208259,0.0,1.0
Z09,2025-09-03 19:00:00,1,0.76779,0.0,1.0
Z10,2025-09-03 19:00:00,1,0.94302243,0.8582309961318969,1.0
Z01,2025-09-03 20:00:00,1,0.953853,0.8690615773200988,1.0
Z02,2025-09-03 20:00:00,1,0.8410563,0.0,1.0
Z03,2025-09-03 20:00:00,1,0.9710271,0.8862356424331664,1.0
Z04,2025-09-03 20:00:00,1,0.9602367,0.8754452943801879,1.0
Z05,2025-09-03 20:00:00,1,0.9024253,0.8176338553428649,0.9872167229652405
Z06,2025-09-03 20:00:00,0,0.41704193,0.0,0.9705082654953002
Z07,2025-09-03 20:00:00,1,0.94549847,0.8607070326805114,1.0
Z08,2025-09-03 20:00:00,1,0.94153255,0.8567411184310912,1.0
Z09,2025-09-03 20:00:00,0,0.82474667,0.0,1.0
Z10,2025-09-03 20:00:00,0,0.9693847,0.8845932364463805,1.0
Z01,2025-09-03 21:00:00,0,0.4971008,0.0,1.0
Z02,2025-09-03 21:00:00,1,0.837666,0.0,1.0
Z03,2025-09-03 21:00:00,0,0.52770275,0.0,1.0
Z04,2025-09-03 21:00:00,1,0.7496568,0.0,1.0
Z05,2025-09-03 21:00:00,1,0.92539084,0.8405994057655334,1.0
Z06,2025-09-03 21:00:00,0,0.13093495,0.0,0.3250796288251877
Z07,2025-09-03 21:00:00,0,0.0367028,0.0,0.10596944391727448
Z08,2025-09-03 21:00:00,1,0.89007753,0.017845177650451682,1.0
Z09,2025-09-03 21:00:00,1,0.85671747,0.0,1.0
Z10,2025-09-03 21:00:00,1,0.9278684,0.843076992034912,1.0
Z01,2025-09-03 22:00:00,0,0.27415746,0.0,0.5720311403274536
Z02,2025-09-03 22:00:00,1,0.90685624,0.8220648050308227,0.9916476726531983
Z03,2025-09-03 22:00:00,0,0.62337464,0.0,1.0
Z04,2025-09-03 22:00:00,1,0.69400024,0.015120124816894509,1.0
Z05,2025-09-03 22:00:00,0,0.5010785,0.0,1.0
Z06,2025-09-03 22:00:00,0,0.51911914,0.0,1.0
Z07,2025-09-03 22:00:00,1,0.89242184,0.02018948793411257,1.0
Z08,2025-09-03 22:00:00,1,0.98018414,0.8953927040100097,1.0
Z09,2025-09-03 22:00:00,0,0.123847336,0.0,0.3179920107126236
Z10,2025-09-03 22:00:00,1,0.90338606,0.8185946226119994,0.9881774902343751
Z01,2025-09-03 23:00:00,0,0.0087157665,0.0,0.0779824098572135
Z02,2025-09-03 23:00:00,0,0.010023928,0.0,0.07929057162255049
Z03,2025-09-03 23:00:00,0,0.009848368,0.0,0.07911501172930002
Z04,2025-09-03 23:00:00,0,0.008993521,0.0,0.0782601647078991
Z05,2025-09-03 23:00:00,0,0.012717565,0.0,0.0819842079654336
Z06,2025-09-03 23:00:00,0,0.00906085,0.0,0.07832749374210835
Z07,2025-09-03 23:00:00,0,0.04339449,0.0,0.11266113445162773
Z08,2025-09-03 23:00:00,0,0.008846426,0.0,0.07811306975781918
Z09,2025-09-03 23:00:00,0,0.008611838,0.0,0.077878481708467
Z10,2025-09-03 23:00:00,0,0.009476999,0.0,0.07874364219605923
Z01,2025-09-04 00:00:00,0,0.032855526,0.0,0.10212216898798943
Z02,2025-09-04 00:00:00,0,0.013235327,0.0,0.08250197023153305
Z03,2025-09-04 00:00:00,0,0.015713478,0.0,0.08498012088239193
Z04,2025-09-04 00:00:00,0,0.010708058,0.0,0.07997470162808895
Z05,2025-09-04 00:00:00,0,0.060951587,0.0,0.1302182301878929
Z06,2025-09-04 00:00:00,0,0.03373002,0.0,0.10299666225910187
Z07,2025-09-04 00:00:00,0,0.06527529,0.0,0.13454193249344826
Z08,2025-09-04 00:00:00,0,0.026081238,0.0,0.09534788131713867
Z09,2025-09-04 00:00:00,0,0.029072313,0.0,0.09833895601332188
Z10,2025-09-04 00:00:00,0,0.06349234,0.0,0.1327589862048626
Z01,2025-09-04 01:00:00,0,0.024676181,0.0,0.09394282475113869
Z02,2025-09-04 01:00:00,0,0.010049123,0.0,0.07931576669216156
Z03,2025-09-04 01:00:00,0,0.023415282,0.0,0.09268192574381828
Z04,2025-09-04 01:00:00,0,0.011732718,0.0,0.08099936135113239
Z05,2025-09-04 01:00:00,0,0.023396045,0.0,0.09266268834471703
Z06,2025-09-04 01:00:00,0,0.030312043,0.0,0.09957868605852127
Z07,2025-09-04 01:00:00,0,0.014488832,0.0,0.08375547546893358
Z08,2025-09-04 01:00:00,0,0.061891153,0.0,0.1311577968299389
Z09,2025-09-04 01:00:00,0,0.01145178,0.0,0.08071842323988676
Z10,2025-09-04 01:00:00,0,0.07272806,0.0034614168107509613,0.14199470356106758
Z01,2025-09-04 02:00:00,0,0.061639752,0.0,0.1309063956141472
Z02,2025-09-04 02:00:00,0,0.010428327,0.0,0.07969497051090002
Z03,2025-09-04 02:00:00,0,0.011058463,0.0,0.08032510615885258
Z04,2025-09-04 02:00:00,0,0.039360214,0.0,0.10862685739994049
Z05,2025-09-04 02:00:00,0,0.23397708,0.0,0.5318507552146912
Z06,2025-09-04 02:00:00,0,0.0122654345,0.0,0.08153207786381245
Z07,2025-09-04 02:00:00,0,0.1784298,0.0,0.3725744724273682
Z08,2025-09-04 02:00:00,0,0.03663463,0.0,0.10590127483010292
Z09,2025-09-04 02:00:00,0,0.027237877,0.0,0.09650452062487602
Z10,2025-09-04 02:00:00,0,0.011685677,0.0,0.08095232024788857
Z01,2025-09-04 03:00:00,0,0.011914303,0.0,0.08118094597011805
Z02,2025-09-04 03:00:00,0,0.010056355,0.0,0.07932299841195345
Z03,2025-09-04 03:00:00,0,0.014763094,0.0,0.0840297369286418
Z04,2025-09-04 03:00:00,0,0.011489944,0.0,0.08075658697634935
Z05,2025-09-04 03:00:00,0,0.026843017,0.0,0.0961096603423357
Z06,2025-09-04 03:00:00,0,0.07725669,0.007990043610334396,0.14652333036065102
Z07,2025-09-04 03:00:00,0,0.024207875,0.0,0.09347451850771904
Z08,2025-09-04 03:00:00,0,0.027496487,0.0,0.09676313027739525
Z09,2025-09-04 03:00:00,0,0.028532121,0.0,0.09779876470565796
Z10,2025-09-04 03:00:00,0,0.011589957,0.0,0.08085660077631474
Z01,2025-09-04 04:00:00,0,0.052901085,0.0,0.12216772884130478
Z02,2025-09-04 04:00:00,0,0.009827341,0.0,0.07909398432821035
Z03,2025-09-04 04:00:00,0,0.016587958,0.0,0.08585460111498833
Z04,2025-09-04 04:00:00,0,0.02501993,0.0,0.09428657405078411
Z05,2025-09-04 04:00:00,0,0.058897685,0.0,0.12816432863473892
Z06,2025-09-04 04:00:00,0,0.028401697,0.0,0.09766834042966366
Z07,2025-09-04 04:00:00,0,0.22943912,0.0,0.5273128002882004
Z08,2025-09-04 04:00:00,0,0.040171947,0.0,0.10943859070539474
Z09,2025-09-04 04:00:00,0,0.009819382,0.0,0.07908602524548769
Z10,2025-09-04 04:00:00,0,0.037465297,0.0,0.10673194006085396
Z01,2025-09-04 05:00:00,0,0.028440978,0.0,0.09770762175321579
Z02,2025-09-04 05:00:00,0,0.0145284915,0.0,0.08379513490945101
Z03,2025-09-04 05:00:00,0,0.029532934,0.0,0.0987995769828558
Z04,2025-09-04 05:00:00,0,0.055256933,0.0,0.12452357634902
Z05,2025-09-04 05:00:00,0,0.021572547,0.0,0.09083919040858746
Z06,2025-09-04 05:00:00,0,0.23230727,0.0,0.5301809459924698
Z07,2025-09-04 05:00:00,0,0.05612055,0.0,0.12538719177246094
Z08,2025-09-04 05:00:00,0,0.010863908,0.0,0.08013055101037025
Z09,2025-09-04 05:00:00,0,0.02121439,0.0,0.09048103354871273
Z10,2025-09-04 05:00:00,0,0.012282076,0.0,0.08154871966689825
Z01,2025-09-04 06:00:00,0,0.011087427,0.0,0.08035407029092312
Z02,2025-09-04 06:00:00,0,0.010405328,0.0,0.07967197149991989
Z03,2025-09-04 06:00:00,0,0.010555189,0.0,0.07982183247804642
Z04,2025-09-04 06:00:00,0,0.026803534,0.0,0.09607017785310745
Z05,2025-09-04 06:00:00,0,0.022251032,0.0,0.09151767566800117
Z06,2025-09-04 06:00:00,0,0.010154961,0.0,0.07942160405218601
Z07,2025-09-04 06:00:00,0,0.013007383,0.0,0.08227402623742819
Z08,2025-09-04 06:00:00,0,0.031177329,0.0,0.10044397227466106
Z09,2025-09-04 06:00:00,0,0.012777028,0.0,0.08204367104917765
Z10,2025-09-04 06:00:00,0,0.012348842,0.0,0.08161548525094986
Z01,2025-09-04 07:00:00,0,0.015594542,0.0,0.08486118540167809
Z02,2025-09-04 07:00:00,0,0.012943298,0.0,0.08220994099974632
Z03,2025-09-04 07:00:00,0,0.16342038,0.0,0.3575650542974472
Z04,2025-09-04 07:00:00,0,0.124135934,0.0,0.31828060895204546
Z05,2025-09-04 07:00:00,0,0.18019296,0.0,0.374337637424469
Z06,2025-09-04 07:00:00,0,0.1617134,0.0,0.3558580815792084
Z07,2025-09-04 07:00:00,0,0.010264329,0.0,0.07953097205609083
Z08,2025-09-04 07:00:00,0,0.05967737,0.0,0.1289440132677555
Z09,2025-09-04 07:00:00,0,0.04373964,0.0,0.11300628259778023
Z10,2025-09-04 07:00:00,0,0.01905146,0.0,0.08831810392439365
Z01,2025-09-04 08:00:00,0,0.14743395,0.0,0.34157862663269045
Z02,2025-09-04 08:00:00,0,0.114232205,0.0,0.3083768799901009
Z03,2025-09-04 08:00:00,0,0.06555411,0.0,0.13482075557112694
Z04,2025-09-04 08:00:00,0,0.64351153,0.0,1.0
Z05,2025-09-04 08:00:00,0,0.79195774,0.005865752696990967,1.0
Z06,2025-09-04 08:00:00,0,0.10322223,0.0,0.29736690372228625
Z07,2025-09-04 08:00:00,0,0.28882676,0.0,0.586700439453125
Z08,2025-09-04 08:00:00,0,0.34311578,0.0,0.9632963716983794
Z09,2025-09-04 08:00:00,0,0.29142782,0.0,0.5893014967441559
Z10,2025-09-04 08:00:00,0,0.059948597,0.0,0.12921524047851562
Z01,2025-09-04 09:00:00,0,0.030865617,0.0,0.10013226047158241
Z02,2025-09-04 09:00:00,0,0.1479429,0.0,0.3420875757932663
Z03,2025-09-04 09:00:00,0,0.63259166,0.0,1.0
Z04,2025-09-04 09:00:00,0,0.12552823,0.0,0.3196729063987732
Z05,2025-09-04 09:00:00,1,0.7980254,0.011933445930480957,1.0
Z06,2025-09-04 09:00:00,0,0.04666794,0.0,0.1159345842897892
Z07,2025-09-04 09:00:00,1,0.91688657,0.8320951342582702,1.0
Z08,2025-09-04 09:00:00,0,0.01801426,0.0,0.08728090301156044
Z09,2025-09-04 09:00:00,0,0.09123224,0.021965596824884415,0.16049888357520103
Z10,2025-09-04 09:00:00,0,0.08788859,0.01862194761633873,0.15715523436665535
Z01,2025-09-04 10:00:00,0,0.27605602,0.0,0.5739296972751617
Z02,2025-09-04 10:00:00,0,0.088362955,0.019096311181783676,0.1576295979321003
Z03,2025-09-04 10:00:00,0,0.03569685,0.0,0.10496349260210991
Z04,2025-09-04 10:00:00,0,0.15953998,0.0,0.35368465781211855
Z05,2025-09-04 10:00:00,1,0.6337324,0.0,1.0
Z06,2025-09-04 10:00:00,0,0.0737466,0.00447995588183403,0.14301324263215065
Z07,2025-09-04 10:00:00,0,0.06696856,0.0,0.13623520359396935
Z08,2025-09-04 10:00:00,0,0.039540164,0.0,0.1088068075478077
Z09,2025-09-04 10:00:00,0,0.06924886,0.0,0.13851550593972206
Z10,2025-09-04 10:00:00,1,0.2253034,0.0,0.5231770724058151
Z01,2025-09-04 11:00:00,0,0.010190799,0.0,0.07945744227617979
Z02,2025-09-04 11:00:00,0,0.009349859,0.0,0.0786165026947856
Z03,2025-09-04 11:00:00,0,0.008968269,0.0,0.07823491282761097
Z04,2025-09-04 11:00:00,0,0.015570911,0.0,0.08483755402266979
Z05,2025-09-04 11:00:00,0,0.00894721,0.0,0.07821385376155376
Z06,2025-09-04 11:00:00,0,0.009349175,0.0,0.07861581817269325
Z07,2025-09-04 11:00:00,0,0.011151578,0.0,0.08041822165250778
Z08,2025-09-04 11:00:00,0,0.008501739,0.0,0.07776838261634111
Z09,2025-09-04 11:00:00,0,0.008491584,0.0,0.0777582274749875
Z10,2025-09-04 11:00:00,0,0.009843724,0.0,0.07911036722362041
Z01,2025-09-04 12:00:00,0,0.01753025,0.0,0.08679689280688763
Z02,2025-09-04 12:00:00,0,0.29369187,0.0,0.5915655493736267
Z03,2025-09-04 12:00:00,0,0.14423734,0.0,0.33838201463222506
Z04,2025-09-04 12:00:00,0,0.06966549,0.00039884820580482483,0.13893213495612144
Z05,2025-09-04 12:00:00,0,0.07846432,0.009197678416967392,0.147730965167284
Z06,2025-09-04 12:00:00,0,0.12985967,0.0,0.32400434613227846
Z07,2025-09-04 12:00:00,0,0.15521424,0.0,0.34935891032218935
Z08,2025-09-04 12:00:00,0,0.7722836,0.0,1.0
Z09,2025-09-04 12:00:00,1,0.48586297,0.0,1.0
Z10,2025-09-04 12:00:00,0,0.64875203,0.0,1.0
Z01,2025-09-04 13:00:00,0,0.24958459,0.0,0.5474582612514496
Z02,2025-09-04 13:00:00,0,0.06565641,0.0,0.1349230520427227
Z03,2025-09-04 13:00:00,0,0.07617554,0.006908897310495377,0.145442184060812
Z04,2025-09-04 13:00:00,0,0.35810524,0.0,0.9782858371734618
Z05,2025-09-04 13:00:00,0,0.4505044,0.0,1.0
Z06,2025-09-04 13:00:00,0,0.07737848,0.00811183825135231,0.14664512500166893
Z07,2025-09-04 13:00:00,0,0.13082334,0.0,0.3249680191278458
Z08,2025-09-04 13:00:00,0,0.016399562,0.0,0.08566620573401451
Z09,2025-09-04 13:00:00,0,0.20353058,0.0,0.5014042556285858
Z10,2025-09-04 13:00:00,1,0.6331753,0.0,1.0
Z01,2025-09-04 14:00:00,0,0.04274661,0.0,0.11201325431466103
Z02,2025-09-04 14:00:00,0,0.053217705,0.0,0.12248434871435165
Z03,2025-09-04 14:00:00,0,0.18057747,0.0,0.37472214698791506
Z04,2025-09-04 14:00:00,0,0.062472563,0.0,0.13173920661211014
Z05,2025-09-04 14:00:00,0,0.11090956,0.0,0.3050542339682579
Z06,2025-09-04 14:00:00,0,0.023692023,0.0,0.09295866638422012
Z07,2025-09-04 14:00:00,0,0.35959086,0.0,0.9797714531421661
Z08,2025-09-04 14:00:00,0,0.49795964,0.0,1.0
Z09,2025-09-04 14:00:00,0,0.46330982,0.0,1.0
Z10,2025-09-04 14:00:00,0,0.19338858,0.0,0.38753325641155245
Z01,2025-09-04 15:00:00,0,0.010483154,0.0,0.07974979747086763
Z02,2025-09-04 15:00:00,0,0.008882385,0.0,0.07814902812242508
Z03,2025-09-04 15:00:00,0,0.010152139,0.0,0.07941878214478493
Z04,2025-09-04 15:00:00,0,0.013887247,0.0,0.08315389044582844
Z05,2025-09-04 15:00:00,0,0.010006114,0.0,0.07927275728434324
Z06,2025-09-04 15:00:00,0,0.009397685,0.0,0.07866432797163725
Z07,2025-09-04 15:00:00,0,0.016745677,0.0,0.08601232059299946
Z08,2025-09-04 15:00:00,0,0.013276767,0.0,0.08254341036081314
Z09,2025-09-04 15:00:00,0,0.009066057,0.0,0.07833270076662302
Z10,2025-09-04 15:00:00,0,0.008627918,0.0,0.07789456099271774
Z01,2025-09-04 16:00:00,0,0.008922491,0.0,0.07818913459777832
Z02,2025-09-04 16:00:00,0,0.011936801,0.0,0.08120344392955303
Z03,2025-09-04 16:00:00,0,0.008882385,0.0,0.07814902812242508
Z04,2025-09-04 16:00:00,0,0.008837041,0.0,0.07810368482023478
Z05,2025-09-04 16:00:00,0,0.01947277,0.0,0.08873941376805305
Z06,2025-09-04 16:00:00,0,0.008837041,0.0,0.07810368482023478
Z07,2025-09-04 16:00:00,0,0.010933676,0.0,0.08020031917840242
Z08,2025-09-04 16:00:00,0,0.008757273,0.0,0.07802391611039639
Z09,2025-09-04 16:00:00,0,0.008607487,0.0,0.0778741305693984
Z10,2025-09-04 16:00:00,0,0.008837041,0.0,0.07810368482023478
Z01,2025-09-04 17:00:00,0,0.69748145,0.0186013340950012,1.0
Z02,2025-09-04 17:00:00,0,0.027835071,0.0,0.09710171446204185
Z03,2025-09-04 17:00:00,0,0.040385723,0.0,0.10965236648917198
Z04,2025-09-04 17:00:00,0,0.12494477,0.0,0.3190894439816475
Z05,2025-09-04 17:00:00,0,0.080189906,0.010923262685537338,0.14945654943585396
Z06,2025-09-04 17:00:00,1,0.5913611,0.004239916801452637,1.0
Z07,2025-09-04 17:00:00,0,0.19936658,0.00522190928459168,0.3935112595558167
Z08,2025-09-04 17:00:00,0,0.03266437,0.0,0.10193101316690445
Z09,2025-09-04 17:00:00,0,0.29592773,0.0,0.5938014090061188
Z10,2025-09-04 17:00:00,0,0.06385478,0.0,0.13312141969799995
Z01,2025-09-04 18:00:00,0,0.08297603,0.013709384948015213,0.15224267169833183
Z02,2025-09-04 18:00:00,0,0.21483682,0.0,0.5127104967832565
Z03,2025-09-04 18:00:00,0,0.020736935,0.0,0.09000357799232006
Z04,2025-09-04 18:00:00,0,0.05100049,0.0,0.12026713415980339
Z05,2025-09-04 18:00:00,1,0.060600948,0.0,0.12986759096384048
Z06,2025-09-04 18:00:00,0,0.039509427,0.0,0.10877607017755508
Z07,2025-09-04 18:00:00,0,0.10243637,0.0,0.2965810462832451
Z08,2025-09-04 18:00:00,0,0.036848295,0.0,0.1061149388551712
Z09,2025-09-04 18:00:00,0,0.17886731,0.0,0.37301198542118075
Z10,2025-09-04 18:00:00,0,0.03931775,0.0,0.10858439281582832
Z01,2025-09-04 19:00:00,1,0.98869574,0.9039043068885803,1.0
Z02,2025-09-04 19:00:00,1,0.90651786,0.8217264294624328,0.9913092970848084
Z03,2025-09-04 19:00:00,1,0.98387766,0.8990862250328063,1.0
Z04,2025-09-04 19:00:00,1,0.97306204,0.888270604610443,1.0
Z05,2025-09-04 19:00:00,1,0.97352594,0.8887345075607299,1.0
Z06,2025-09-04 19:00:00,1,0.9713108,0.8865193605422973,1.0
Z07,2025-09-04 19:00:00,1,0.9384699,0.8536784529685973,1.0
Z08,2025-09-04 19:00:00,1,0.9038979,0.8191064476966857,0.9886893153190613
Z09,2025-09-04 19:00:00,1,0.93497604,0.8501846075057983,1.0
Z10,2025-09-04 19:00:00,1,0.9166154,0.831823992729187,1.0
Z01,2025-09-04 20:00:00,1,0.9277424,0.8429509878158569,1.0
Z02,2025-09-04 20:00:00,0,0.7664212,0.0,1.0
Z03,2025-09-04 20:00:00,1,0.9143215,0.8295300483703613,0.9991129159927369
Z04,2025-09-04 20:00:00,1,0.9933789,0.9085874438285827,1.0
Z05,2025-09-04 20:00:00,1,0.98443353,0.8996420979499816,1.0
Z06,2025-09-04 20:00:00,1,0.9857604,0.9009689569473266,1.0
Z07,2025-09-04 20:00:00,0,0.44600683,0.0,0.9994731724262237
Z08,2025-09-04 20:00:00,1,0.8384109,0.0,1.0
Z09,2025-09-04 20:00:00,1,0.9470192,0.8622277855873107,1.0
Z10,2025-09-04 20:00:00,0,0.69608855,0.017208433151245095,1.0
Z01,2025-09-04 21:00:00,0,0.12106344,0.0,0.3152081161737442
Z02,2025-09-04 21:00:00,0,0.030576458,0.0,0.09984310157597065
Z03,2025-09-04 21:00:00,1,0.7702693,0.0,1.0
Z04,2025-09-04 21:00:00,0,0.2499478,0.0,0.5478214770555496
Z05,2025-09-04 21:00:00,0,0.571693,0.0,1.0
Z06,2025-09-04 21:00:00,0,0.042798012,0.0,0.1120646558701992
Z07,2025-09-04 21:00:00,1,0.9214041,0.8366126894950866,1.0
Z08,2025-09-04 21:00:00,0,0.4817245,0.0,1.0
Z09,2025-09-04 21:00:00,0,0.50886655,0.0,1.0
Z10,2025-09-04 21:00:00,0,0.41363132,0.0,0.96709765791893
Z01,2025-09-04 22:00:00,0,0.4475332,0.0,1.0
Z02,2025-09-04 22:00:00,0,0.31773263,0.0,0.9379132270812988
Z03,2025-09-04 22:00:00,0,0.38729972,0.0,1.0
Z04,2025-09-04 22:00:00,1,0.8682664,0.0,1.0
Z05,2025-09-04 22:00:00,0,0.08878975,0.01952311024069786,0.15805639699101448
Z06,2025-09-04 22:00:00,0,0.274459,0.0,0.5723326802253723
Z07,2025-09-04 22:00:00,0,0.8717634,0.0,1.0
Z08,2025-09-04 22:00:00,0,0.5874351,0.0003139376640319824,1.0
Z09,2025-09-04 22:00:00,0,0.5128767,0.0,1.0
Z10,2025-09-04 22:00:00,1,0.97564495,0.8908535122871398,1.0
Z01,2025-09-04 23:00:00,0,0.008711364,0.0,0.07797800749540329
Z02,2025-09-04 23:00:00,0,0.011573571,0.0,0.08084021415561438
Z03,2025-09-04 23:00:00,0,0.009318513,0.0,0.07858515623956919
Z04,2025-09-04 23:00:00,0,0.008922491,0.0,0.07818913459777832
Z05,2025-09-04 23:00:00,0,0.010714269,0.0,0.07998091261833906
Z06,2025-09-04 23:00:00,0,0.00896499,0.0,0.07823163364082575
Z07,2025-09-04 23:00:00,0,0.012289593,0.0,0.08155623637139797
Z08,2025-09-04 23:00:00,0,0.008987072,0.0,0.07825371529906988
Z09,2025-09-04 23:00:00,0,0.009328728,0.0,0.07859537098556757
Z10,2025-09-04 23:00:00,0,0.020295428,0.0,0.08956207148730755
Z01,2025-09-05 00:00:00,0,0.010864291,0.0,0.080130934715271
Z02,2025-09-05 00:00:00,0,0.023462566,0.0,0.09272920899093151
Z03,2025-09-05 00:00:00,0,0.013190737,0.0,0.08245738036930561
Z04,2025-09-05 00:00:00,0,0.013908551,0.0,0.08317519444972277
Z05,2025-09-05 00:00:00,0,0.2507974,0.0,0.5486710667610168
Z06,2025-09-05 00:00:00,0,0.025931695,0.0,0.09519833885133266
Z07,2025-09-05 00:00:00,0,0.027884044,0.0,0.09715068712830544
Z08,2025-09-05 00:00:00,0,0.027750475,0.0,0.09701711870729923
Z09,2025-09-05 00:00:00,0,0.0123017365,0.0,0.08156837988644838
Z10,2025-09-05 00:00:00,0,0.022009363,0.0,0.0912760067731142
Z01,2025-09-05 01:00:00,0,0.029414648,0.0,0.09868129156529903
Z02,2025-09-05 01:00:00,0,0.013751403,0.0,0.08301804680377245
Z03,2025-09-05 01:00:00,0,0.013800842,0.0,0.08306748513132334
Z04,2025-09-05 01:00:00,0,0.06540288,0.0,0.13466952368617058
Z05,2025-09-05 01:00:00,0,0.08791296,0.018646318465471268,0.1571796052157879
Z06,2025-09-05 01:00:00,0,0.041523337,0.0,0.11078998073935509
Z07,2025-09-05 01:00:00,0,0.0808199,0.01155325397849083,0.15008654072880745
Z08,2025-09-05 01:00:00,0,0.013431944,0.0,0.08269858732819557
Z09,2025-09-05 01:00:00,0,0.030091366,0.0,0.09935800917446613
Z10,2025-09-05 01:00:00,0,0.015392064,0.0,0.08465870749205351
Z01,2025-09-05 02:00:00,0,0.078263424,0.008996780961751938,0.14753006771206856
Z02,2025-09-05 02:00:00,0,0.013812092,0.0,0.08307873550802469
Z03,2025-09-05 02:00:00,0,0.017676685,0.0,0.08694332838058472
Z04,2025-09-05 02:00:00,0,0.060177993,0.0,0.1294446364045143
Z05,2025-09-05 02:00:00,0,0.021560997,0.0,0.09082764014601707
Z06,2025-09-05 02:00:00,0,0.030926183,0.0,0.1001928262412548
Z07,2025-09-05 02:00:00,0,0.20935263,0.0,0.5072263032197952
Z08,2025-09-05 02:00:00,0,0.091136,0.02186935767531395,0.16040264442563057
Z09,2025-09-05 02:00:00,0,0.026787773,0.0,0.09605441614985466
Z10,2025-09-05 02:00:00,0,0.03153581,0.0,0.1008024550974369
Z01,2025-09-05 03:00:00,0,0.06555673,0.0,0.13482337072491646
Z02,2025-09-05 03:00:00,0,0.03152484,0.0,0.10079148411750793
Z03,2025-09-05 03:00:00,0,0.028259918,0.0,0.09752656146883965
Z04,2025-09-05 03:00:00,0,0.05427214,0.0,0.1235387846827507
Z05,2025-09-05 03:00:00,0,0.22010286,0.0,0.5179765373468399
Z06,2025-09-05 03:00:00,0,0.020547701,0.0,0.08981434442102909
Z07,2025-09-05 03:00:00,0,0.05374902,0.0,0.12301566451787949
Z08,2025-09-05 03:00:00,0,0.037173145,0.0,0.10643978789448738
Z09,2025-09-05 03:00:00,0,0.011955571,0.0,0.0812222147360444
Z10,2025-09-05 03:00:00,0,0.0245206,0.0,0.09378724358975887
Z01,2025-09-05 04:00:00,0,0.01149366,0.0,0.08076030295342207
Z02,2025-09-05 04:00:00,0,0.031378523,0.0,0.10064516589045525
Z03,2025-09-05 04:00:00,0,0.010030939,0.0,0.07929758261889219
Z04,2025-09-05 04:00:00,0,0.029958986,0.0,0.09922562912106514
Z05,2025-09-05 04:00:00,0,0.05619683,0.0,0.12546347454190254
Z06,2025-09-05 04:00:00,0,0.026444098,0.0,0.0957107413560152
Z07,2025-09-05 04:00:00,0,0.20325157,0.0,0.5011252462863922
Z08,2025-09-05 04:00:00,0,0.01175568,0.0,0.08102232310920954
Z09,2025-09-05 04:00:00,0,0.012404055,0.0,0.08167069870978594
Z10,2025-09-05 04:00:00,0,0.0213086,0.0,0.09057524427771568
Z01,2025-09-05 05:00:00,0,0.013460169,0.0,0.08272681199014187
Z02,2025-09-05 05:00:00,0,0.013859528,0.0,0.08312617149204016
Z03,2025-09-05 05:00:00,0,0.017884156,0.0,0.08715079911053181
Z04,2025-09-05 05:00:00,0,0.029649245,0.0,0.09891588799655437
Z05,2025-09-05 05:00:00,0,0.022194859,0.0,0.09146150201559067
Z06,2025-09-05 05:00:00,0,0.06792621,0.0,0.13719285652041435
Z07,2025-09-05 05:00:00,0,0.063893124,0.0,0.13315976783633232
Z08,2025-09-05 05:00:00,0,0.011763289,0.0,0.08102993201464415
Z09,2025-09-05 05:00:00,0,0.2198764,0.0,0.5177500694990158
Z10,2025-09-05 05:00:00,0,0.03954383,0.0,0.10881047323346138
Z01,2025-09-05 06:00:00,0,0.010032819,0.0,0.07929946202784777
Z02,2025-09-05 06:00:00,0,0.008651659,0.0,0.07791830226778984
Z03,2025-09-05 06:00:00,0,0.009154463,0.0,0.0784211065620184
Z04,2025-09-05 06:00:00,0,0.008508825,0.0,0.07777546811848879
Z05,2025-09-05 06:00:00,0,0.009772694,0.0,0.07903933711349964
Z06,2025-09-05 06:00:00,0,0.009660071,0.0,0.07892671413719654
Z07,2025-09-05 06:00:00,0,0.011326776,0.0,0.08059341926127672
Z08,2025-09-05 06:00:00,0,0.009965333,0.0,0.07923197653144598
Z09,2025-09-05 06:00:00,0,0.008208304,0.0,0.07747494708746672
Z10,2025-09-05 06:00:00,0,0.01727163,0.0,0.08653827384114265
Z01,2025-09-05 07:00:00,0,0.010335886,0.0,0.07960252929478884
Z02,2025-09-05 07:00:00,1,0.765672,0.0,1.0
Z03,2025-09-05 07:00:00,0,0.18875614,0.0,0.3829008132219315
Z04,2025-09-05 07:00:00,0,0.036325037,0.0,0.10559168085455894
Z05,2025-09-05 07:00:00,0,0.35985255,0.0,0.9800331473350524
Z06,2025-09-05 07:00:00,0,0.017143197,0.0,0.08640984073281288
Z07,2025-09-05 07:00:00,0,0.037621364,0.0,0.10688800737261772
Z08,2025-09-05 07:00:00,0,0.025811661,0.0,0.09507830440998077
Z09,2025-09-05 07:00:00,0,0.012268756,0.0,0.08153539896011353
Z10,2025-09-05 07:00:00,0,0.050957106,0.0,0.1202237494289875
Z01,2025-09-05 08:00:00,0,0.74686575,0.0,1.0
Z02,2025-09-05 08:00:00,0,0.10414195,0.0,0.2982866257429123
Z03,2025-09-05 08:00:00,1,0.4490425,0.0,1.0
Z04,2025-09-05 08:00:00,0,0.2019216,0.0,0.4997952729463577
Z05,2025-09-05 08:00:00,0,0.20613468,0.0,0.5040083527565002
Z06,2025-09-05 08:00:00,1,0.7430187,0.0,1.0
Z07,2025-09-05 08:00:00,0,0.63031036,0.0,1.0
Z08,2025-09-05 08:00:00,1,0.32217357,0.0,0.9423541605472564
Z09,2025-09-05 08:00:00,0,0.0648408,0.0,0.13410744443535805
Z10,2025-09-05 08:00:00,1,0.7614565,0.0,1.0
Z01,2025-09-05 09:00:00,1,0.82964134,0.0,1.0
Z02,2025-09-05 09:00:00,1,0.16768923,0.0,0.3618339091539383
Z03,2025-09-05 09:00:00,1,0.89812994,0.02589758634567263,1.0
Z04,2025-09-05 09:00:00,0,0.17827064,0.0,0.3724153131246567
Z05,2025-09-05 09:00:00,1,0.808961,0.0,1.0
Z06,2025-09-05 09:00:00,0,0.14779685,0.0,0.3419415295124054
Z07,2025-09-05 09:00:00,0,0.08548499,0.01621834561228752,0.15475163236260414
Z08,2025-09-05 09:00:00,0,0.7943261,0.008234143257141113,1.0
Z09,2025-09-05 09:00:00,0,0.12826253,0.0,0.3224072098731995
Z10,2025-09-05 09:00:00,0,0.2525839,0.0,0.5504575669765472
Z01,2025-09-05 10:00:00,0,0.043068625,0.0,0.11233526840806007
Z02,2025-09-05 10:00:00,0,0.032197934,0.0,0.10146457701921463
Z03,2025-09-05 10:00:00,0,0.05357969,0.0,0.1228463351726532
Z04,2025-09-05 10:00:00,0,0.027329208,0.0,0.09659585170447826
Z05,2025-09-05 10:00:00,0,0.08566315,0.016396503895521164,0.15492979064583778
Z06,2025-09-05 10:00:00,0,0.052306034,0.0,0.12157267704606056
Z07,2025-09-05 10:00:00,0,0.0386219,0.0,0.10788854211568832
Z08,2025-09-05 10:00:00,0,0.03049415,0.0,0.09976079314947128
Z09,2025-09-05 10:00:00,0,0.07872918,0.009462539106607437,0.14799582585692406
Z10,2025-09-05 10:00:00,0,0.23915035,0.0,0.5370240211486816
Z01,2025-09-05 11:00:00,0,0.019681118,0.0,0.08894776180386543
Z02,2025-09-05 11:00:00,0,0.008916443,0.0,0.07818308658897877
Z03,2025-09-05 11:00:00,0,0.009740496,0.0,0.07900713942945004
Z04,2025-09-05 11:00:00,0,0.009192187,0.0,0.07845883071422577
Z05,2025-09-05 11:00:00,0,0.009350558,0.0,0.07861720118671656
Z06,2025-09-05 11:00:00,0,0.008508825,0.0,0.07777546811848879
Z07,2025-09-05 11:00:00,0,0.010329751,0.0,0.07959639467298985
Z08,2025-09-05 11:00:00,0,0.014173746,0.0,0.0834403894841671
Z09,2025-09-05 11:00:00,0,0.009172513,0.0,0.07843915652483702
Z10,2025-09-05 11:00:00,0,0.009192187,0.0,0.07845883071422577
Z01,2025-09-05 12:00:00,0,0.17433372,0.0,0.36847839653491976
Z02,2025-09-05 12:00:00,0,0.17678683,0.0,0.37093150019645693
Z03,2025-09-05 12:00:00,0,0.46669108,0.0,1.0
Z04,2025-09-05 12:00:00,0,0.019615375,0.0,0.08888201788067818
Z05,2025-09-05 12:00:00,0,0.17027673,0.0,0.3644214063882828
Z06,2025-09-05 12:00:00,0,0.6818736,0.002993500232696511,1.0
Z07,2025-09-05 12:00:00,1,0.50727415,0.0,1.0
Z08,2025-09-05 12:00:00,0,0.037163496,0.0,0.10643013939261436
Z09,2025-09-05 12:00:00,0,0.09870311,0.029436465352773666,0.1679697521030903
Z10,2025-09-05 12:00:00,0,0.5071928,0.0,1.0
Z01,2025-09-05 13:00:00,0,0.06849942,0.0,0.1377660669386387
Z02,2025-09-05 13:00:00,0,0.020637838,0.0,0.08990448154509068
Z03,2025-09-05 13:00:00,0,0.036973566,0.0,0.10624020919203758
Z04,2025-09-05 13:00:00,0,0.011587576,0.0,0.08085421938449144
Z05,2025-09-05 13:00:00,1,0.44455862,0.0,0.998024958372116
Z06,2025-09-05 13:00:00,1,0.12975682,0.0,0.32390149831771853
Z07,2025-09-05 13:00:00,0,0.012559122,0.0,0.08182576578110456
Z08,2025-09-05 13:00:00,0,0.06981918,0.0005525387823581696,0.1390858255326748
Z09,2025-09-05 13:00:00,0,0.6478568,0.0,1.0
Z10,2025-09-05 13:00:00,0,0.1382798,0.0,0.33242447078228
Z01,2025-09-05 14:00:00,0,0.062680356,0.0,0.13194699957966805
Z02,2025-09-05 14:00:00,0,0.01874875,0.0,0.08801539428532124
Z03,2025-09-05 14:00:00,0,0.08762121,0.018354568630456924,0.15688785538077354
Z04,2025-09-05 14:00:00,0,0.025591278,0.0,0.09485792182385921
Z05,2025-09-05 14:00:00,0,0.06233427,0.0,0.13160091266036034
Z06,2025-09-05 14:00:00,0,0.106671005,0.0,0.3008156806230545
Z07,2025-09-05 14:00:00,0,0.01316102,0.0,0.08242766372859478
Z08,2025-09-05 14:00:00,0,0.13785627,0.0,0.33200094997882845
Z09,2025-09-05 14:00:00,0,0.5730066,0.0,1.0
Z10,2025-09-05 14:00:00,0,0.23715363,0.0,0.5350273102521896
Z01,2025-09-05 15:00:00,0,0.008780043,0.0,0.07804668601602316
Z02,2025-09-05 15:00:00,0,0.0085135605,0.0,0.07778020389378071
Z03,2025-09-05 15:00:00,0,0.009315481,0.0,0.07858212478458881
Z04,2025-09-05 15:00:00,0,0.008775471,0.0,0.07804211415350437
Z05,2025-09-05 15:00:00,0,0.02060738,0.0,0.08987402357161045
Z06,2025-09-05 15:00:00,0,0.008860331,0.0,0.07812697440385818
Z07,2025-09-05 15:00:00,0,0.010095188,0.0,0.07936183176934719
Z08,2025-09-05 15:00:00,0,0.011629583,0.0,0.08089622668921947
Z09,2025-09-05 15:00:00,0,0.008287725,0.0,0.07755436841398478
Z10,2025-09-05 15:00:00,0,0.009371119,0.0,0.07863776199519634
Z01,2025-09-05 16:00:00,0,0.008508825,0.0,0.07777546811848879
Z02,2025-09-05 16:00:00,0,0.008384373,0.0,0.0776510164141655
Z03,2025-09-05 16:00:00,0,0.009384709,0.0,0.0786513527855277
Z04,2025-09-05 16:00:00,0,0.013043183,0.0,0.08230982627719641
Z05,2025-09-05 16:00:00,0,0.009440926,0.0,0.07870756927877665
Z06,2025-09-05 16:00:00,0,0.0099709565,0.0,0.07923759985715151
Z07,2025-09-05 16:00:00,0,0.010658387,0.0,0.07992503046989441
Z08,2025-09-05 16:00:00,0,0.009294373,0.0,0.07856101635843515
Z09,2025-09-05 16:00:00,0,0.021929704,0.0,0.09119634702801704
Z10,2025-09-05 16:00:00,0,0.012162577,0.0,0.08142922073602676
Z01,2025-09-05 17:00:00,0,0.041667618,0.0,0.11093426123261452
Z02,2025-09-05 17:00:00,0,0.20110679,0.0,0.49898046255111694
Z03,2025-09-05 17:00:00,0,0.050937433,0.0,0.12020407617092133
Z04,2025-09-05 17:00:00,0,0.090924,0.02165735885500908,0.1601906456053257
Z05,2025-09-05 17:00:00,0,0.059908044,0.0,0.12917468696832657
Z06,2025-09-05 17:00:00,0,0.044587765,0.0,0.11385440826416016
Z07,2025-09-05 17:00:00,0,0.7018256,0.0,1.0
Z08,2025-09-05 17:00:00,0,0.039972953,0.0,0.1092395968735218
Z09,2025-09-05 17:00:00,0,0.035571273,0.0,0.10483791679143906
Z10,2025-09-05 17:00:00,0,0.082932115,0.013665471225976944,0.15219875797629356
Z01,2025-09-05 18:00:00,0,0.16108787,0.0,0.35523254573345187
Z02,2025-09-05 18:00:00,0,0.043509353,0.0,0.11277599632740021
Z03,2025-09-05 18:00:00,0,0.028725937,0.0,0.09799258038401604
Z04,2025-09-05 18:00:00,0,0.225978,0.0,0.523851677775383
Z05,2025-09-05 18:00:00,0,0.5304078,0.0,1.0
Z06,2025-09-05 18:00:00,1,0.120455615,0.0,0.3146002903580666
Z07,2025-09-05 18:00:00,0,0.06949098,0.000224333256483078,0.1387576200067997
Z08,2025-09-05 18:00:00,0,0.045817856,0.0,0.11508449912071228
Z09,2025-09-05 18:00:00,0,0.031691052,0.0,0.10095769539475441
Z10,2025-09-05 18:00:00,0,0.13394475,0.0,0.32808942496776583
Z01,2025-09-05 19:00:00,1,0.97185194,0.8870605111122131,1.0
Z02,2025-09-05 19:00:00,1,0.9900747,0.9052832603454589,1.0
Z03,2025-09-05 19:00:00,0,0.56344086,0.0,1.0
Z04,2025-09-05 19:00:00,1,0.74006677,0.0,1.0
Z05,2025-09-05 19:00:00,1,0.79321766,0.007125675678253174,1.0
Z06,2025-09-05 19:00:00,0,0.24413522,0.0,0.5420088917016983
Z07,2025-09-05 19:00:00,0,0.81987375,0.0,1.0
Z08,2025-09-05 19:00:00,1,0.966113,0.8813215374946594,1.0
Z09,2025-09-05 19:00:00,1,0.78550863,0.0,1.0
Z10,2025-09-05 19:00:00,1,0.99011,0.905318546295166,1.0
Z01,2025-09-05 20:00:00,1,0.9729393,0.8881478786468505,1.0
Z02,2025-09-05 20:00:00,1,0.93429947,0.8495080351829528,1.0
Z03,2025-09-05 20:00:00,0,0.8765575,0.004325175285339378,1.0
Z04,2025-09-05 20:00:00,1,0.9767369,0.891945469379425,1.0
Z05,2025-09-05 20:00:00,0,0.66969246,0.0,1.0
Z06,2025-09-05 20:00:00,0,0.25674987,0.0,0.554623544216156
Z07,2025-09-05 20:00:00,0,0.735811,0.0,1.0
Z08,2025-09-05 20:00:00,0,0.75959116,0.0,1.0
Z09,2025-09-05 20:00:00,0,0.7936911,0.0075991153717041016,1.0
Z10,2025-09-05 20:00:00,1,0.99059486,0.9058034300804138,1.0
Z01,2025-09-05 21:00:00,0,0.5063879,0.0,1.0
Z02,2025-09-05 21:00:00,0,0.7363855,0.0,1.0
Z03,2025-09-05 21:00:00,0,0.43659633,0.0,0.9900626718997955
Z04,2025-09-05 21:00:00,0,0.62863016,0.0,1.0
Z05,2025-09-05 21:00:00,0,0.65310746,0.0,1.0
Z06,2025-09-05 21:00:00,0,0.8801399,0.007907533645629905,1.0
Z07,2025-09-05 21:00:00,0,0.35591367,0.0,0.9760942637920379
Z08,2025-09-05 21:00:00,0,0.17369302,0.0,0.3678376913070679
Z09,2025-09-05 21:00:00,0,0.73943496,0.0,1.0
Z10,2025-09-05 21:00:00,0,0.059269816,0.0,0.12853645905852318
Z01,2025-09-05 22:00:00,0,0.14748871,0.0,0.34163338840007784
Z02,2025-09-05 22:00:00,0,0.07076589,0.0014992468059062958,0.14003253355622292
Z03,2025-09-05 22:00:00,1,0.76474875,0.0,1.0
Z04,2025-09-05 22:00:00,0,0.22297357,0.0,0.5208472460508347
Z05,2025-09-05 22:00:00,0,0.19318852,0.0,0.38733319342136385
Z06,2025-09-05 22:00:00,0,0.076732166,0.007465522736310959,0.14599880948662758
Z07,2025-09-05 22:00:00,0,0.0848728,0.015606153756380081,0.1541394405066967
Z08,2025-09-05 22:00:00,0,0.7856402,0.0,1.0
Z09,2025-09-05 22:00:00,0,0.12496761,0.0,0.3191122874617577
Z10,2025-09-05 22:00:00,0,0.5275596,0.0,1.0
Z01,2025-09-05 23:00:00,0,0.008952894,0.0,0.07821953762322664
Z02,2025-09-05 23:00:00,0,0.008431993,0.0,0.07769863680005074
Z03,2025-09-05 23:00:00,0,0.009758095,0.0,0.07902473863214254
Z04,2025-09-05 23:00:00,0,0.008864947,0.0,0.07813159003853798
Z05,2025-09-05 23:00:00,0,0.009790248,0.0,0.07905689161270857
Z06,2025-09-05 23:00:00,0,0.008860331,0.0,0.07812697440385818
Z07,2025-09-05 23:00:00,0,0.009791256,0.0,0.0790578993037343
Z08,2025-09-05 23:00:00,0,0.011593657,0.0,0.08086029998958111
Z09,2025-09-05 23:00:00,0,0.010920106,0.0,0.08018674980849028
Z10,2025-09-05 23:00:00,0,0.008775471,0.0,0.07804211415350437
Z01,2025-09-06 00:00:00,0,0.06949513,0.00022848322987556458,0.13876176998019218
Z02,2025-09-06 00:00:00,0,0.014655658,0.0,0.0839223014190793
Z03,2025-09-06 00:00:00,0,0.012208023,0.0,0.08147466648370028
Z04,2025-09-06 00:00:00,0,0.011230965,0.0,0.08049760852009058
Z05,2025-09-06 00:00:00,0,0.023896063,0.0,0.09316270612180233
Z06,2025-09-06 00:00:00,0,0.012369696,0.0,0.08163633942604065
Z07,2025-09-06 00:00:00,0,0.21673709,0.0,0.514610767364502
Z08,2025-09-06 00:00:00,0,0.011387764,0.0,0.08065440692007542
Z09,2025-09-06 00:00:00,0,0.010600713,0.0,0.0798673564568162
Z10,2025-09-06 00:00:00,0,0.011896735,0.0,0.08116337843239307
Z01,2025-09-06 01:00:00,0,0.027732115,0.0,0.09699875861406326
Z02,2025-09-06 01:00:00,0,0.010513479,0.0,0.07978012226521969
Z03,2025-09-06 01:00:00,0,0.013472395,0.0,0.08273903839290142
Z04,2025-09-06 01:00:00,0,0.011766969,0.0,0.08103361260145903
Z05,2025-09-06 01:00:00,0,0.066901006,0.0,0.13616764917969704
Z06,2025-09-06 01:00:00,0,0.012062379,0.0,0.08132902253419161
Z07,2025-09-06 01:00:00,0,0.071294956,0.002028312534093857,0.14056159928441048
Z08,2025-09-06 01:00:00,0,0.011460545,0.0,0.08072718791663647
Z09,2025-09-06 01:00:00,0,0.011113395,0.0,0.08038003835827112
Z10,2025-09-06 01:00:00,0,0.0221882,0.0,0.09145484305918217
Z01,2025-09-06 02:00:00,0,0.009903589,0.0,0.0791702326387167
Z02,2025-09-06 02:00:00,0,0.010250077,0.0,0.07951672002673149
Z03,2025-09-06 02:00:00,0,0.00995178,0.0,0.0792184229940176
Z04,2025-09-06 02:00:00,0,0.010901685,0.0,0.08016832824796438
Z05,2025-09-06 02:00:00,0,0.021512026,0.0,0.09077866934239864
Z06,2025-09-06 02:00:00,0,0.010565627,0.0,0.07983227074146271
Z07,2025-09-06 02:00:00,0,0.026779192,0.0,0.09604583494365215
Z08,2025-09-06 02:00:00,0,0.01104771,0.0,0.08031435310840607
Z09,2025-09-06 02:00:00,0,0.010528529,0.0,0.07979517243802547
Z10,2025-09-06 02:00:00,0,0.029031193,0.0,0.09829783625900745
Z01,2025-09-06 03:00:00,0,0.019769255,0.0,0.08903589844703674
Z02,2025-09-06 03:00:00,0,0.015978927,0.0,0.08524557016789913
Z03,2025-09-06 03:00:00,0,0.010435622,0.0,0.07970226556062698
Z04,2025-09-06 03:00:00,0,0.024719143,0.0,0.0939857866615057
Z05,2025-09-06 03:00:00,0,0.025420887,0.0,0.09468753077089787
Z06,2025-09-06 03:00:00,0,0.031838965,0.0,0.10110560804605484
Z07,2025-09-06 03:00:00,1,0.05825784,0.0,0.127524483948946
Z08,2025-09-06 03:00:00,0,0.030122682,0.0,0.09938932582736015
Z09,2025-09-06 03:00:00,0,0.011838379,0.0,0.08110502269119024
Z10,2025-09-06 03:00:00,0,0.011323492,0.0,0.08059013541787863
Z01,2025-09-06 04:00:00,0,0.013142801,0.0,0.08240944426506758
Z02,2025-09-06 04:00:00,0,0.014268824,0.0,0.08353546727448702
Z03,2025-09-06 04:00:00,0,0.009453612,0.0,0.07872025575488806
Z04,2025-09-06 04:00:00,0,0.010716933,0.0,0.07998357620090246
Z05,2025-09-06 04:00:00,0,0.026691873,0.0,0.09595851600170135
Z06,2025-09-06 04:00:00,0,0.035580933,0.0,0.10484757646918297
Z07,2025-09-06 04:00:00,0,0.084246226,0.014979582279920578,0.1535128690302372
Z08,2025-09-06 04:00:00,0,0.014102882,0.0,0.08336952514946461
Z09,2025-09-06 04:00:00,0,0.010625669,0.0,0.07989231217652559
Z10,2025-09-06 04:00:00,0,0.07927881,0.010012168437242508,0.14854545518755913
Z01,2025-09-06 05:00:00,0,0.012718599,0.0,0.081985242664814
Z02,2025-09-06 05:00:00,0,0.014475521,0.0,0.0837421640753746
Z03,2025-09-06 05:00:00,0,0.01249667,0.0,0.081763313151896
Z04,2025-09-06 05:00:00,0,0.028611962,0.0,0.0978786051273346
Z05,2025-09-06 05:00:00,0,0.023122517,0.0,0.09238916076719761
Z06,2025-09-06 05:00:00,0,0.065425925,0.0,0.13469256833195686
Z07,2025-09-06 05:00:00,0,0.027740488,0.0,0.09700713120400906
Z08,2025-09-06 05:00:00,0,0.011763289,0.0,0.08102993201464415
Z09,2025-09-06 05:00:00,0,0.022034526,0.0,0.09130116924643517
Z10,2025-09-06 05:00:00,0,0.02454013,0.0,0.09380677342414856
Z01,2025-09-06 06:00:00,0,0.010748209,0.0,0.08001485280692577
Z02,2025-09-06 06:00:00,0,0.064005144,0.0,0.13327178731560707
Z03,2025-09-06 06:00:00,0,0.021950277,0.0,0.0912169199436903
Z04,2025-09-06 06:00:00,0,0.008749866,0.0,0.07801650930196047
Z05,2025-09-06 06:00:00,0,0.016896194,0.0,0.08616283722221851
Z06,2025-09-06 06:00:00,0,0.010979986,0.0,0.08024662919342518
Z07,2025-09-06 06:00:00,0,0.010752384,0.0,0.0800190269947052
Z08,2025-09-06 06:00:00,0,0.022104774,0.0,0.09137141704559326
Z09,2025-09-06 06:00:00,0,0.009149612,0.0,0.07841625530272722
Z10,2025-09-06 06:00:00,0,0.012821323,0.0,0.08208796661347151
Z01,2025-09-06 07:00:00,0,0.1166086,0.0,0.3107532724738121
Z02,2025-09-06 07:00:00,0,0.00924405,0.0,0.07851069327443838
Z03,2025-09-06 07:00:00,0,0.040613525,0.0,0.10988016799092293
Z04,2025-09-06 07:00:00,0,0.60991156,0.0,1.0
Z05,2025-09-06 07:00:00,0,0.48367932,0.0,1.0
Z06,2025-09-06 07:00:00,0,0.1333423,0.0,0.32748697102069857
Z07,2025-09-06 07:00:00,0,0.047523845,0.0,0.11679048836231232
Z08,2025-09-06 07:00:00,0,0.08815251,0.018885869532823563,0.15741915628314018
Z09,2025-09-06 07:00:00,0,0.6440426,0.0,1.0
Z10,2025-09-06 07:00:00,0,0.49938902,0.0,1.0
Z01,2025-09-06 08:00:00,0,0.17364584,0.0,0.36779051423072817
Z02,2025-09-06 08:00:00,0,0.29692587,0.0,0.5947995483875275
Z03,2025-09-06 08:00:00,1,0.95333153,0.8685400962829589,1.0
Z04,2025-09-06 08:00:00,1,0.6947791,0.01589897871017454,1.0
Z05,2025-09-06 08:00:00,1,0.7047129,0.0,1.0
Z06,2025-09-06 08:00:00,0,0.061235007,0.0,0.1305016502737999
Z07,2025-09-06 08:00:00,0,0.4186817,0.0,0.972148048877716
Z08,2025-09-06 08:00:00,1,0.70902246,0.0,1.0
Z09,2025-09-06 08:00:00,0,0.75830984,0.0,1.0
Z10,2025-09-06 08:00:00,1,0.856837,0.0,1.0
Z01,2025-09-06 09:00:00,0,0.846628,0.0,1.0
Z02,2025-09-06 09:00:00,0,0.6492835,0.0,1.0
Z03,2025-09-06 09:00:00,1,0.8688448,0.0,1.0
Z04,2025-09-06 09:00:00,0,0.4598586,0.0,1.0
Z05,2025-09-06 09:00:00,1,0.9010904,0.8162989497184753,0.9858818173408509
Z06,2025-09-06 09:00:00,1,0.35221407,0.0,0.9723946630954742
Z07,2025-09-06 09:00:00,0,0.55365914,0.0,1.0
Z08,2025-09-06 09:00:00,0,0.8946811,0.022448742389678977,1.0
Z09,2025-09-06 09:00:00,0,0.3095276,0.0,0.9297082006931304
Z10,2025-09-06 09:00:00,1,0.5520668,0.0,1.0
Z01,2025-09-06 10:00:00,0,0.09347155,0.024204906076192856,0.16273819282650948
Z02,2025-09-06 10:00:00,0,0.052638616,0.0,0.12190525978803635
Z03,2025-09-06 10:00:00,1,0.7627595,0.0,1.0
Z04,2025-09-06 10:00:00,1,0.04911886,0.0,0.11838550493121147
Z05,2025-09-06 10:00:00,1,0.8055381,0.0,1.0
Z06,2025-09-06 10:00:00,0,0.1097733,0.0,0.30391797572374346
Z07,2025-09-06 10:00:00,0,0.26313987,0.0,0.5610135495662689
Z08,2025-09-06 10:00:00,0,0.05464362,0.0,0.12391026318073273
Z09,2025-09-06 10:00:00,0,0.03234957,0.0,0.10161621496081352
Z10,2025-09-06 10:00:00,0,0.1993528,0.005208125710487371,0.39349747598171236
Z01,2025-09-06 11:00:00,0,0.017014027,0.0,0.08628067001700401
Z02,2025-09-06 11:00:00,0,0.011990273,0.0,0.08125691674649715
Z03,2025-09-06 11:00:00,0,0.010395666,0.0,0.07966230902820826
Z04,2025-09-06 11:00:00,0,0.008725528,0.0,0.07799217104911804
Z05,2025-09-06 11:00:00,0,0.016030502,0.0,0.08529714494943619
Z06,2025-09-06 11:00:00,0,0.04081857,0.0,0.11008521169424057
Z07,2025-09-06 11:00:00,0,0.034303937,0.0,0.10357058048248291
Z08,2025-09-06 11:00:00,0,0.00928639,0.0,0.07855303306132555
Z09,2025-09-06 11:00:00,0,0.008856542,0.0,0.07812318578362465
Z10,2025-09-06 11:00:00,0,0.06822193,0.0,0.13748857006430626
Z01,2025-09-06 12:00:00,0,0.5021019,0.0,1.0
Z02,2025-09-06 12:00:00,0,0.28537467,0.0,0.5832483470439911
Z03,2025-09-06 12:00:00,0,0.53979915,0.0,1.0
Z04,2025-09-06 12:00:00,0,0.20795128,0.0,0.5058249533176422
Z05,2025-09-06 12:00:00,1,0.9661482,0.8813567638397216,1.0
Z06,2025-09-06 12:00:00,0,0.6361912,0.0,1.0
Z07,2025-09-06 12:00:00,1,0.8717904,0.0,1.0
Z08,2025-09-06 12:00:00,1,0.78899616,0.002904176712036133,1.0
Z09,2025-09-06 12:00:00,0,0.8329663,0.0,1.0
Z10,2025-09-06 12:00:00,1,0.9826278,0.8978363752365112,1.0
Z01,2025-09-06 13:00:00,0,0.22398923,0.0,0.5218629091978073
Z02,2025-09-06 13:00:00,1,0.4818136,0.0,1.0
Z03,2025-09-06 13:00:00,0,0.23590234,0.0,0.5337760150432587
Z04,2025-09-06 13:00:00,0,0.14175907,0.0,0.3359037429094315
Z05,2025-09-06 13:00:00,1,0.9535055,0.8687140822410583,1.0
Z06,2025-09-06 13:00:00,0,0.370583,0.0,0.9907635927200317
Z07,2025-09-06 13:00:00,1,0.9904117,0.905620265007019,1.0
Z08,2025-09-06 13:00:00,0,0.08103752,0.011770877987146378,0.150304164737463
Z09,2025-09-06 13:00:00,1,0.90856194,0.82377051115036,0.9933533787727357
Z10,2025-09-06 13:00:00,0,0.79422355,0.008131563663482666,1.0
Z01,2025-09-06 14:00:00,0,0.109109975,0.0,0.30325465053319933
Z02,2025-09-06 14:00:00,1,0.88549703,0.013264679908752464,1.0
Z03,2025-09-06 14:00:00,0,0.6225682,0.0,1.0
Z04,2025-09-06 14:00:00,1,0.92639965,0.8416082143783569,1.0
Z05,2025-09-06 14:00:00,1,0.95821106,0.8734196305274963,1.0
Z06,2025-09-06 14:00:00,1,0.9278624,0.8430709719657897,1.0
Z07,2025-09-06 14:00:00,0,0.15220378,0.0,0.3463484585285187
Z08,2025-09-06 14:00:00,0,0.43573263,0.0,0.9891989707946777
Z09,2025-09-06 14:00:00,1,0.91526574,0.830474305152893,1.0
Z10,2025-09-06 14:00:00,0,0.37965056,0.0,0.9998311579227447
Z01,2025-09-06 15:00:00,0,0.013462353,0.0,0.08272899594157934
Z02,2025-09-06 15:00:00,0,0.0085135605,0.0,0.07778020389378071
Z03,2025-09-06 15:00:00,0,0.00875981,0.0,0.07802645303308964
Z04,2025-09-06 15:00:00,0,0.015802223,0.0,0.08506886661052704
Z05,2025-09-06 15:00:00,0,0.018356023,0.0,0.08762266673147678
Z06,2025-09-06 15:00:00,1,0.008782317,0.0,0.07804896030575037
Z07,2025-09-06 15:00:00,0,0.014860939,0.0,0.08412758260965347
Z08,2025-09-06 15:00:00,0,0.31575388,0.0,0.9359344720840453
Z09,2025-09-06 15:00:00,0,0.013055084,0.0,0.08232172764837742
Z10,2025-09-06 15:00:00,0,0.016054384,0.0,0.08532102778553963
Z01,2025-09-06 16:00:00,0,0.01001099,0.0,0.07927763368934393
Z02,2025-09-06 16:00:00,0,0.015968626,0.0,0.08523526974022388
Z03,2025-09-06 16:00:00,0,0.063421965,0.0,0.13268860802054405
Z04,2025-09-06 16:00:00,0,0.025722334,0.0,0.0949889775365591
Z05,2025-09-06 16:00:00,1,0.074839346,0.00557270273566246,0.14410598948597908
Z06,2025-09-06 16:00:00,0,0.011936801,0.0,0.08120344392955303
Z07,2025-09-06 16:00:00,0,0.009947932,0.0,0.07921457570046186
Z08,2025-09-06 16:00:00,0,0.013098445,0.0,0.08236508816480637
Z09,2025-09-06 16:00:00,0,0.013078421,0.0,0.08234506472945213
Z10,2025-09-06 16:00:00,0,0.040045656,0.0,0.10931229963898659
Z01,2025-09-06 17:00:00,0,0.054989785,0.0,0.1242564283311367
Z02,2025-09-06 17:00:00,0,0.024178242,0.0,0.09344488568603992
Z03,2025-09-06 17:00:00,0,0.0850225,0.01575585827231407,0.1542891450226307
Z04,2025-09-06 17:00:00,0,0.3498636,0.0,0.970044183731079
Z05,2025-09-06 17:00:00,1,0.80895513,0.0,1.0
Z06,2025-09-06 17:00:00,0,0.03816438,0.0,0.10743102431297302
Z07,2025-09-06 17:00:00,1,0.14183807,0.0,0.33598274886608126
Z08,2025-09-06 17:00:00,0,0.08200475,0.012738104909658432,0.15127139165997505
Z09,2025-09-06 17:00:00,0,0.11263274,0.0,0.30677741169929507
Z10,2025-09-06 17:00:00,0,0.058867518,0.0,0.12813416123390198
Z01,2025-09-06 18:00:00,0,0.29535294,0.0,0.5932266116142273
Z02,2025-09-06 18:00:00,0,0.5541548,0.0,1.0
Z03,2025-09-06 18:00:00,0,0.05572445,0.0,0.12499109283089638
Z04,2025-09-06 18:00:00,0,0.042011358,0.0,0.1112780012190342
Z05,2025-09-06 18:00:00,0,0.34168822,0.0,0.9618688106536865
Z06,2025-09-06 18:00:00,0,0.04071137,0.0,0.10997801274061203
Z07,2025-09-06 18:00:00,1,0.5487249,0.0,1.0
Z08,2025-09-06 18:00:00,0,0.06740674,0.0,0.13667337968945503
Z09,2025-09-06 18:00:00,0,0.102905825,0.0,0.2970504999160767
Z10,2025-09-06 18:00:00,0,0.3458875,0.0,0.9660681068897247
Z01,2025-09-06 19:00:00,1,0.98946744,0.9046760082244872,1.0
Z02,2025-09-06 19:00:00,1,0.98835295,0.903561520576477,1.0
Z03,2025-09-06 19:00:00,1,0.94245857,0.8576671361923217,1.0
Z04,2025-09-06 19:00:00,1,0.97927105,0.8944796204566955,1.0
Z05,2025-09-06 19:00:00,1,0.9879609,0.9031694412231445,1.0
Z06,2025-09-06 19:00:00,1,0.9716241,0.8868326425552367,1.0
Z07,2025-09-06 19:00:00,1,0.8693278,0.0,1.0
Z08,2025-09-06 19:00:00,1,0.99214363,0.9073521971702575,1.0
Z09,2025-09-06 19:00:00,1,0.9361742,0.8513827800750732,1.0
Z10,2025-09-06 19:00:00,1,0.96708137,0.8822899341583251,1.0
Z01,2025-09-06 20:00:00,1,0.9536751,0.8688836574554443,1.0
Z02,2025-09-06 20:00:00,1,0.97487324,0.8900818109512328,1.0
Z03,2025-09-06 20:00:00,1,0.99132323,0.906531798839569,1.0
Z04,2025-09-06 20:00:00,1,0.9670174,0.8822259783744811,1.0
Z05,2025-09-06 20:00:00,1,0.99296427,0.9081728339195251,1.0
Z06,2025-09-06 20:00:00,1,0.993393,0.9086015701293945,1.0
Z07,2025-09-06 20:00:00,1,0.98868865,0.903897213935852,1.0
Z08,2025-09-06 20:00:00,1,0.98394924,0.8991578102111816,1.0
Z09,2025-09-06 20:00:00,1,0.9477976,0.8630061626434326,1.0
Z10,2025-09-06 20:00:00,1,0.9933854,0.9085939407348632,1.0
Z01,2025-09-06 21:00:00,1,0.85984355,0.0,1.0
Z02,2025-09-06 21:00:00,1,0.8653482,0.0,1.0
Z03,2025-09-06 21:00:00,0,0.63690805,0.0,1.0
Z04,2025-09-06 21:00:00,1,0.90197146,0.8171800255775451,0.9867628931999207
Z05,2025-09-06 21:00:00,0,0.0746167,0.005350057035684586,0.1438833437860012
Z06,2025-09-06 21:00:00,0,0.122328624,0.0,0.31647329926490786
Z07,2025-09-06 21:00:00,1,0.96984845,0.8850570201873779,1.0
Z08,2025-09-06 21:00:00,1,0.984914,0.900122570991516,1.0
Z09,2025-09-06 21:00:00,1,0.81112987,0.0,1.0
Z10,2025-09-06 21:00:00,0,0.41511935,0.0,0.9685856878757476
Z01,2025-09-06 22:00:00,1,0.99154586,0.9067544221878051,1.0
Z02,2025-09-06 22:00:00,1,0.97987926,0.8950878262519836,1.0
Z03,2025-09-06 22:00:00,0,0.77479696,0.0,1.0
Z04,2025-09-06 22:00:00,1,0.87909514,0.006862783432006858,1.0
Z05,2025-09-06 22:00:00,1,0.8935101,0.021277749538421653,1.0
Z06,2025-09-06 22:00:00,1,0.6225591,0.0,1.0
Z07,2025-09-06 22:00:00,1,0.98430735,0.8995159149169921,1.0
Z08,2025-09-06 22:00:00,0,0.6745665,0.0,1.0
Z09,2025-09-06 22:00:00,1,0.9915872,0.9067957878112792,1.0
Z10,2025-09-06 22:00:00,1,0.97324353,0.8884521007537841,1.0
Z01,2025-09-06 23:00:00,0,0.008780043,0.0,0.07804668601602316
Z02,2025-09-06 23:00:00,0,0.008670878,0.0,0.0779375210404396
Z03,2025-09-06 23:00:00,0,0.009038955,0.0,0.07830559834837914
Z04,2025-09-06 23:00:00,0,0.020316146,0.0,0.08958278968930244
Z05,2025-09-06 23:00:00,0,0.009767614,0.0,0.07903425768017769
Z06,2025-09-06 23:00:00,0,0.00951035,0.0,0.07877699378877878
Z07,2025-09-06 23:00:00,0,0.013249521,0.0,0.08251616451889277
Z08,2025-09-06 23:00:00,0,0.014216398,0.0,0.08348304126411676
Z09,2025-09-06 23:00:00,0,0.008294112,0.0,0.07756075542420149
Z10,2025-09-06 23:00:00,0,0.060362857,0.0,0.1296295002102852
Z01,2025-09-07 00:00:00,0,0.023219673,0.0,0.0924863163381815
Z02,2025-09-07 00:00:00,0,0.0125436215,0.0,0.08181026484817266
Z03,2025-09-07 00:00:00,0,0.016620472,0.0,0.0858871154487133
Z04,2025-09-07 00:00:00,0,0.011659482,0.0,0.08092612493783236
Z05,2025-09-07 00:00:00,0,0.029190201,0.0,0.09845684468746185
Z06,2025-09-07 00:00:00,0,0.0120523535,0.0,0.08131899684667587
Z07,2025-09-07 00:00:00,0,0.10136684,0.0,0.2955115154385567
Z08,2025-09-07 00:00:00,0,0.011149027,0.0,0.08041567075997591
Z09,2025-09-07 00:00:00,0,0.025703175,0.0,0.09496981836855412
Z10,2025-09-07 00:00:00,0,0.012605129,0.0,0.081871772184968
Z01,2025-09-07 01:00:00,0,0.058541518,0.0,0.12780816107988358
Z02,2025-09-07 01:00:00,0,0.015695065,0.0,0.08496170863509178
Z03,2025-09-07 01:00:00,0,0.011283147,0.0,0.08054979052394629
Z04,2025-09-07 01:00:00,0,0.23844737,0.0,0.5363210439682007
Z05,2025-09-07 01:00:00,0,0.021850223,0.0,0.09111686609685421
Z06,2025-09-07 01:00:00,0,0.24846068,0.0,0.5463343560695648
Z07,2025-09-07 01:00:00,0,0.057888187,0.0,0.12715483084321022
Z08,2025-09-07 01:00:00,0,0.011351066,0.0,0.08061770908534527
Z09,2025-09-07 01:00:00,0,0.027897147,0.0,0.09716379083693027
Z10,2025-09-07 01:00:00,0,0.021173533,0.0,0.09044017642736435
Z01,2025-09-07 02:00:00,0,0.053635836,0.0,0.12290247902274132
Z02,2025-09-07 02:00:00,0,0.0117267985,0.0,0.08099344186484814
Z03,2025-09-07 02:00:00,0,0.010385315,0.0,0.07965195830911398
Z04,2025-09-07 02:00:00,0,0.029994788,0.0,0.09926143102347851
Z05,2025-09-07 02:00:00,0,0.058649138,0.0,0.12791578099131584
Z06,2025-09-07 02:00:00,0,0.07690007,0.007633429020643234,0.14616671577095985
Z07,2025-09-07 02:00:00,0,0.07447684,0.0052101947367191315,0.14374348148703575
Z08,2025-09-07 02:00:00,0,0.02797001,0.0,0.09723665378987789
Z09,2025-09-07 02:00:00,0,0.011113395,0.0,0.08038003835827112
Z10,2025-09-07 02:00:00,0,0.021904241,0.0,0.09117088466882706
Z01,2025-09-07 03:00:00,0,0.011851657,0.0,0.08111830055713654
Z02,2025-09-07 03:00:00,0,0.010547115,0.0,0.0798137579113245
Z03,2025-09-07 03:00:00,0,0.014680779,0.0,0.08394742198288441
Z04,2025-09-07 03:00:00,0,0.032340974,0.0,0.10160761699080467
Z05,2025-09-07 03:00:00,1,0.20325832,0.0,0.501131996512413
Z06,2025-09-07 03:00:00,0,0.011922957,0.0,0.08118960075080395
Z07,2025-09-07 03:00:00,0,0.06747481,0.0,0.13674145564436913
Z08,2025-09-07 03:00:00,0,0.011086747,0.0,0.08035339042544365
Z09,2025-09-07 03:00:00,0,0.020777546,0.0,0.09004418924450874
Z10,2025-09-07 03:00:00,0,0.040110115,0.0,0.10937675833702087
Z01,2025-09-07 04:00:00,0,0.027795816,0.0,0.09706245921552181
Z02,2025-09-07 04:00:00,0,0.01028765,0.0,0.07955429330468178
Z03,2025-09-07 04:00:00,0,0.010846724,0.0,0.08011336717754602
Z04,2025-09-07 04:00:00,0,0.027782043,0.0,0.0970486868172884
Z05,2025-09-07 04:00:00,0,0.022680348,0.0,0.09194699116051197
Z06,2025-09-07 04:00:00,0,0.070894726,0.0016280822455883026,0.14016136899590492
Z07,2025-09-07 04:00:00,0,0.056368113,0.0,0.12563475593924522
Z08,2025-09-07 04:00:00,0,0.011351066,0.0,0.08061770908534527
Z09,2025-09-07 04:00:00,0,0.026835812,0.0,0.09610245563089848
Z10,2025-09-07 04:00:00,0,0.021534335,0.0,0.09080097824335098
Z01,2025-09-07 05:00:00,0,0.037954703,0.0,0.1072213463485241
Z02,2025-09-07 05:00:00,0,0.027946379,0.0,0.0972130224108696
Z03,2025-09-07 05:00:00,0,0.015924383,0.0,0.0851910263299942
Z04,2025-09-07 05:00:00,0,0.026145527,0.0,0.09541217051446438
Z05,2025-09-07 05:00:00,0,0.0590576,0.0,0.128324244171381
Z06,2025-09-07 05:00:00,0,0.03065299,0.0,0.09991963393986225
Z07,2025-09-07 05:00:00,0,0.011734233,0.0,0.08100087661296129
Z08,2025-09-07 05:00:00,0,0.012358918,0.0,0.08162556122988462
Z09,2025-09-07 05:00:00,0,0.01046591,0.0,0.07973255310207605
Z10,2025-09-07 05:00:00,0,0.02211032,0.0,0.09137696400284767
Z01,2025-09-07 06:00:00,0,0.008508825,0.0,0.07777546811848879
Z02,2025-09-07 06:00:00,0,0.00862192,0.0,0.07788856327533722
Z03,2025-09-07 06:00:00,0,0.008916443,0.0,0.07818308658897877
Z04,2025-09-07 06:00:00,0,0.008834481,0.0,0.07810112461447716
Z05,2025-09-07 06:00:00,0,0.009448193,0.0,0.07871483638882637
Z06,2025-09-07 06:00:00,0,0.011571591,0.0,0.08083823416382074
Z07,2025-09-07 06:00:00,0,0.017554887,0.0,0.0868215300142765
Z08,2025-09-07 06:00:00,0,0.009341273,0.0,0.07860791683197021
Z09,2025-09-07 06:00:00,0,0.01929131,0.0,0.08855795301496983
Z10,2025-09-07 06:00:00,0,0.013845791,0.0,0.08311243448406458
Z01,2025-09-07 07:00:00,0,0.33154553,0.0,0.9517261266708373
Z02,2025-09-07 07:00:00,0,0.11919601,0.0,0.31334068775177004
Z03,2025-09-07 07:00:00,0,0.03664058,0.0,0.10590722411870956
Z04,2025-09-07 07:00:00,0,0.046707217,0.0,0.11597386002540588
Z05,2025-09-07 07:00:00,1,0.91659385,0.8318024158477783,1.0
Z06,2025-09-07 07:00:00,0,0.019782566,0.0,0.08904920890927315
Z07,2025-09-07 07:00:00,1,0.97363585,0.8888444185256957,1.0
Z08,2025-09-07 07:00:00,0,0.13255028,0.0,0.3266949594020844
Z09,2025-09-07 07:00:00,0,0.100684874,0.0,0.29482954889535906
Z10,2025-09-07 07:00:00,0,0.03646529,0.0,0.10573193430900574
Z01,2025-09-07 08:00:00,1,0.98007,0.8952785611152648,1.0
Z02,2025-09-07 08:00:00,0,0.744734,0.0,1.0
Z03,2025-09-07 08:00:00,1,0.75243133,0.0,1.0
Z04,2025-09-07 08:00:00,0,0.4157858,0.0,0.9692521274089813
Z05,2025-09-07 08:00:00,1,0.64395857,0.0,1.0
Z06,2025-09-07 08:00:00,0,0.79968244,0.013590455055236816,1.0
Z07,2025-09-07 08:00:00,0,0.9036609,0.8188694596290588,0.9884523272514344
Z08,2025-09-07 08:00:00,0,0.82408965,0.0,1.0
Z09,2025-09-07 08:00:00,1,0.48871607,0.0,1.0
Z10,2025-09-07 08:00:00,0,0.6542198,0.0,1.0
Z01,2025-09-07 09:00:00,0,0.21217601,0.0,0.5100496858358383
Z02,2025-09-07 09:00:00,0,0.66609645,0.0,1.0
Z03,2025-09-07 09:00:00,0,0.88095856,0.008726203441619895,1.0
Z04,2025-09-07 09:00:00,0,0.43328297,0.0,0.9867493093013763
Z05,2025-09-07 09:00:00,0,0.8121806,0.0,1.0
Z06,2025-09-07 09:00:00,1,0.9217403,0.8369488596916198,1.0
Z07,2025-09-07 09:00:00,0,0.7991974,0.013105392456054688,1.0
Z08,2025-09-07 09:00:00,0,0.62921023,0.0,1.0
Z09,2025-09-07 09:00:00,1,0.96407115,0.8792797207832336,1.0
Z10,2025-09-07 09:00:00,0,0.61470956,0.0,1.0
Z01,2025-09-07 10:00:00,1,0.7889621,0.0028701424598693848,1.0
Z02,2025-09-07 10:00:00,0,0.06591121,0.0,0.1351778544485569
Z03,2025-09-07 10:00:00,1,0.17243406,0.0,0.3665787369012833
Z04,2025-09-07 10:00:00,0,0.07476043,0.005493786185979843,0.14402707293629646
Z05,2025-09-07 10:00:00,0,0.19811557,0.003970897197723394,0.3922602474689484
Z06,2025-09-07 10:00:00,0,0.0420354,0.0,0.11130204424262047
Z07,2025-09-07 10:00:00,0,0.1507966,0.0,0.3449412822723389
Z08,2025-09-07 10:00:00,0,0.16071334,0.0,0.3548580199480057
Z09,2025-09-07 10:00:00,0,0.12316643,0.0,0.31731110215187075
Z10,2025-09-07 10:00:00,0,0.20957176,0.0,0.507445439696312
Z01,2025-09-07 11:00:00,0,0.009313893,0.0,0.07858053594827652
Z02,2025-09-07 11:00:00,0,0.036987208,0.0,0.10625385120511055
Z03,2025-09-07 11:00:00,0,0.008844521,0.0,0.07811116427183151
Z04,2025-09-07 11:00:00,0,0.01487085,0.0,0.08413749374449253
Z05,2025-09-07 11:00:00,0,0.009641576,0.0,0.07890821900218725
Z06,2025-09-07 11:00:00,0,0.0154266525,0.0,0.08469329588115215
Z07,2025-09-07 11:00:00,0,0.01370026,0.0,0.08296690322458744
Z08,2025-09-07 11:00:00,0,0.011976165,0.0,0.0812428081408143
Z09,2025-09-07 11:00:00,0,0.020887535,0.0,0.09015417844057083
Z10,2025-09-07 11:00:00,0,0.009599872,0.0,0.07886651530861855
Z01,2025-09-07 12:00:00,0,0.38711008,0.0,1.0
Z02,2025-09-07 12:00:00,0,0.7986179,0.01252591609954834,1.0
Z03,2025-09-07 12:00:00,1,0.8727947,0.0005623340606689675,1.0
Z04,2025-09-07 12:00:00,1,0.43495405,0.0,0.9884203851222991
Z05,2025-09-07 12:00:00,0,0.068791136,0.0,0.13805777952075005
Z06,2025-09-07 12:00:00,0,0.5723685,0.0,1.0
Z07,2025-09-07 12:00:00,0,0.023554211,0.0,0.09282085485756397
Z08,2025-09-07 12:00:00,0,0.62636834,0.0,1.0
Z09,2025-09-07 12:00:00,0,0.2350033,0.0,0.5328769683837891
Z10,2025-09-07 12:00:00,0,0.046001248,0.0,0.11526789143681526
Z01,2025-09-07 13:00:00,0,0.49028227,0.0,1.0
Z02,2025-09-07 13:00:00,0,0.34077874,0.0,0.9609593331813812
Z03,2025-09-07 13:00:00,1,0.6034088,0.0,1.0
Z04,2025-09-07 13:00:00,1,0.5481489,0.0,1.0
Z05,2025-09-07 13:00:00,0,0.32992658,0.0,0.9501071751117706
Z06,2025-09-07 13:00:00,0,0.37175402,0.0,0.9919346153736114
Z07,2025-09-07 13:00:00,0,0.02381633,0.0,0.09308297373354435
Z08,2025-09-07 13:00:00,1,0.40078813,0.0,0.9542544662952422
Z09,2025-09-07 13:00:00,0,0.7180595,0.0,1.0
Z10,2025-09-07 13:00:00,0,0.3689354,0.0,0.9891160011291503
Z01,2025-09-07 14:00:00,1,0.35701334,0.0,0.9771939396858215
Z02,2025-09-07 14:00:00,0,0.62949795,0.0,1.0
Z03,2025-09-07 14:00:00,0,0.6012543,0.0,1.0
Z04,2025-09-07 14:00:00,0,0.6742329,0.0,1.0
Z05,2025-09-07 14:00:00,1,0.894283,0.022050642967224143,1.0
Z06,2025-09-07 14:00:00,0,0.835112,0.0,1.0
Z07,2025-09-07 14:00:00,1,0.98154676,0.8967553257942199,1.0
Z08,2025-09-07 14:00:00,1,0.78777045,0.001678466796875,1.0
Z09,2025-09-07 14:00:00,0,0.7632166,0.0,1.0
Z10,2025-09-07 14:00:00,1,0.9842748,0.8994833707809448,1.0
Z01,2025-09-07 15:00:00,0,0.009115984,0.0,0.078382627107203
Z02,2025-09-07 15:00:00,0,0.011756816,0.0,0.08102345932275057
Z03,2025-09-07 15:00:00,0,0.064813614,0.0,0.13408025726675987
Z04,2025-09-07 15:00:00,0,0.008780043,0.0,0.07804668601602316
Z05,2025-09-07 15:00:00,0,0.009549306,0.0,0.0788159491494298
Z06,2025-09-07 15:00:00,0,0.010586809,0.0,0.07985345274209976
Z07,2025-09-07 15:00:00,0,0.06684078,0.0,0.1361074261367321
Z08,2025-09-07 15:00:00,0,0.0085135605,0.0,0.07778020389378071
Z09,2025-09-07 15:00:00,0,0.012354059,0.0,0.08162070252001286
Z10,2025-09-07 15:00:00,0,0.008864947,0.0,0.07813159003853798
Z01,2025-09-07 16:00:00,0,0.016158497,0.0,0.08542514033615589
Z02,2025-09-07 16:00:00,0,0.008700783,0.0,0.07796742673963308
Z03,2025-09-07 16:00:00,0,0.009094985,0.0,0.07836162857711315
Z04,2025-09-07 16:00:00,0,0.010594948,0.0,0.07986159157007933
Z05,2025-09-07 16:00:00,0,0.012702898,0.0,0.08196954149752855
Z06,2025-09-07 16:00:00,0,0.008782317,0.0,0.07804896030575037
Z07,2025-09-07 16:00:00,0,0.09028419,0.021017547696828842,0.15955083444714546
Z08,2025-09-07 16:00:00,0,0.019134479,0.0,0.08840112201869488
Z09,2025-09-07 16:00:00,0,0.010249554,0.0,0.07951619755476713
Z10,2025-09-07 16:00:00,0,0.008860331,0.0,0.07812697440385818
Z01,2025-09-07 17:00:00,0,0.290439,0.0,0.5883126854896545
Z02,2025-09-07 17:00:00,0,0.48913404,0.0,1.0
Z03,2025-09-07 17:00:00,0,0.061315227,0.0,0.13058187067508698
Z04,2025-09-07 17:00:00,0,0.029442344,0.0,0.09870898723602295
Z05,2025-09-07 17:00:00,0,0.038473025,0.0,0.10773966833949089
Z06,2025-09-07 17:00:00,0,0.035789784,0.0,0.10505642741918564
Z07,2025-09-07 17:00:00,0,0.2537924,0.0,0.5516660809516907
Z08,2025-09-07 17:00:00,0,0.40571034,0.0,0.9591766774654388
Z09,2025-09-07 17:00:00,0,0.15914796,0.0,0.3532926380634308
Z10,2025-09-07 17:00:00,0,0.0782318,0.008965153247117996,0.14749843999743462
Z01,2025-09-07 18:00:00,0,0.057499893,0.0,0.12676653638482094
Z02,2025-09-07 18:00:00,0,0.647582,0.0,1.0
Z03,2025-09-07 18:00:00,0,0.057934757,0.0,0.1272014006972313
Z04,2025-09-07 18:00:00,0,0.041084953,0.0,0.11035159602761269
Z05,2025-09-07 18:00:00,0,0.071987696,0.0027210526168346405,0.14125433936715126
Z06,2025-09-07 18:00:00,0,0.744563,0.0,1.0
Z07,2025-09-07 18:00:00,1,0.459948,0.0,1.0
Z08,2025-09-07 18:00:00,0,0.041391116,0.0,0.11065775901079178
Z09,2025-09-07 18:00:00,0,0.06520649,0.0,0.13447313383221626
Z10,2025-09-07 18:00:00,0,0.03368462,0.0,0.10295126214623451
Z01,2025-09-07 19:00:00,1,0.9912937,0.9065022945404052,1.0
Z02,2025-09-07 19:00:00,1,0.98992926,0.905137825012207,1.0
Z03,2025-09-07 19:00:00,1,0.9709961,0.8862046480178832,1.0
Z04,2025-09-07 19:00:00,1,0.9590633,0.8742718577384948,1.0
Z05,2025-09-07 19:00:00,1,0.9941543,0.9093628406524658,1.0
Z06,2025-09-07 19:00:00,1,0.96609503,0.881303596496582,1.0
Z07,2025-09-07 19:00:00,0,0.74455595,0.0,1.0
Z08,2025-09-07 19:00:00,1,0.96787727,0.8830858349800109,1.0
Z09,2025-09-07 19:00:00,1,0.99337196,0.9085805296897888,1.0
Z10,2025-09-07 19:00:00,1,0.98127854,0.8964871048927306,1.0
Z01,2025-09-07 20:00:00,1,0.9875661,0.902774679660797,1.0
Z02,2025-09-07 20:00:00,1,0.9553171,0.8705256462097167,1.0
Z03,2025-09-07 20:00:00,1,0.99079555,0.9060041189193725,1.0
Z04,2025-09-07 20:00:00,1,0.9658778,0.8810863375663757,1.0
Z05,2025-09-07 20:00:00,1,0.9901854,0.9053939461708068,1.0
Z06,2025-09-07 20:00:00,1,0.98285,0.8980585813522338,1.0
Z07,2025-09-07 20:00:00,1,0.9866202,0.9018287539482116,1.0
Z08,2025-09-07 20:00:00,1,0.97392154,0.8891301035881042,1.0
Z09,2025-09-07 20:00:00,1,0.92721677,0.8424253344535827,1.0
Z10,2025-09-07 20:00:00,1,0.96774644,0.8829550027847289,1.0
Z01,2025-09-07 21:00:00,0,0.59054554,0.003424346446990967,1.0
Z02,2025-09-07 21:00:00,0,0.6824385,0.003558373451232888,1.0
Z03,2025-09-07 21:00:00,0,0.6046847,0.0,1.0
Z04,2025-09-07 21:00:00,1,0.96476126,0.879969823360443,1.0
Z05,2025-09-07 21:00:00,1,0.91083103,0.8260396003723144,0.99562246799469
Z06,2025-09-07 21:00:00,1,0.8721166,0.0,1.0
Z07,2025-09-07 21:00:00,1,0.9815912,0.8967997908592223,1.0
Z08,2025-09-07 21:00:00,1,0.9427382,0.8579467415809631,1.0
Z09,2025-09-07 21:00:00,1,0.9886514,0.9038599610328674,1.0
Z10,2025-09-07 21:00:00,1,0.926295,0.8415035486221313,1.0
Z01,2025-09-07 22:00:00,1,0.97592926,0.8911378264427184,1.0
Z02,2025-09-07 22:00:00,1,0.9760197,0.8912282466888427,1.0
Z03,2025-09-07 22:00:00,0,0.22908613,0.0,0.5269598066806793
Z04,2025-09-07 22:00:00,1,0.8126462,0.0,1.0
Z05,2025-09-07 22:00:00,1,0.9819364,0.8971449613571166,1.0
Z06,2025-09-07 22:00:00,0,0.98094773,0.8961562991142272,1.0
Z07,2025-09-07 22:00:00,1,0.9105005,0.8257090926170348,0.9952919602394105
Z08,2025-09-07 22:00:00,0,0.78606683,0.0,1.0
Z09,2025-09-07 22:00:00,0,0.3892353,0.0,1.0
Z10,2025-09-07 22:00:00,1,0.9886199,0.903828489780426,1.0
Z01,2025-09-07 23:00:00,0,0.008508825,0.0,0.07777546811848879
Z02,2025-09-07 23:00:00,0,0.00845508,0.0,0.07772172335535288
Z03,2025-09-07 23:00:00,0,0.012278507,0.0,0.08154515083879232
Z04,2025-09-07 23:00:00,0,0.008780043,0.0,0.07804668601602316
Z05,2025-09-07 23:00:00,0,0.020788474,0.0,0.09005511738359928
Z06,2025-09-07 23:00:00,0,0.009304425,0.0,0.07857106812298298
Z07,2025-09-07 23:00:00,1,0.7729374,0.0,1.0
Z08,2025-09-07 23:00:00,0,0.052451413,0.0,0.12171805649995804
Z09,2025-09-07 23:00:00,0,0.009177337,0.0,0.07844398077577353
Z10,2025-09-07 23:00:00,0,0.009221583,0.0,0.07848822604864836
Z01,2025-09-08 00:00:00,0,0.021255273,0.0,0.0905219167470932
Z02,2025-09-08 00:00:00,0,0.029977458,0.0,0.09924410097301006
Z03,2025-09-08 00:00:00,0,0.045046054,0.0,0.11431269720196724
Z04,2025-09-08 00:00:00,0,0.065987475,0.0,0.135254118591547
Z05,2025-09-08 00:00:00,0,0.18693621,0.0,0.3810808897018433
Z06,2025-09-08 00:00:00,0,0.010813133,0.0,0.0800797762349248
Z07,2025-09-08 00:00:00,0,0.029314341,0.0,0.09858098439872265
Z08,2025-09-08 00:00:00,0,0.025042063,0.0,0.09430870600044727
Z09,2025-09-08 00:00:00,0,0.011402423,0.0,0.08066906593739986
Z10,2025-09-08 00:00:00,0,0.062079728,0.0,0.13134637102484703
Z01,2025-09-08 01:00:00,0,0.063502625,0.0,0.13276926800608635
Z02,2025-09-08 01:00:00,0,0.011733924,0.0,0.08100056741386652
Z03,2025-09-08 01:00:00,0,0.0106986975,0.0,0.07996534090489149
Z04,2025-09-08 01:00:00,0,0.0117667755,0.0,0.0810334188863635
Z05,2025-09-08 01:00:00,0,0.06565958,0.0,0.134926225990057
Z06,2025-09-08 01:00:00,0,0.010408653,0.0,0.07967529632151127
Z07,2025-09-08 01:00:00,0,0.18919058,0.0,0.3833352565765381
Z08,2025-09-08 01:00:00,0,0.010927742,0.0,0.08019438572227955
Z09,2025-09-08 01:00:00,0,0.011611603,0.0,0.08087824657559395
Z10,2025-09-08 01:00:00,0,0.18703818,0.0,0.3811828583478928
Z01,2025-09-08 02:00:00,0,0.011693313,0.0,0.08095995616167784
Z02,2025-09-08 02:00:00,0,0.010837498,0.0,0.08010414149612188
Z03,2025-09-08 02:00:00,0,0.014576118,0.0,0.08384276181459427
Z04,2025-09-08 02:00:00,0,0.011241402,0.0,0.08050804492086172
Z05,2025-09-08 02:00:00,0,0.051256523,0.0,0.12052316591143608
Z06,2025-09-08 02:00:00,0,0.064648956,0.0,0.13391559943556786
Z07,2025-09-08 02:00:00,0,0.23071197,0.0,0.5285856425762177
Z08,2025-09-08 02:00:00,0,0.029998312,0.0,0.09926495514810085
Z09,2025-09-08 02:00:00,0,0.06692802,0.0,0.13619466498494148
Z10,2025-09-08 02:00:00,0,0.061562408,0.0,0.13082905113697052
Z01,2025-09-08 03:00:00,0,0.07215189,0.002885248512029648,0.14141853526234627
Z02,2025-09-08 03:00:00,0,0.027496487,0.0,0.09676313027739525
Z03,2025-09-08 03:00:00,0,0.030326448,0.0,0.09959309175610542
Z04,2025-09-08 03:00:00,0,0.011206343,0.0,0.0804729862138629
Z05,2025-09-08 03:00:00,0,0.021317793,0.0,0.09058443643152714
Z06,2025-09-08 03:00:00,0,0.12648746,0.0,0.32063213884830477
Z07,2025-09-08 03:00:00,0,0.06976982,0.0005031786859035492,0.13903646543622017
Z08,2025-09-08 03:00:00,0,0.013626852,0.0,0.08289349544793367
Z09,2025-09-08 03:00:00,0,0.011811145,0.0,0.08107778802514076
Z10,2025-09-08 03:00:00,0,0.026702577,0.0,0.09596922062337399
Z01,2025-09-08 04:00:00,0,0.01169523,0.0,0.08096187375485897
Z02,2025-09-08 04:00:00,0,0.010636005,0.0,0.07990264799445868
Z03,2025-09-08 04:00:00,0,0.010408692,0.0,0.0796753354370594
Z04,2025-09-08 04:00:00,0,0.028068218,0.0,0.0973348617553711
Z05,2025-09-08 04:00:00,0,0.060417436,0.0,0.12968407943844795
Z06,2025-09-08 04:00:00,0,0.010528873,0.0,0.07979551609605551
Z07,2025-09-08 04:00:00,0,0.028115008,0.0,0.09738165140151978
Z08,2025-09-08 04:00:00,0,0.02412931,0.0,0.09339595399796963
Z09,2025-09-08 04:00:00,0,0.06093341,0.0,0.13020005449652672
Z10,2025-09-08 04:00:00,0,0.1280591,0.0,0.3222037792205811
Z01,2025-09-08 05:00:00,0,0.025313,0.0,0.09457964263856411
Z02,2025-09-08 05:00:00,0,0.010863062,0.0,0.0801297053694725
Z03,2025-09-08 05:00:00,0,0.010237285,0.0,0.07950392831116915
Z04,2025-09-08 05:00:00,0,0.03329979,0.0,0.1025664322078228
Z05,2025-09-08 05:00:00,0,0.022570621,0.0,0.09183726459741592
Z06,2025-09-08 05:00:00,0,0.011580784,0.0,0.08084742724895477
Z07,2025-09-08 05:00:00,0,0.014159287,0.0,0.0834259307011962
Z08,2025-09-08 05:00:00,0,0.0108586615,0.0,0.08012530487030745
Z09,2025-09-08 05:00:00,0,0.026561595,0.0,0.09582823887467384
Z10,2025-09-08 05:00:00,0,0.021292653,0.0,0.09055929630994797
Z01,2025-09-08 06:00:00,0,0.008927001,0.0,0.07819364406168461
Z02,2025-09-08 06:00:00,0,0.02151506,0.0,0.09078170359134674
Z03,2025-09-08 06:00:00,0,0.00940966,0.0,0.07867630291730165
Z04,2025-09-08 06:00:00,0,0.009053874,0.0,0.0783205172047019
Z05,2025-09-08 06:00:00,0,0.018373426,0.0,0.08764006942510605
Z06,2025-09-08 06:00:00,0,0.013526211,0.0,0.082792853936553
Z07,2025-09-08 06:00:00,0,0.49925426,0.0,1.0
Z08,2025-09-08 06:00:00,0,0.011793843,0.0,0.08106048591434956
Z09,2025-09-08 06:00:00,0,0.008914732,0.0,0.0781813757494092
Z10,2025-09-08 06:00:00,0,0.010198325,0.0,0.07946496829390526
Z01,2025-09-08 07:00:00,0,0.1186204,0.0,0.3127650782465935
Z02,2025-09-08 07:00:00,0,0.04397625,0.0,0.11324289441108704
Z03,2025-09-08 07:00:00,0,0.012049261,0.0,0.08131590392440557
Z04,2025-09-08 07:00:00,0,0.013154749,0.0,0.08242139220237732
Z05,2025-09-08 07:00:00,0,0.014686221,0.0,0.08395286463201046
Z06,2025-09-08 07:00:00,0,0.009796144,0.0,0.07906278781592846
Z07,2025-09-08 07:00:00,0,0.022349007,0.0,0.09161565080285072
Z08,2025-09-08 07:00:00,0,0.014546998,0.0,0.08381364122033119
Z09,2025-09-08 07:00:00,0,0.073595844,0.004329200834035873,0.1428624875843525
Z10,2025-09-08 07:00:00,0,0.009530571,0.0,0.07879721466451883
Z01,2025-09-08 08:00:00,1,0.39945614,0.0,1.0
Z02,2025-09-08 08:00:00,0,0.4772362,0.0,1.0
Z03,2025-09-08 08:00:00,0,0.18464656,0.0,0.37879123687744143
Z04,2025-09-08 08:00:00,1,0.2437329,0.0,0.5416065752506256
Z05,2025-09-08 08:00:00,1,0.5525602,0.0,1.0
Z06,2025-09-08 08:00:00,0,0.60317606,0.0,1.0
Z07,2025-09-08 08:00:00,0,0.5007082,0.0,1.0
Z08,2025-09-08 08:00:00,0,0.052548375,0.0,0.1218150183558464
Z09,2025-09-08 08:00:00,0,0.76650214,0.0,1.0
Z10,2025-09-08 08:00:00,1,0.9157225,0.8309310555458068,1.0
Z01,2025-09-08 09:00:00,0,0.87474245,0.0025100946426391824,1.0
Z02,2025-09-08 09:00:00,0,0.10227501,0.0,0.29641968160867693
Z03,2025-09-08 09:00:00,1,0.83143544,0.0,1.0
Z04,2025-09-08 09:00:00,0,0.4473144,0.0,1.0
Z05,2025-09-08 09:00:00,0,0.029942721,0.0,0.09920936450362206
Z06,2025-09-08 09:00:00,0,0.19111027,0.0,0.3852549433708191
Z07,2025-09-08 09:00:00,0,0.07248775,0.00322110578417778,0.1417543925344944
Z08,2025-09-08 09:00:00,0,0.23150514,0.0,0.529378816485405
Z09,2025-09-08 09:00:00,0,0.6724643,0.0,1.0
Z10,2025-09-08 09:00:00,0,0.93436474,0.8495733022689819,1.0
Z01,2025-09-08 10:00:00,0,0.10563305,0.0,0.2997777253389359
Z02,2025-09-08 10:00:00,0,0.047016766,0.0,0.11628340929746628
Z03,2025-09-08 10:00:00,0,0.038878452,0.0,0.1081450954079628
Z04,2025-09-08 10:00:00,0,0.29778534,0.0,0.5956590175628662
Z05,2025-09-08 10:00:00,0,0.04646923,0.0,0.11573587357997894
Z06,2025-09-08 10:00:00,0,0.0834956,0.014228958636522293,0.1527622453868389
Z07,2025-09-08 10:00:00,0,0.12980315,0.0,0.3239478260278702
Z08,2025-09-08 10:00:00,0,0.05002964,0.0,0.11929628252983093
Z09,2025-09-08 10:00:00,0,0.048705373,0.0,0.11797201633453369
Z10,2025-09-08 10:00:00,0,0.44103298,0.0,0.9944993138313293
Z01,2025-09-08 11:00:00,0,0.010597238,0.0,0.0798638816922903
Z02,2025-09-08 11:00:00,0,0.00908105,0.0,0.07834769319742918
Z03,2025-09-08 11:00:00,0,0.010218508,0.0,0.07948515098541975
Z04,2025-09-08 11:00:00,0,0.009838729,0.0,0.07910537254065275
Z05,2025-09-08 11:00:00,0,0.010768896,0.0,0.08003553934395313
Z06,2025-09-08 11:00:00,0,0.04134195,0.0,0.11060859262943268
Z07,2025-09-08 11:00:00,0,0.014254719,0.0,0.08352136239409447
Z08,2025-09-08 11:00:00,0,0.00918472,0.0,0.0784513633698225
Z09,2025-09-08 11:00:00,0,0.009251298,0.0,0.07851794175803661
Z10,2025-09-08 11:00:00,0,0.00942056,0.0,0.07868720311671495
Z01,2025-09-08 12:00:00,0,0.01337347,0.0,0.08264011330902576
Z02,2025-09-08 12:00:00,0,0.11961749,0.0,0.313762167096138
Z03,2025-09-08 12:00:00,0,0.08313439,0.013867747038602829,0.15240103378891945
Z04,2025-09-08 12:00:00,0,0.7664168,0.0,1.0
Z05,2025-09-08 12:00:00,0,0.40051845,0.0,0.953984785079956
Z06,2025-09-08 12:00:00,0,0.020057425,0.0,0.08932406827807426
Z07,2025-09-08 12:00:00,1,0.9738912,0.8890997648239135,1.0
Z08,2025-09-08 12:00:00,0,0.5103074,0.0,1.0
Z09,2025-09-08 12:00:00,0,0.39163277,0.0,1.0
Z10,2025-09-08 12:00:00,0,0.032487508,0.0,0.10175415128469467
Z01,2025-09-08 13:00:00,0,0.026229072,0.0,0.09549571573734283
Z02,2025-09-08 13:00:00,0,0.12594046,0.0,0.3200851321220398
Z03,2025-09-08 13:00:00,0,0.15084171,0.0,0.34498638808727267
Z04,2025-09-08 13:00:00,0,0.106390454,0.0,0.30053512901067736
Z05,2025-09-08 13:00:00,0,0.05187007,0.0,0.12113671377301216
Z06,2025-09-08 13:00:00,0,0.04812302,0.0,0.11738966405391693
Z07,2025-09-08 13:00:00,0,0.04896313,0.0,0.11822977289557457
Z08,2025-09-08 13:00:00,0,0.10096271,0.0,0.29510738849639895
Z09,2025-09-08 13:00:00,1,0.88596845,0.013736093044281028,1.0
Z10,2025-09-08 13:00:00,0,0.01695536,0.0,0.08622200414538383
Z01,2025-09-08 14:00:00,0,0.75440216,0.0,1.0
Z02,2025-09-08 14:00:00,0,0.12904748,0.0,0.3231921583414078
Z03,2025-09-08 14:00:00,0,0.6427873,0.0,1.0
Z04,2025-09-08 14:00:00,0,0.34573567,0.0,0.9659162640571594
Z05,2025-09-08 14:00:00,0,0.11809291,0.0,0.3122375845909119
Z06,2025-09-08 14:00:00,0,0.03240499,0.0,0.10167163237929344
Z07,2025-09-08 14:00:00,0,0.7568571,0.0,1.0
Z08,2025-09-08 14:00:00,0,0.11508515,0.0,0.3092298224568367
Z09,2025-09-08 14:00:00,0,0.28218853,0.0,0.580062210559845
Z10,2025-09-08 14:00:00,0,0.014901351,0.0,0.08416799455881119
Z01,2025-09-08 15:00:00,0,0.014653295,0.0,0.0839199386537075
Z02,2025-09-08 15:00:00,0,0.008972801,0.0,0.07823944464325905
Z03,2025-09-08 15:00:00,0,0.009340982,0.0,0.07860762532800436
Z04,2025-09-08 15:00:00,0,0.0095594665,0.0,0.07882610987871885
Z05,2025-09-08 15:00:00,0,0.008951731,0.0,0.07821837440133095
Z06,2025-09-08 15:00:00,0,0.009087463,0.0,0.07835410628467798
Z07,2025-09-08 15:00:00,0,0.013347673,0.0,0.08261431660503149
Z08,2025-09-08 15:00:00,0,0.009871714,0.0,0.07913835719227791
Z09,2025-09-08 15:00:00,0,0.009402351,0.0,0.07866899482905865
Z10,2025-09-08 15:00:00,0,0.009585031,0.0,0.07885167468339205
Z01,2025-09-08 16:00:00,0,0.00896718,0.0,0.07823382318019867
Z02,2025-09-08 16:00:00,0,0.008972801,0.0,0.07823944464325905
Z03,2025-09-08 16:00:00,0,0.009316049,0.0,0.07858269196003675
Z04,2025-09-08 16:00:00,0,0.009289181,0.0,0.07855582423508167
Z05,2025-09-08 16:00:00,0,0.008951731,0.0,0.07821837440133095
Z06,2025-09-08 16:00:00,0,0.009521213,0.0,0.0787878567352891
Z07,2025-09-08 16:00:00,0,0.010877048,0.0,0.0801436910405755
Z08,2025-09-08 16:00:00,0,0.0095289415,0.0,0.07879558485001326
Z09,2025-09-08 16:00:00,0,0.008650612,0.0,0.07791725546121597
Z10,2025-09-08 16:00:00,0,0.009200251,0.0,0.07846689410507679
Z01,2025-09-08 17:00:00,0,0.039839942,0.0,0.10910658538341522
Z02,2025-09-08 17:00:00,0,0.031852413,0.0,0.10111905634403229
Z03,2025-09-08 17:00:00,0,0.034942202,0.0,0.10420884564518929
Z04,2025-09-08 17:00:00,0,0.03614138,0.0,0.10540802404284477
Z05,2025-09-08 17:00:00,0,0.093011916,0.023745272308588028,0.16227855905890465
Z06,2025-09-08 17:00:00,0,0.15039293,0.0,0.34453760981559756
Z07,2025-09-08 17:00:00,0,0.0517263,0.0,0.12099294364452362
Z08,2025-09-08 17:00:00,0,0.0715675,0.0023008547723293304,0.14083414152264595
Z09,2025-09-08 17:00:00,0,0.033144493,0.0,0.10241113603115082
Z10,2025-09-08 17:00:00,0,0.08004518,0.010778535157442093,0.1493118219077587
Z01,2025-09-08 18:00:00,0,0.043478496,0.0,0.11274513974785805
Z02,2025-09-08 18:00:00,1,0.040954392,0.0,0.11022103577852249
Z03,2025-09-08 18:00:00,0,0.15285248,0.0,0.34699715077877047
Z04,2025-09-08 18:00:00,0,0.17060941,0.0,0.36475408971309664
Z05,2025-09-08 18:00:00,0,0.06463481,0.0,0.1339014507830143
Z06,2025-09-08 18:00:00,0,0.04217952,0.0,0.11144616454839706
Z07,2025-09-08 18:00:00,0,0.066215105,0.0,0.13548174872994423
Z08,2025-09-08 18:00:00,0,0.14484279,0.0,0.3389874637126923
Z09,2025-09-08 18:00:00,0,0.06582851,0.0,0.13509515300393105
Z10,2025-09-08 18:00:00,0,0.032816965,0.0,0.10208360850811005
Z01,2025-09-08 19:00:00,1,0.988257,0.9034655570983886,1.0
Z02,2025-09-08 19:00:00,1,0.87528956,0.003057205677032493,1.0
Z03,2025-09-08 19:00:00,1,0.97259617,0.8878047347068786,1.0
Z04,2025-09-08 19:00:00,1,0.9848466,0.9000551581382751,1.0
Z05,2025-09-08 19:00:00,1,0.99153346,0.9067420244216918,1.0
Z06,2025-09-08 19:00:00,0,0.09448589,0.02521924301981926,0.16375252977013588
Z07,2025-09-08 19:00:00,1,0.81052125,0.0,1.0
Z08,2025-09-08 19:00:00,1,0.79129595,0.005203962326049805,1.0
Z09,2025-09-08 19:00:00,1,0.81520075,0.0,1.0
Z10,2025-09-08 19:00:00,1,0.99318075,0.9083893179893493,1.0
Z01,2025-09-08 20:00:00,0,0.7969939,0.010901927947998047,1.0
Z02,2025-09-08 20:00:00,0,0.9026102,0.8178187489509582,0.9874016165733338
Z03,2025-09-08 20:00:00,1,0.983796,0.899004566669464,1.0
Z04,2025-09-08 20:00:00,1,0.9922679,0.9074764728546142,1.0
Z05,2025-09-08 20:00:00,1,0.9631248,0.8783333778381347,1.0
Z06,2025-09-08 20:00:00,0,0.93218946,0.847398030757904,1.0
Z07,2025-09-08 20:00:00,1,0.98622805,0.9014366149902343,1.0
Z08,2025-09-08 20:00:00,0,0.85580045,0.0,1.0
Z09,2025-09-08 20:00:00,1,0.9439128,0.8591213703155517,1.0
Z10,2025-09-08 20:00:00,1,0.72838163,0.0,1.0
Z01,2025-09-08 21:00:00,0,0.2116763,0.0,0.5095499753952026
Z02,2025-09-08 21:00:00,0,0.2224141,0.0,0.5202877819538116
Z03,2025-09-08 21:00:00,1,0.77028733,0.0,1.0
Z04,2025-09-08 21:00:00,1,0.81769013,0.0,1.0
Z05,2025-09-08 21:00:00,0,0.39583454,0.0,1.0
Z06,2025-09-08 21:00:00,0,0.076109506,0.006842862814664841,0.14537614956498146
Z07,2025-09-08 21:00:00,0,0.19460411,0.00045943856239319403,0.3887487888336182
Z08,2025-09-08 21:00:00,0,0.35725278,0.0,0.9774333715438842
Z09,2025-09-08 21:00:00,0,0.055321794,0.0,0.12458843737840652
Z10,2025-09-08 21:00:00,1,0.76644146,0.0,1.0
Z01,2025-09-08 22:00:00,0,0.045143887,0.0,0.11441053077578545
Z02,2025-09-08 22:00:00,1,0.1791004,0.0,0.3732450693845749
Z03,2025-09-08 22:00:00,0,0.2826581,0.0,0.5805317759513855
Z04,2025-09-08 22:00:00,1,0.97634137,0.8915499329566955,1.0
Z05,2025-09-08 22:00:00,0,0.30264494,0.0,0.9228255331516265
Z06,2025-09-08 22:00:00,0,0.074262045,0.004995401948690414,0.14352868869900703
Z07,2025-09-08 22:00:00,0,0.13703704,0.0,0.3311817139387131
Z08,2025-09-08 22:00:00,0,0.10089074,0.0,0.29503541588783266
Z09,2025-09-08 22:00:00,0,0.14014946,0.0,0.33429413437843325
Z10,2025-09-08 22:00:00,0,0.68211377,0.00323364734649656,1.0
Z01,2025-09-08 23:00:00,0,0.02013042,0.0,0.08939706347882748
Z02,2025-09-08 23:00:00,0,0.009066529,0.0,0.07833317201584578
Z03,2025-09-08 23:00:00,0,0.009574572,0.0,0.07884121499955654
Z04,2025-09-08 23:00:00,0,0.008927001,0.0,0.07819364406168461
Z05,2025-09-08 23:00:00,0,0.01139814,0.0,0.08066478371620178
Z06,2025-09-08 23:00:00,0,0.009184451,0.0,0.07845109421759844
Z07,2025-09-08 23:00:00,0,0.07133819,0.002071548253297806,0.14060483500361443
Z08,2025-09-08 23:00:00,0,0.008914661,0.0,0.07818130403757095
Z09,2025-09-08 23:00:00,0,0.010801118,0.0,0.08006776124238968
Z10,2025-09-08 23:00:00,0,0.008800055,0.0,0.0780666982755065
Z01,2025-09-09 00:00:00,0,0.022758547,0.0,0.09202519059181213
Z02,2025-09-09 00:00:00,0,0.03317471,0.0,0.10244135186076164
Z03,2025-09-09 00:00:00,0,0.029394846,0.0,0.09866148978471756
Z04,2025-09-09 00:00:00,0,0.059032854,0.0,0.12829949706792831
Z05,2025-09-09 00:00:00,0,0.012641854,0.0,0.0819084970280528
Z06,2025-09-09 00:00:00,0,0.087182,0.017915356904268265,0.15644864365458488
Z07,2025-09-09 00:00:00,0,0.06836592,0.0,0.1376325599849224
Z08,2025-09-09 00:00:00,0,0.011301679,0.0,0.08056832198053598
Z09,2025-09-09 00:00:00,0,0.012019864,0.0,0.08128650765866041
Z10,2025-09-09 00:00:00,0,0.026699014,0.0,0.0959656573832035
Z01,2025-09-09 01:00:00,0,0.020712322,0.0,0.08997896499931812
Z02,2025-09-09 01:00:00,0,0.015147358,0.0,0.08441400155425072
Z03,2025-09-09 01:00:00,0,0.021921135,0.0,0.09118777886033058
Z04,2025-09-09 01:00:00,0,0.025735607,0.0,0.09500225074589252
Z05,2025-09-09 01:00:00,0,0.17404042,0.0,0.36818509697914126
Z06,2025-09-09 01:00:00,0,0.07267157,0.003404926508665085,0.1419382132589817
Z07,2025-09-09 01:00:00,0,0.1468253,0.0,0.34096997380256655
Z08,2025-09-09 01:00:00,0,0.02524399,0.0,0.09451063349843025
Z09,2025-09-09 01:00:00,0,0.028736005,0.0,0.09800264798104763
Z10,2025-09-09 01:00:00,0,0.055917714,0.0,0.12518435716629028
Z01,2025-09-09 02:00:00,0,0.010793515,0.0,0.08006015792489052
Z02,2025-09-09 02:00:00,0,0.010243249,0.0,0.07950989250093699
Z03,2025-09-09 02:00:00,0,0.016131418,0.0,0.08539806120097637
Z04,2025-09-09 02:00:00,1,0.050444916,0.0,0.11971155926585197
Z05,2025-09-09 02:00:00,0,0.012405521,0.0,0.08167216461151838
Z06,2025-09-09 02:00:00,0,0.011672804,0.0,0.08093944750726223
Z07,2025-09-09 02:00:00,0,0.09392363,0.024656984955072403,0.16319027170538902
Z08,2025-09-09 02:00:00,0,0.011393939,0.0,0.08066058252006769
Z09,2025-09-09 02:00:00,0,0.023650903,0.0,0.0929175466299057
Z10,2025-09-09 02:00:00,0,0.028609926,0.0,0.09787656925618649
Z01,2025-09-09 03:00:00,0,0.029302476,0.0,0.09856911934912205
Z02,2025-09-09 03:00:00,0,0.02918271,0.0,0.09844935312867165
Z03,2025-09-09 03:00:00,0,0.016572002,0.0,0.08583864569664001
Z04,2025-09-09 03:00:00,0,0.030160446,0.0,0.09942708909511566
Z05,2025-09-09 03:00:00,0,0.061731312,0.0,0.13099795579910278
Z06,2025-09-09 03:00:00,0,0.010644996,0.0,0.07991163898259401
Z07,2025-09-09 03:00:00,0,0.027435273,0.0,0.09670191630721092
Z08,2025-09-09 03:00:00,0,0.03400763,0.0,0.10327427461743355
Z09,2025-09-09 03:00:00,0,0.0123813,0.0,0.08164794370532036
Z10,2025-09-09 03:00:00,1,0.021118324,0.0,0.09038496762514114
Z01,2025-09-09 04:00:00,0,0.011451202,0.0,0.0807178458198905
Z02,2025-09-09 04:00:00,0,0.0102815395,0.0,0.07954818289726973
Z03,2025-09-09 04:00:00,0,0.01597134,0.0,0.08523798361420631
Z04,2025-09-09 04:00:00,0,0.024227178,0.0,0.09349382109940052
Z05,2025-09-09 04:00:00,0,0.08278092,0.013514276593923569,0.1520475633442402
Z06,2025-09-09 04:00:00,0,0.010926939,0.0,0.08019358199089766
Z07,2025-09-09 04:00:00,0,0.0522242,0.0,0.12149084359407425
Z08,2025-09-09 04:00:00,0,0.033357736,0.0,0.10262437909841537
Z09,2025-09-09 04:00:00,0,0.017276885,0.0,0.08654352836310863
Z10,2025-09-09 04:00:00,0,0.012353687,0.0,0.08162032999098301
Z01,2025-09-09 05:00:00,0,0.25258294,0.0,0.5504566133022308
Z02,2025-09-09 05:00:00,0,0.01408433,0.0,0.08335097320377827
Z03,2025-09-09 05:00:00,0,0.011022549,0.0,0.08028919249773026
Z04,2025-09-09 05:00:00,0,0.025364362,0.0,0.09463100507855415
Z05,2025-09-09 05:00:00,0,0.022369996,0.0,0.09163663908839226
Z06,2025-09-09 05:00:00,0,0.033737518,0.0,0.10300416126847267
Z07,2025-09-09 05:00:00,0,0.22809154,0.0,0.5259652137756348
Z08,2025-09-09 05:00:00,0,0.03293286,0.0,0.1021995022892952
Z09,2025-09-09 05:00:00,0,0.023646994,0.0,0.09291363693773746
Z10,2025-09-09 05:00:00,0,0.023002079,0.0,0.09226872213184834
Z01,2025-09-09 06:00:00,0,0.009330195,0.0,0.07859683874994516
Z02,2025-09-09 06:00:00,0,0.010928629,0.0,0.08019527234137058
Z03,2025-09-09 06:00:00,0,0.010822083,0.0,0.08008872624486685
Z04,2025-09-09 06:00:00,0,0.0087157665,0.0,0.0779824098572135
Z05,2025-09-09 06:00:00,0,0.012558661,0.0,0.08182530477643013
Z06,2025-09-09 06:00:00,0,0.008800055,0.0,0.0780666982755065
Z07,2025-09-09 06:00:00,0,0.010890625,0.0,0.08015726879239082
Z08,2025-09-09 06:00:00,0,0.009433906,0.0,0.0787005489692092
Z09,2025-09-09 06:00:00,0,0.009325273,0.0,0.07859191671013832
Z10,2025-09-09 06:00:00,0,0.009300461,0.0,0.07856710441410542
Z01,2025-09-09 07:00:00,0,0.017607357,0.0,0.08687400072813034
Z02,2025-09-09 07:00:00,0,0.02347289,0.0,0.0927395336329937
Z03,2025-09-09 07:00:00,0,0.010080508,0.0,0.07934715133160353
Z04,2025-09-09 07:00:00,0,0.01572983,0.0,0.08499647304415703
Z05,2025-09-09 07:00:00,0,0.036620565,0.0,0.10588720813393593
Z06,2025-09-09 07:00:00,0,0.015594542,0.0,0.08486118540167809
Z07,2025-09-09 07:00:00,0,0.13839774,0.0,0.3325424134731293
Z08,2025-09-09 07:00:00,0,0.019813722,0.0,0.08908036537468433
Z09,2025-09-09 07:00:00,0,0.11294802,0.0,0.3070926979184151
Z10,2025-09-09 07:00:00,0,0.009798689,0.0,0.07906533218920231
Z01,2025-09-09 08:00:00,1,0.9601268,0.8753353834152221,1.0
Z02,2025-09-09 08:00:00,0,0.071661904,0.0023952610790729523,0.14092854782938957
Z03,2025-09-09 08:00:00,0,0.6595394,0.0,1.0
Z04,2025-09-09 08:00:00,1,0.9414417,0.8566502809524535,1.0
Z05,2025-09-09 08:00:00,0,0.37833047,0.0,0.9985110640525817
Z06,2025-09-09 08:00:00,0,0.60625696,0.0,1.0
Z07,2025-09-09 08:00:00,1,0.6168308,0.0,1.0
Z08,2025-09-09 08:00:00,0,0.079359755,0.010093111544847488,0.1486263982951641
Z09,2025-09-09 08:00:00,0,0.5770356,0.0,1.0
Z10,2025-09-09 08:00:00,1,0.4382183,0.0,0.9916846334934234
Z01,2025-09-09 09:00:00,1,0.91977155,0.8349801182746887,1.0
Z02,2025-09-09 09:00:00,0,0.10061568,0.0,0.29476035535335543
Z03,2025-09-09 09:00:00,0,0.23870741,0.0,0.5365810841321945
Z04,2025-09-09 09:00:00,0,0.083788216,0.01452157273888588,0.1530548594892025
Z05,2025-09-09 09:00:00,0,0.1033103,0.0,0.2974549770355225
Z06,2025-09-09 09:00:00,1,0.8166612,0.0,1.0
Z07,2025-09-09 09:00:00,0,0.056426886,0.0,0.12569352984428406
Z08,2025-09-09 09:00:00,0,0.07034668,0.0010800398886203766,0.139613326638937
Z09,2025-09-09 09:00:00,0,0.77681756,0.0,1.0
Z10,2025-09-09 09:00:00,1,0.9779594,0.8931679606437682,1.0
Z01,2025-09-09 10:00:00,0,0.12810086,0.0,0.32224553227424624
Z02,2025-09-09 10:00:00,0,0.04863086,0.0,0.11789750307798386
Z03,2025-09-09 10:00:00,0,0.07219939,0.0029327459633350372,0.14146603271365166
Z04,2025-09-09 10:00:00,0,0.10010553,0.0,0.29425020664930346
Z05,2025-09-09 10:00:00,0,0.041032452,0.0,0.11029909551143646
Z06,2025-09-09 10:00:00,0,0.05748593,0.0,0.1267525739967823
Z07,2025-09-09 10:00:00,0,0.07535601,0.006089363247156143,0.14462264999747276
Z08,2025-09-09 10:00:00,0,0.31128162,0.0,0.9314622163772582
Z09,2025-09-09 10:00:00,0,0.0469689,0.0,0.11623554304242134
Z10,2025-09-09 10:00:00,0,0.09033786,0.021071214228868484,0.1596045009791851
Z01,2025-09-09 11:00:00,0,0.009335132,0.0,0.0786017756909132
Z02,2025-09-09 11:00:00,0,0.0100153955,0.0,0.07928203884512186
Z03,2025-09-09 11:00:00,0,0.010742493,0.0,0.08000913634896278
Z04,2025-09-09 11:00:00,0,0.009200251,0.0,0.07846689410507679
Z05,2025-09-09 11:00:00,0,0.009449206,0.0,0.07871584966778755
Z06,2025-09-09 11:00:00,0,0.0087157665,0.0,0.0779824098572135
Z07,2025-09-09 11:00:00,0,0.067949,0.0,0.13721564039587975
Z08,2025-09-09 11:00:00,0,0.00945226,0.0,0.07871890347450972
Z09,2025-09-09 11:00:00,0,0.008578057,0.0,0.07784470077604055
Z10,2025-09-09 11:00:00,0,0.009577674,0.0,0.07884431723505259
Z01,2025-09-09 12:00:00,0,0.33680198,0.0,0.9569825708866119
Z02,2025-09-09 12:00:00,0,0.38355476,0.0,1.0
Z03,2025-09-09 12:00:00,0,0.33633187,0.0,0.9565124690532684
Z04,2025-09-09 12:00:00,0,0.6936877,0.01480755805969236,1.0
Z05,2025-09-09 12:00:00,0,0.34723437,0.0,0.9674149632453918
Z06,2025-09-09 12:00:00,0,0.10295459,0.0,0.29709926396608355
Z07,2025-09-09 12:00:00,0,0.016708564,0.0,0.08597520738840103
Z08,2025-09-09 12:00:00,1,0.7537109,0.0,1.0
Z09,2025-09-09 12:00:00,0,0.07204517,0.002778526395559311,0.14131181314587593
Z10,2025-09-09 12:00:00,0,0.11331467,0.0,0.3074593484401703
Z01,2025-09-09 13:00:00,0,0.081389,0.01212235912680626,0.15065564587712288
Z02,2025-09-09 13:00:00,0,0.07468999,0.005423348397016525,0.14395663514733315
Z03,2025-09-09 13:00:00,1,0.3368093,0.0,0.9569899022579192
Z04,2025-09-09 13:00:00,0,0.1331297,0.0,0.32727437615394595
Z05,2025-09-09 13:00:00,1,0.9689386,0.8841471552848815,1.0
Z06,2025-09-09 13:00:00,0,0.24716377,0.0,0.5450374484062195
Z07,2025-09-09 13:00:00,0,0.23544016,0.0,0.5333138406276703
Z08,2025-09-09 13:00:00,1,0.41270614,0.0,0.9661724746227264
Z09,2025-09-09 13:00:00,0,0.19913656,0.004991880059242254,0.39328123033046725
Z10,2025-09-09 13:00:00,0,0.43157732,0.0,0.9850436627864837
Z01,2025-09-09 14:00:00,1,0.08560284,0.016336198896169662,0.15486948564648628
Z02,2025-09-09 14:00:00,0,0.18832426,0.0,0.3824689328670502
Z03,2025-09-09 14:00:00,0,0.05729574,0.0,0.12656238302588463
Z04,2025-09-09 14:00:00,0,0.33073208,0.0,0.9509126722812652
Z05,2025-09-09 14:00:00,1,0.49034646,0.0,1.0
Z06,2025-09-09 14:00:00,0,0.3425144,0.0,0.9626949906349181
Z07,2025-09-09 14:00:00,0,0.022563638,0.0,0.09183028154075146
Z08,2025-09-09 14:00:00,0,0.04977752,0.0,0.11904416233301163
Z09,2025-09-09 14:00:00,0,0.40057018,0.0,0.954036521911621
Z10,2025-09-09 14:00:00,0,0.19306906,0.0,0.3872137308120728
Z01,2025-09-09 15:00:00,0,0.009585031,0.0,0.07885167468339205
Z02,2025-09-09 15:00:00,0,0.012173594,0.0,0.08144023735076189
Z03,2025-09-09 15:00:00,0,0.010990248,0.0,0.08025689143687487
Z04,2025-09-09 15:00:00,0,0.009992067,0.0,0.07925871014595032
Z05,2025-09-09 15:00:00,0,0.009500864,0.0,0.07876750733703375
Z06,2025-09-09 15:00:00,0,0.01369727,0.0,0.08296391367912292
Z07,2025-09-09 15:00:00,0,0.01833932,0.0,0.08760596252977848
Z08,2025-09-09 15:00:00,0,0.008637083,0.0,0.07790372613817453
Z09,2025-09-09 15:00:00,0,0.019739347,0.0,0.08900598995387554
Z10,2025-09-09 15:00:00,0,0.009716626,0.0,0.07898326963186264
Z01,2025-09-09 16:00:00,0,0.008800055,0.0,0.0780666982755065
Z02,2025-09-09 16:00:00,0,0.009293855,0.0,0.07856049854308367
Z03,2025-09-09 16:00:00,0,0.009816855,0.0,0.07908349856734276
Z04,2025-09-09 16:00:00,0,0.011440472,0.0,0.08070711512118578
Z05,2025-09-09 16:00:00,0,0.009449206,0.0,0.07871584966778755
Z06,2025-09-09 16:00:00,0,0.009556971,0.0,0.07882361393421888
Z07,2025-09-09 16:00:00,0,0.011943889,0.0,0.08121053222566843
Z08,2025-09-09 16:00:00,0,0.0086713815,0.0,0.07793802488595247
Z09,2025-09-09 16:00:00,0,0.008768103,0.0,0.07803474646061659
Z10,2025-09-09 16:00:00,0,0.009298906,0.0,0.07856554910540581
Z01,2025-09-09 17:00:00,0,0.04353991,0.0,0.11280655488371849
Z02,2025-09-09 17:00:00,0,0.07863618,0.009369533509016037,0.14790282025933266
Z03,2025-09-09 17:00:00,0,0.03422089,0.0,0.1034875325858593
Z04,2025-09-09 17:00:00,1,0.21030456,0.0,0.5081782341003418
Z05,2025-09-09 17:00:00,0,0.10427074,0.0,0.29841541647911074
Z06,2025-09-09 17:00:00,0,0.0665374,0.0,0.13580404594540596
Z07,2025-09-09 17:00:00,0,0.076061875,0.006795231252908707,0.14532851800322533
Z08,2025-09-09 17:00:00,0,0.040010355,0.0,0.10927699878811836
Z09,2025-09-09 17:00:00,0,0.033997327,0.0,0.103263970464468
Z10,2025-09-09 17:00:00,0,0.06848947,0.0,0.1377561129629612
Z01,2025-09-09 18:00:00,0,0.2250113,0.0,0.5228849798440933
Z02,2025-09-09 18:00:00,0,0.0330642,0.0,0.10233084484934807
Z03,2025-09-09 18:00:00,0,0.03573089,0.0,0.10499753430485725
Z04,2025-09-09 18:00:00,0,0.040221676,0.0,0.10948831960558891
Z05,2025-09-09 18:00:00,0,0.12271346,0.0,0.31685813665390017
Z06,2025-09-09 18:00:00,1,0.15983625,0.0,0.35398092269897463
Z07,2025-09-09 18:00:00,0,0.35923314,0.0,0.9794137358665466
Z08,2025-09-09 18:00:00,0,0.0559194,0.0,0.1251860447227955
Z09,2025-09-09 18:00:00,0,0.044194467,0.0,0.11346111074090004
Z10,2025-09-09 18:00:00,0,0.028809784,0.0,0.09807642735540867
Z01,2025-09-09 19:00:00,0,0.57885635,0.0,1.0
Z02,2025-09-09 19:00:00,1,0.9486391,0.8638476610183715,1.0
Z03,2025-09-09 19:00:00,0,0.77228904,0.0,1.0
Z04,2025-09-09 19:00:00,1,0.9483593,0.8635678768157958,1.0
Z05,2025-09-09 19:00:00,0,0.42097488,0.0,0.9744412183761596
Z06,2025-09-09 19:00:00,0,0.83327115,0.0,1.0
Z07,2025-09-09 19:00:00,0,0.22650473,0.0,0.5243784040212631
Z08,2025-09-09 19:00:00,1,0.9543296,0.8695381760597228,1.0
Z09,2025-09-09 19:00:00,1,0.9845227,0.8997312664985656,1.0
Z10,2025-09-09 19:00:00,1,0.90798134,0.823189902305603,0.9927727699279786
Z01,2025-09-09 20:00:00,1,0.99394727,0.9091558337211608,1.0
Z02,2025-09-09 20:00:00,0,0.65241224,0.0,1.0
Z03,2025-09-09 20:00:00,1,0.95205414,0.8672627091407775,1.0
Z04,2025-09-09 20:00:00,1,0.94954437,0.8647529363632201,1.0
Z05,2025-09-09 20:00:00,0,0.223048,0.0,0.5209216773509979
Z06,2025-09-09 20:00:00,1,0.98804116,0.9032497286796569,1.0
Z07,2025-09-09 20:00:00,0,0.59219635,0.0050751566886901855,1.0
Z08,2025-09-09 20:00:00,1,0.8757796,0.0035472750663757546,1.0
Z09,2025-09-09 20:00:00,1,0.65946126,0.0,1.0
Z10,2025-09-09 20:00:00,1,0.9707248,0.8859333872795104,1.0
Z01,2025-09-09 21:00:00,0,0.043336235,0.0,0.11260287836194038
Z02,2025-09-09 21:00:00,1,0.91685396,0.8320625305175781,1.0
Z03,2025-09-09 21:00:00,0,0.58422077,0.0,1.0
Z04,2025-09-09 21:00:00,0,0.8513235,0.0,1.0
Z05,2025-09-09 21:00:00,0,0.09585987,0.026593226939439774,0.1651265136897564
Z06,2025-09-09 21:00:00,1,0.62883055,0.0,1.0
Z07,2025-09-09 21:00:00,1,0.8967073,0.024474942684173606,1.0
Z08,2025-09-09 21:00:00,1,0.21140279,0.0,0.5092764645814896
Z09,2025-09-09 21:00:00,0,0.076704904,0.007438261061906815,0.14597154781222343
Z10,2025-09-09 21:00:00,0,0.93298405,0.8481926202774047,1.0
Z01,2025-09-09 22:00:00,1,0.9687358,0.8839443802833556,1.0
Z02,2025-09-09 22:00:00,1,0.39047563,0.0,1.0
Z03,2025-09-09 22:00:00,0,0.4528023,0.0,1.0
Z04,2025-09-09 22:00:00,0,0.07936465,0.010098006576299667,0.1486312933266163
Z05,2025-09-09 22:00:00,0,0.11348181,0.0,0.3076264873147011
Z06,2025-09-09 22:00:00,0,0.7192817,0.0,1.0
Z07,2025-09-09 22:00:00,0,0.124277085,0.0,0.3184217602014542
Z08,2025-09-09 22:00:00,0,0.088211484,0.018944840878248215,0.15747812762856483
Z09,2025-09-09 22:00:00,1,0.9825361,0.8977446436882018,1.0
Z10,2025-09-09 22:00:00,0,0.3871448,0.0,1.0
Z01,2025-09-09 23:00:00,0,0.008927001,0.0,0.07819364406168461
Z02,2025-09-09 23:00:00,0,0.0152954785,0.0,0.08456212189048529
Z03,2025-09-09 23:00:00,0,0.009190207,0.0,0.07845685072243214
Z04,2025-09-09 23:00:00,0,0.010239822,0.0,0.0795064652338624
Z05,2025-09-09 23:00:00,0,0.009132685,0.0,0.07839932851493359
Z06,2025-09-09 23:00:00,0,0.009053874,0.0,0.0783205172047019
Z07,2025-09-09 23:00:00,0,0.010149081,0.0,0.07941572461277246
Z08,2025-09-09 23:00:00,0,0.0087157665,0.0,0.0779824098572135
Z09,2025-09-09 23:00:00,0,0.009659696,0.0,0.07892633974552155
Z10,2025-09-09 23:00:00,0,0.00903828,0.0,0.07830492313951254
Z01,2025-09-10 00:00:00,0,0.030396862,0.0,0.0996635053306818
Z02,2025-09-10 00:00:00,0,0.011140173,0.0,0.08040681667625904
Z03,2025-09-10 00:00:00,0,0.03162022,0.0,0.10088686272501945
Z04,2025-09-10 00:00:00,0,0.024713999,0.0,0.09398064203560352
Z05,2025-09-10 00:00:00,0,0.011919884,0.0,0.08118652738630772
Z06,2025-09-10 00:00:00,0,0.01194039,0.0,0.0812070332467556
Z07,2025-09-10 00:00:00,0,0.20203549,0.0,0.4999091625213623
Z08,2025-09-10 00:00:00,0,0.01133605,0.0,0.08060269337147474
Z09,2025-09-10 00:00:00,0,0.016337484,0.0,0.08560412749648094
Z10,2025-09-10 00:00:00,0,0.011295,0.0,0.08056164346635342
Z01,2025-09-10 01:00:00,0,0.06306495,0.0,0.13233159109950066
Z02,2025-09-10 01:00:00,0,0.0131489,0.0,0.08241554349660873
Z03,2025-09-10 01:00:00,0,0.016567955,0.0,0.08583459816873074
Z04,2025-09-10 01:00:00,0,0.014495635,0.0,0.08376227878034115
Z05,2025-09-10 01:00:00,0,0.0240753,0.0,0.09334194287657738
Z06,2025-09-10 01:00:00,0,0.010926939,0.0,0.08019358199089766
Z07,2025-09-10 01:00:00,0,0.068399996,0.0,0.13766663894057274
Z08,2025-09-10 01:00:00,0,0.025703358,0.0,0.09497000090777874
Z09,2025-09-10 01:00:00,0,0.022663765,0.0,0.09193040803074837
Z10,2025-09-10 01:00:00,0,0.023287818,0.0,0.09255446121096611
Z01,2025-09-10 02:00:00,0,0.012967122,0.0,0.08223376516252756
Z02,2025-09-10 02:00:00,0,0.029698288,0.0,0.09896493144333363
Z03,2025-09-10 02:00:00,0,0.030192114,0.0,0.09945875778794289
Z04,2025-09-10 02:00:00,0,0.011654406,0.0,0.0809210492298007
Z05,2025-09-10 02:00:00,0,0.08047224,0.01120559498667717,0.1497388817369938
Z06,2025-09-10 02:00:00,0,0.026805531,0.0,0.09607217460870743
Z07,2025-09-10 02:00:00,0,0.052342027,0.0,0.1216086708009243
Z08,2025-09-10 02:00:00,0,0.026779793,0.0,0.09604643657803535
Z09,2025-09-10 02:00:00,0,0.011360327,0.0,0.08062697015702724
Z10,2025-09-10 02:00:00,0,0.012474635,0.0,0.0817412780597806
Z01,2025-09-10 03:00:00,0,0.011565528,0.0,0.08083217125386
Z02,2025-09-10 03:00:00,0,0.015181881,0.0,0.08444852475076914
Z03,2025-09-10 03:00:00,0,0.0106836585,0.0,0.0799503019079566
Z04,2025-09-10 03:00:00,0,0.0123989275,0.0,0.0816655708476901
Z05,2025-09-10 03:00:00,0,0.022271203,0.0,0.0915378462523222
Z06,2025-09-10 03:00:00,0,0.02997729,0.0,0.09924393333494663
Z07,2025-09-10 03:00:00,0,0.02732689,0.0,0.09659353271126747
Z08,2025-09-10 03:00:00,0,0.027992629,0.0,0.097259271889925
Z09,2025-09-10 03:00:00,0,0.010041712,0.0,0.07930835522711277
Z10,2025-09-10 03:00:00,0,0.05351292,0.0,0.12277956306934357
Z01,2025-09-10 04:00:00,0,0.011203109,0.0,0.08046975266188383
Z02,2025-09-10 04:00:00,0,0.012474312,0.0,0.08174095582216978
Z03,2025-09-10 04:00:00,0,0.010415561,0.0,0.07968220394104719
Z04,2025-09-10 04:00:00,0,0.15808518,0.0,0.3522298574447632
Z05,2025-09-10 04:00:00,0,0.024576288,0.0,0.09384293109178543
Z06,2025-09-10 04:00:00,0,0.03299051,0.0,0.1022571548819542
Z07,2025-09-10 04:00:00,0,0.1490236,0.0,0.3431682825088501
Z08,2025-09-10 04:00:00,0,0.011019431,0.0,0.08028607442975044
Z09,2025-09-10 04:00:00,0,0.02972667,0.0,0.09899331256747246
Z10,2025-09-10 04:00:00,0,0.07375693,0.0044902898371219635,0.14302357658743858
Z01,2025-09-10 05:00:00,0,0.02734937,0.0,0.09661601297557354
Z02,2025-09-10 05:00:00,0,0.011238036,0.0,0.08050467912107706
Z03,2025-09-10 05:00:00,0,0.0099139325,0.0,0.07918057590723038
Z04,2025-09-10 05:00:00,0,0.011746848,0.0,0.08101349137723446
Z05,2025-09-10 05:00:00,0,0.064637125,0.0,0.13390376791357994
Z06,2025-09-10 05:00:00,0,0.028471276,0.0,0.09773791953921318
Z07,2025-09-10 05:00:00,0,0.064128794,0.0,0.13339543715119362
Z08,2025-09-10 05:00:00,0,0.028784761,0.0,0.0980514045804739
Z09,2025-09-10 05:00:00,0,0.0112440465,0.0,0.08051068987697363
Z10,2025-09-10 05:00:00,0,0.012122854,0.0,0.08138949703425169
Z01,2025-09-10 06:00:00,0,0.008800055,0.0,0.0780666982755065
Z02,2025-09-10 06:00:00,0,0.0121224765,0.0,0.08138911984860897
Z03,2025-09-10 06:00:00,0,0.009282898,0.0,0.07854954153299332
Z04,2025-09-10 06:00:00,0,0.010230045,0.0,0.07949668820947409
Z05,2025-09-10 06:00:00,0,0.009266468,0.0,0.07853311114013195
Z06,2025-09-10 06:00:00,0,0.011936801,0.0,0.08120344392955303
Z07,2025-09-10 06:00:00,0,0.010872073,0.0,0.08013871591538191
Z08,2025-09-10 06:00:00,0,0.015941616,0.0,0.08520825952291489
Z09,2025-09-10 06:00:00,0,0.014223923,0.0,0.08349056635051966
Z10,2025-09-10 06:00:00,0,0.010143503,0.0,0.07941014599055052
Z01,2025-09-10 07:00:00,0,0.024937894,0.0,0.09420453757047653
Z02,2025-09-10 07:00:00,0,0.03060337,0.0,0.09987001307308674
Z03,2025-09-10 07:00:00,0,0.18645795,0.0,0.38060262203216555
Z04,2025-09-10 07:00:00,0,0.009234893,0.0,0.07850153651088476
Z05,2025-09-10 07:00:00,0,0.01742009,0.0,0.08668673411011696
Z06,2025-09-10 07:00:00,0,0.010164609,0.0,0.07943125255405903
Z07,2025-09-10 07:00:00,0,0.014881149,0.0,0.08414779230952263
Z08,2025-09-10 07:00:00,0,0.009066884,0.0,0.07833352778106928
Z09,2025-09-10 07:00:00,0,0.0091048,0.0,0.07837144378572702
Z10,2025-09-10 07:00:00,0,0.009484777,0.0,0.07875142060220242
Z01,2025-09-10 08:00:00,0,0.76786816,0.0,1.0
Z02,2025-09-10 08:00:00,0,0.46453592,0.0,1.0
Z03,2025-09-10 08:00:00,1,0.2809987,0.0,0.5788723826408386
Z04,2025-09-10 08:00:00,0,0.2736549,0.0,0.5715285837650299
Z05,2025-09-10 08:00:00,0,0.3911388,0.0,1.0
Z06,2025-09-10 08:00:00,0,0.5147167,0.0,1.0
Z07,2025-09-10 08:00:00,0,0.6748084,0.0,1.0
Z08,2025-09-10 08:00:00,0,0.24742803,0.0,0.5453017055988312
Z09,2025-09-10 08:00:00,0,0.17500304,0.0,0.3691477119922638
Z10,2025-09-10 08:00:00,1,0.29082787,0.0,0.5887015461921692
Z01,2025-09-10 09:00:00,0,0.33303982,0.0,0.9532204151153564
Z02,2025-09-10 09:00:00,0,0.10991814,0.0,0.30406281501054766
Z03,2025-09-10 09:00:00,0,0.1724317,0.0,0.36657638251781466
Z04,2025-09-10 09:00:00,0,0.7062605,0.0,1.0
Z05,2025-09-10 09:00:00,1,0.59327227,0.006151080131530762,1.0
Z06,2025-09-10 09:00:00,0,0.6392348,0.0,1.0
Z07,2025-09-10 09:00:00,0,0.7621304,0.0,1.0
Z08,2025-09-10 09:00:00,1,0.06680458,0.0,0.13607122376561165
Z09,2025-09-10 09:00:00,0,0.37757972,0.0,0.9977603137493133
Z10,2025-09-10 09:00:00,1,0.8938166,0.02158423662185671,1.0
Z01,2025-09-10 10:00:00,0,0.063913606,0.0,0.13318024948239326
Z02,2025-09-10 10:00:00,0,0.049775064,0.0,0.11904170736670494
Z03,2025-09-10 10:00:00,0,0.20164838,0.0,0.49952206015586853
Z04,2025-09-10 10:00:00,0,0.12235389,0.0,0.31649856418371203
Z05,2025-09-10 10:00:00,0,0.094079025,0.024812381714582443,0.16334566846489906
Z06,2025-09-10 10:00:00,0,0.09899823,0.029731590300798416,0.16826487705111504
Z07,2025-09-10 10:00:00,0,0.08816832,0.018901679664850235,0.15743496641516685
Z08,2025-09-10 10:00:00,0,0.023159685,0.0,0.09242632798850536
Z09,2025-09-10 10:00:00,0,0.02667326,0.0,0.09593990258872509
Z10,2025-09-10 10:00:00,0,0.16887632,0.0,0.363020995259285
Z01,2025-09-10 11:00:00,0,0.009651835,0.0,0.07891847845166922
Z02,2025-09-10 11:00:00,0,0.009830543,0.0,0.07909718621522188
Z03,2025-09-10 11:00:00,0,0.009418113,0.0,0.07868475653231144
Z04,2025-09-10 11:00:00,0,0.014674613,0.0,0.08394125662744045
Z05,2025-09-10 11:00:00,0,0.014768982,0.0,0.08403562568128109
Z06,2025-09-10 11:00:00,0,0.013887247,0.0,0.08315389044582844
Z07,2025-09-10 11:00:00,0,0.009785807,0.0,0.07905245013535023
Z08,2025-09-10 11:00:00,0,0.00946168,0.0,0.07872832380235195
Z09,2025-09-10 11:00:00,0,0.008875527,0.0,0.07814217079430819
Z10,2025-09-10 11:00:00,0,0.011625988,0.0,0.08089263178408146
Z01,2025-09-10 12:00:00,1,0.6801597,0.0012795686721801536,1.0
Z02,2025-09-10 12:00:00,0,0.19118144,0.0,0.38532611131668093
Z03,2025-09-10 12:00:00,0,0.06645863,0.0,0.13572527095675468
Z04,2025-09-10 12:00:00,0,0.06093375,0.0,0.13020039349794388
Z05,2025-09-10 12:00:00,0,0.019636828,0.0,0.08890347182750702
Z06,2025-09-10 12:00:00,0,0.63455194,0.0,1.0
Z07,2025-09-10 12:00:00,0,0.093625665,0.024359021335840225,0.16289230808615685
Z08,2025-09-10 12:00:00,0,0.2832153,0.0,0.5810889899730682
Z09,2025-09-10 12:00:00,0,0.13100073,0.0,0.32514540255069735
Z10,2025-09-10 12:00:00,0,0.06263635,0.0,0.1319029964506626
Z01,2025-09-10 13:00:00,0,0.024091624,0.0,0.09335826709866524
Z02,2025-09-10 13:00:00,1,0.61566865,0.0,1.0
Z03,2025-09-10 13:00:00,0,0.23669922,0.0,0.5345728993415833
Z04,2025-09-10 13:00:00,0,0.050589237,0.0,0.11985588073730469
Z05,2025-09-10 13:00:00,0,0.3073224,0.0,0.9275030076503753
Z06,2025-09-10 13:00:00,0,0.14049803,0.0,0.33464270234107973
Z07,2025-09-10 13:00:00,0,0.2944239,0.0,0.5922975838184357
Z08,2025-09-10 13:00:00,0,0.0802116,0.01094495877623558,0.1494782455265522
Z09,2025-09-10 13:00:00,1,0.29797164,9.796023368835449e-05,0.5958453118801117
Z10,2025-09-10 13:00:00,0,0.07367186,0.004405219107866287,0.1429385058581829
Z01,2025-09-10 14:00:00,0,0.02001196,0.0,0.08927860297262669
Z02,2025-09-10 14:00:00,0,0.3887852,0.0,1.0
Z03,2025-09-10 14:00:00,0,0.24369186,0.0,0.5415655374526978
Z04,2025-09-10 14:00:00,0,0.045738902,0.0,0.11500554531812668
Z05,2025-09-10 14:00:00,1,0.21597813,0.0,0.5138518065214157
Z06,2025-09-10 14:00:00,0,0.13404146,0.0,0.3281861335039139
Z07,2025-09-10 14:00:00,0,0.018036589,0.0,0.08730323240160942
Z08,2025-09-10 14:00:00,0,0.0804059,0.01113925501704216,0.14967254176735878
Z09,2025-09-10 14:00:00,0,0.038322203,0.0,0.10758884623646736
Z10,2025-09-10 14:00:00,0,0.04026573,0.0,0.10953237488865852
Z01,2025-09-10 15:00:00,0,0.008806833,0.0,0.07807347644120455
Z02,2025-09-10 15:00:00,0,0.009117234,0.0,0.07838387694209814
Z03,2025-09-10 15:00:00,0,0.008972801,0.0,0.07823944464325905
Z04,2025-09-10 15:00:00,0,0.009289181,0.0,0.07855582423508167
Z05,2025-09-10 15:00:00,0,0.009484387,0.0,0.07875103037804365
Z06,2025-09-10 15:00:00,0,0.009495754,0.0,0.07876239717006683
Z07,2025-09-10 15:00:00,0,0.010166533,0.0,0.07943317666649818
Z08,2025-09-10 15:00:00,0,0.009592408,0.0,0.07885905168950558
Z09,2025-09-10 15:00:00,0,0.008968248,0.0,0.07823489140719175
Z10,2025-09-10 15:00:00,0,0.008951731,0.0,0.07821837440133095
Z01,2025-09-10 16:00:00,0,0.0106366975,0.0,0.07990334089845419
Z02,2025-09-10 16:00:00,0,0.009010136,0.0,0.07827677950263023
Z03,2025-09-10 16:00:00,0,0.010470059,0.0,0.07973670214414597
Z04,2025-09-10 16:00:00,0,0.020500612,0.0,0.08976725488901138
Z05,2025-09-10 16:00:00,0,0.009264384,0.0,0.07853102777153254
Z06,2025-09-10 16:00:00,0,0.009020254,0.0,0.07828689739108086
Z07,2025-09-10 16:00:00,0,0.009999853,0.0,0.0792664960026741
Z08,2025-09-10 16:00:00,0,0.009175313,0.0,0.07844195608049631
Z09,2025-09-10 16:00:00,0,0.010249502,0.0,0.07951614540070295
Z10,2025-09-10 16:00:00,0,0.013215725,0.0,0.08248236868530512
Z01,2025-09-10 17:00:00,0,0.052736387,0.0,0.12200303003191948
Z02,2025-09-10 17:00:00,0,0.040717077,0.0,0.10998371988534927
Z03,2025-09-10 17:00:00,0,0.10377255,0.0,0.29791722595691683
Z04,2025-09-10 17:00:00,0,0.12908462,0.0,0.32322929203510287
Z05,2025-09-10 17:00:00,0,0.13606896,0.0,0.3302136301994324
Z06,2025-09-10 17:00:00,0,0.30217156,0.0,0.9223521530628204
Z07,2025-09-10 17:00:00,0,0.06325381,0.0,0.13252045586705208
Z08,2025-09-10 17:00:00,0,0.038460083,0.0,0.10772672668099403
Z09,2025-09-10 17:00:00,0,0.038167525,0.0,0.10743416845798492
Z10,2025-09-10 17:00:00,0,0.061322156,0.0,0.13058879971504211
Z01,2025-09-10 18:00:00,0,0.058237936,0.0,0.12750457972288132
Z02,2025-09-10 18:00:00,0,0.061740275,0.0,0.13100691884756088
Z03,2025-09-10 18:00:00,1,0.08654742,0.01728077605366707,0.1558140628039837
Z04,2025-09-10 18:00:00,0,0.032652177,0.0,0.10191882029175758
Z05,2025-09-10 18:00:00,0,0.06507959,0.0,0.13434623554348946
Z06,2025-09-10 18:00:00,1,0.720928,0.0,1.0
Z07,2025-09-10 18:00:00,1,0.08577772,0.01651107892394066,0.15504436567425728
Z08,2025-09-10 18:00:00,0,0.058348734,0.0,0.12761537730693817
Z09,2025-09-10 18:00:00,1,0.10128047,0.0,0.29542514830827715
Z10,2025-09-10 18:00:00,0,0.085884094,0.01661745086312294,0.15515073761343956
Z01,2025-09-10 19:00:00,1,0.98949206,0.9047006249427795,1.0
Z02,2025-09-10 19:00:00,0,0.95237494,0.8675835013389587,1.0
Z03,2025-09-10 19:00:00,1,0.8538267,0.0,1.0
Z04,2025-09-10 19:00:00,1,0.836345,0.0,1.0
Z05,2025-09-10 19:00:00,1,0.99156004,0.9067686080932617,1.0
Z06,2025-09-10 19:00:00,1,0.8802347,0.008002364635467552,1.0
Z07,2025-09-10 19:00:00,1,0.9908131,0.9060216426849365,1.0
Z08,2025-09-10 19:00:00,1,0.5829694,0.0,1.0
Z09,2025-09-10 19:00:00,1,0.951273,0.866481590270996,1.0
Z10,2025-09-10 19:00:00,0,0.49040163,0.0,1.0
Z01,2025-09-10 20:00:00,1,0.94918,0.8643885731697082,1.0
Z02,2025-09-10 20:00:00,1,0.9170445,0.832253086566925,1.0
Z03,2025-09-10 20:00:00,1,0.79035467,0.004262685775756836,1.0
Z04,2025-09-10 20:00:00,0,0.6581494,0.0,1.0
Z05,2025-09-10 20:00:00,0,0.32256854,0.0,0.9427491307258605
Z06,2025-09-10 20:00:00,1,0.8460582,0.0,1.0
Z07,2025-09-10 20:00:00,0,0.7222566,0.0,1.0
Z08,2025-09-10 20:00:00,0,0.9118853,0.8270938873291015,0.9966767549514771
Z09,2025-09-10 20:00:00,1,0.9816273,0.8968358516693115,1.0
Z10,2025-09-10 20:00:00,1,0.99343216,0.9086407303810119,1.0
Z01,2025-09-10 21:00:00,0,0.050388694,0.0,0.11965533718466759
Z02,2025-09-10 21:00:00,1,0.66993576,0.0,1.0
Z03,2025-09-10 21:00:00,0,0.06791059,0.0,0.1371772326529026
Z04,2025-09-10 21:00:00,0,0.38254312,0.0,1.0
Z05,2025-09-10 21:00:00,0,0.050355583,0.0,0.11962222680449486
Z06,2025-09-10 21:00:00,0,0.16475408,0.0,0.3588987529277802
Z07,2025-09-10 21:00:00,1,0.8874043,0.015171968936920188,1.0
Z08,2025-09-10 21:00:00,1,0.90748423,0.8226927995681762,0.9922756671905518
Z09,2025-09-10 21:00:00,0,0.7119627,0.0,1.0
Z10,2025-09-10 21:00:00,1,0.66527164,0.0,1.0
Z01,2025-09-10 22:00:00,0,0.08113905,0.011872407048940659,0.15040569379925728
Z02,2025-09-10 22:00:00,0,0.029339697,0.0,0.09860634058713913
Z03,2025-09-10 22:00:00,0,0.73016906,0.0,1.0
Z04,2025-09-10 22:00:00,0,0.41830826,0.0,0.9717745959758758
Z05,2025-09-10 22:00:00,1,0.94981605,0.8650246143341064,1.0
Z06,2025-09-10 22:00:00,1,0.67814404,0.0,1.0
Z07,2025-09-10 22:00:00,0,0.8803409,0.008108520507812522,1.0
Z08,2025-09-10 22:00:00,1,0.6193727,0.0,1.0
Z09,2025-09-10 22:00:00,0,0.21755747,0.0,0.5154311507940292
Z10,2025-09-10 22:00:00,1,0.82116854,0.0,1.0
Z01,2025-09-10 23:00:00,0,0.009211425,0.0,0.07847806811332703
Z02,2025-09-10 23:00:00,0,0.0113050155,0.0,0.08057165890932083
Z03,2025-09-10 23:00:00,0,0.012827788,0.0,0.08209443092346191
Z04,2025-09-10 23:00:00,0,0.012399372,0.0,0.0816660150885582
Z05,2025-09-10 23:00:00,0,0.009533606,0.0,0.07880024891346693
Z06,2025-09-10 23:00:00,0,0.00929332,0.0,0.07855996303260326
Z07,2025-09-10 23:00:00,0,0.009960155,0.0,0.07922679837793112
Z08,2025-09-10 23:00:00,0,0.009489441,0.0,0.07875608466565609
Z09,2025-09-10 23:00:00,0,0.009535907,0.0,0.0788025502115488
Z10,2025-09-10 23:00:00,0,0.016629258,0.0,0.08589590154588223
Z01,2025-09-11 00:00:00,0,0.02901705,0.0,0.09828369319438934
Z02,2025-09-11 00:00:00,0,0.013486008,0.0,0.08275265153497458
Z03,2025-09-11 00:00:00,0,0.012472891,0.0,0.08173953462392092
Z04,2025-09-11 00:00:00,0,0.010913702,0.0,0.08018034510314465
Z05,2025-09-11 00:00:00,0,0.02312514,0.0,0.09239178337156773
Z06,2025-09-11 00:00:00,0,0.025547152,0.0,0.09481379576027393
Z07,2025-09-11 00:00:00,0,0.2756781,0.0,0.5735517740249634
Z08,2025-09-11 00:00:00,0,0.02876154,0.0,0.09802818298339844
Z09,2025-09-11 00:00:00,0,0.01144952,0.0,0.08071616291999817
Z10,2025-09-11 00:00:00,0,0.062502496,0.0,0.13176913931965828
Z01,2025-09-11 01:00:00,0,0.019014068,0.0,0.08828071132302284
Z02,2025-09-11 01:00:00,0,0.028286472,0.0,0.09755311533808708
Z03,2025-09-11 01:00:00,0,0.012729855,0.0,0.0819964986294508
Z04,2025-09-11 01:00:00,0,0.079095386,0.00982874259352684,0.14836202934384346
Z05,2025-09-11 01:00:00,0,0.029602993,0.0,0.09886963665485382
Z06,2025-09-11 01:00:00,0,0.028225979,0.0,0.09749262221157551
Z07,2025-09-11 01:00:00,0,0.052322116,0.0,0.12158875912427902
Z08,2025-09-11 01:00:00,0,0.012104536,0.0,0.08137117978185415
Z09,2025-09-11 01:00:00,0,0.011501202,0.0,0.08076784573495388
Z10,2025-09-11 01:00:00,0,0.02109183,0.0,0.09035847336053848
Z01,2025-09-11 02:00:00,0,0.011934962,0.0,0.08120160549879074
Z02,2025-09-11 02:00:00,0,0.02957882,0.0,0.0988454632461071
Z03,2025-09-11 02:00:00,0,0.01668921,0.0,0.08595585264265537
Z04,2025-09-11 02:00:00,0,0.02942422,0.0,0.09869086369872093
Z05,2025-09-11 02:00:00,0,0.023617085,0.0,0.09288372844457626
Z06,2025-09-11 02:00:00,0,0.062337153,0.0,0.13160379603505135
Z07,2025-09-11 02:00:00,0,0.05279766,0.0,0.12206430360674858
Z08,2025-09-11 02:00:00,0,0.011181848,0.0,0.08044849149882793
Z09,2025-09-11 02:00:00,0,0.011384586,0.0,0.08065122924745083
Z10,2025-09-11 02:00:00,0,0.06728297,0.0,0.13654961064457893
Z01,2025-09-11 03:00:00,0,0.022936797,0.0,0.09220344014465809
Z02,2025-09-11 03:00:00,0,0.055750113,0.0,0.12501675635576248
Z03,2025-09-11 03:00:00,0,0.011477996,0.0,0.08074463903903961
Z04,2025-09-11 03:00:00,0,0.03052628,0.0,0.09979292377829552
Z05,2025-09-11 03:00:00,0,0.023403738,0.0,0.09267038106918335
Z06,2025-09-11 03:00:00,0,0.012510295,0.0,0.08177693840116262
Z07,2025-09-11 03:00:00,0,0.05415692,0.0,0.12342356517910957
Z08,2025-09-11 03:00:00,0,0.0767818,0.007515158504247665,0.14604844525456429
Z09,2025-09-11 03:00:00,0,0.015421063,0.0,0.08468770608305931
Z10,2025-09-11 03:00:00,0,0.011096224,0.0,0.08036286756396294
Z01,2025-09-11 04:00:00,0,0.060497943,0.0,0.129764586687088
Z02,2025-09-11 04:00:00,0,0.010794415,0.0,0.08006105851382017
Z03,2025-09-11 04:00:00,0,0.009320319,0.0,0.07858696207404137
Z04,2025-09-11 04:00:00,0,0.0144281555,0.0,0.08369479887187481
Z05,2025-09-11 04:00:00,0,0.021907736,0.0,0.09117437899112701
Z06,2025-09-11 04:00:00,0,0.0116288,0.0,0.08089544344693422
Z07,2025-09-11 04:00:00,1,0.21170561,0.0,0.5095792859792709
Z08,2025-09-11 04:00:00,0,0.01508967,0.0,0.08435631357133389
Z09,2025-09-11 04:00:00,0,0.032617457,0.0,0.10188410058617592
Z10,2025-09-11 04:00:00,0,0.010983187,0.0,0.08024983014911413
Z01,2025-09-11 05:00:00,0,0.024675194,0.0,0.0939418375492096
Z02,2025-09-11 05:00:00,0,0.028042827,0.0,0.09730947017669678
Z03,2025-09-11 05:00:00,0,0.01514245,0.0,0.0844090934842825
Z04,2025-09-11 05:00:00,0,0.026574591,0.0,0.09584123454988003
Z05,2025-09-11 05:00:00,0,0.07299348,0.0037268362939357758,0.1422601230442524
Z06,2025-09-11 05:00:00,0,0.019524049,0.0,0.08879069238901138
Z07,2025-09-11 05:00:00,0,0.22743611,0.0,0.5253097862005234
Z08,2025-09-11 05:00:00,0,0.0102053685,0.0,0.07947201188653708
Z09,2025-09-11 05:00:00,0,0.0105366,0.0,0.07980324327945709
Z10,2025-09-11 05:00:00,0,0.20603833,0.0,0.5039120018482208
Z01,2025-09-11 06:00:00,0,0.009147783,0.0,0.07841442618519068
Z02,2025-09-11 06:00:00,0,0.008501739,0.0,0.07776838261634111
Z03,2025-09-11 06:00:00,0,0.008501739,0.0,0.07776838261634111
Z04,2025-09-11 06:00:00,0,0.00919187,0.0,0.07845851313322783
Z05,2025-09-11 06:00:00,0,0.009164001,0.0,0.07843064423650503
Z06,2025-09-11 06:00:00,0,0.008922491,0.0,0.07818913459777832
Z07,2025-09-11 06:00:00,0,0.010108602,0.0,0.07937524560838938
Z08,2025-09-11 06:00:00,0,0.008929363,0.0,0.07819600682705641
Z09,2025-09-11 06:00:00,0,0.010607677,0.0,0.0798743199557066
Z10,2025-09-11 06:00:00,0,0.010181857,0.0,0.07944850064814091
Z01,2025-09-11 07:00:00,0,0.3326419,0.0,0.9528224945068359
Z02,2025-09-11 07:00:00,0,0.022445975,0.0,0.09171261824667454
Z03,2025-09-11 07:00:00,0,0.054935195,0.0,0.12420183792710304
Z04,2025-09-11 07:00:00,0,0.093598194,0.024331551045179367,0.162864837795496
Z05,2025-09-11 07:00:00,0,0.03221519,0.0,0.1014818325638771
Z06,2025-09-11 07:00:00,0,0.011186456,0.0,0.08045309968292713
Z07,2025-09-11 07:00:00,0,0.31287032,0.0,0.9330509185791015
Z08,2025-09-11 07:00:00,0,0.0125917895,0.0,0.08185843285173178
Z09,2025-09-11 07:00:00,0,0.1995671,0.005422419309616094,0.3937117695808411
Z10,2025-09-11 07:00:00,0,0.01615191,0.0,0.08541855402290821
Z01,2025-09-11 08:00:00,1,0.6200301,0.0,1.0
Z02,2025-09-11 08:00:00,0,0.059836328,0.0,0.12910297140479088
Z03,2025-09-11 08:00:00,0,0.3832832,0.0,1.0
Z04,2025-09-11 08:00:00,0,0.024999833,0.0,0.09426647610962391
Z05,2025-09-11 08:00:00,0,0.6073772,0.0,1.0
Z06,2025-09-11 08:00:00,0,0.70085984,0.0,1.0
Z07,2025-09-11 08:00:00,0,0.4120352,0.0,0.9655015349388122
Z08,2025-09-11 08:00:00,0,0.13012095,0.0,0.3242656230926514
Z09,2025-09-11 08:00:00,0,0.26003623,0.0,0.5579099059104919
Z10,2025-09-11 08:00:00,0,0.3167754,0.0,0.9369560062885284
Z01,2025-09-11 09:00:00,0,0.09354683,0.024280186742544174,0.1628134734928608
Z02,2025-09-11 09:00:00,0,0.0338379,0.0,0.10310454294085503
Z03,2025-09-11 09:00:00,1,0.9401655,0.8553740859031677,1.0
Z04,2025-09-11 09:00:00,0,0.08784543,0.01857878640294075,0.15711207315325737
Z05,2025-09-11 09:00:00,1,0.8002891,0.0,1.0
Z06,2025-09-11 09:00:00,0,0.8054235,0.0,1.0
Z07,2025-09-11 09:00:00,1,0.7861558,6.383657455444336e-05,1.0
Z08,2025-09-11 09:00:00,0,0.07153932,0.0022726766765117645,0.14080596342682838
Z09,2025-09-11 09:00:00,1,0.9318254,0.8470339655876159,1.0
Z10,2025-09-11 09:00:00,0,0.09877382,0.02950717881321907,0.1680404655635357
Z01,2025-09-11 10:00:00,1,0.58382565,0.0,1.0
Z02,2025-09-11 10:00:00,0,0.08788812,0.018621478229761124,0.15715476498007774
Z03,2025-09-11 10:00:00,0,0.14329861,0.0,0.33744328618049624
Z04,2025-09-11 10:00:00,0,0.048378553,0.0,0.11764519661664963
Z05,2025-09-11 10:00:00,0,0.020490602,0.0,0.08975724503397942
Z06,2025-09-11 10:00:00,0,0.040762555,0.0,0.1100291982293129
Z07,2025-09-11 10:00:00,0,0.08149944,0.012232799082994461,0.15076608583331108
Z08,2025-09-11 10:00:00,0,0.09056224,0.021295595914125443,0.15982888266444206
Z09,2025-09-11 10:00:00,0,0.031005288,0.0,0.1002719309180975
Z10,2025-09-11 10:00:00,0,0.12270878,0.0,0.3168534576892853
Z01,2025-09-11 11:00:00,0,0.008711364,0.0,0.07797800749540329
Z02,2025-09-11 11:00:00,0,0.011210285,0.0,0.08047692850232124
Z03,2025-09-11 11:00:00,0,0.009565491,0.0,0.07883213460445404
Z04,2025-09-11 11:00:00,0,0.009681269,0.0,0.07894791197031736
Z05,2025-09-11 11:00:00,0,0.009112466,0.0,0.07837910950183868
Z06,2025-09-11 11:00:00,0,0.008627918,0.0,0.07789456099271774
Z07,2025-09-11 11:00:00,0,0.013976001,0.0,0.08324264455586672
Z08,2025-09-11 11:00:00,0,0.008902897,0.0,0.07816954050213099
Z09,2025-09-11 11:00:00,0,0.008664985,0.0,0.07793162856251001
Z10,2025-09-11 11:00:00,0,0.010941889,0.0,0.08020853251218796
Z01,2025-09-11 12:00:00,0,0.07294592,0.003679279237985611,0.14221256598830223
Z02,2025-09-11 12:00:00,0,0.019190663,0.0,0.08845730684697628
Z03,2025-09-11 12:00:00,0,0.06949999,0.00023334845900535583,0.13876663520932198
Z04,2025-09-11 12:00:00,0,0.13870987,0.0,0.3328545480966568
Z05,2025-09-11 12:00:00,1,0.77808625,0.0,1.0
Z06,2025-09-11 12:00:00,0,0.25800216,0.0,0.555875837802887
Z07,2025-09-11 12:00:00,0,0.020124791,0.0,0.0893914345651865
Z08,2025-09-11 12:00:00,0,0.08997417,0.02070752903819084,0.15924081578850746
Z09,2025-09-11 12:00:00,1,0.8568358,0.0,1.0
Z10,2025-09-11 12:00:00,1,0.4769114,0.0,1.0
Z01,2025-09-11 13:00:00,0,0.0731685,0.0039018578827381134,0.14243514463305473
Z02,2025-09-11 13:00:00,0,0.08489906,0.015632417052984238,0.15416570380330086
Z03,2025-09-11 13:00:00,0,0.06497867,0.0,0.13424530997872353
Z04,2025-09-11 13:00:00,0,0.5403304,0.0,1.0
Z05,2025-09-11 13:00:00,0,0.020578606,0.0,0.08984524942934513
Z06,2025-09-11 13:00:00,0,0.5714882,0.0,1.0
Z07,2025-09-11 13:00:00,0,0.048700444,0.0,0.11796708777546883
Z08,2025-09-11 13:00:00,0,0.67014426,0.0,1.0
Z09,2025-09-11 13:00:00,1,0.69579965,0.016919529438018777,1.0
Z10,2025-09-11 13:00:00,0,0.023201177,0.0,0.09246782027184963
Z01,2025-09-11 14:00:00,0,0.01473242,0.0,0.08399906381964684
Z02,2025-09-11 14:00:00,0,0.658801,0.0,1.0
Z03,2025-09-11 14:00:00,0,0.27559376,0.0,0.5734674334526062
Z04,2025-09-11 14:00:00,0,0.04898104,0.0,0.11824768409132957
Z05,2025-09-11 14:00:00,0,0.2272729,0.0,0.5251465737819672
Z06,2025-09-11 14:00:00,1,0.62911767,0.0,1.0
Z07,2025-09-11 14:00:00,1,0.5760845,0.0,1.0
Z08,2025-09-11 14:00:00,0,0.49220958,0.0,1.0
Z09,2025-09-11 14:00:00,0,0.092077136,0.022810492664575577,0.1613437794148922
Z10,2025-09-11 14:00:00,0,0.6993943,0.020514166355133034,1.0
Z01,2025-09-11 15:00:00,0,0.009843724,0.0,0.07911036722362041
Z02,2025-09-11 15:00:00,0,0.0115691805,0.0,0.08083582390099764
Z03,2025-09-11 15:00:00,0,0.010908587,0.0,0.08017523027956486
Z04,2025-09-11 15:00:00,0,0.008711364,0.0,0.07797800749540329
Z05,2025-09-11 15:00:00,0,0.05395457,0.0,0.12322121486067772
Z06,2025-09-11 15:00:00,0,0.009350558,0.0,0.07861720118671656
Z07,2025-09-11 15:00:00,0,0.036263045,0.0,0.10552968829870224
Z08,2025-09-11 15:00:00,0,0.009243496,0.0,0.07851013913750648
Z09,2025-09-11 15:00:00,0,0.008871045,0.0,0.07813768833875656
Z10,2025-09-11 15:00:00,0,0.009040672,0.0,0.07830731570720673
Z01,2025-09-11 16:00:00,0,0.009107564,0.0,0.07837420701980591
Z02,2025-09-11 16:00:00,0,0.046434358,0.0,0.11570100113749504
Z03,2025-09-11 16:00:00,0,0.009565491,0.0,0.07883213460445404
Z04,2025-09-11 16:00:00,0,0.010027548,0.0,0.07929419167339802
Z05,2025-09-11 16:00:00,0,0.009354034,0.0,0.0786206778138876
Z06,2025-09-11 16:00:00,0,0.008988979,0.0,0.0782556226477027
Z07,2025-09-11 16:00:00,0,0.010599554,0.0,0.0798661969602108
Z08,2025-09-11 16:00:00,0,0.00899838,0.0,0.07826502341777086
Z09,2025-09-11 16:00:00,0,0.008786082,0.0,0.07805272564291954
Z10,2025-09-11 16:00:00,0,0.008861525,0.0,0.07812816835939884
Z01,2025-09-11 17:00:00,0,0.24241023,0.0,0.5402839034795761
Z02,2025-09-11 17:00:00,0,0.11358694,0.0,0.3077316150069237
Z03,2025-09-11 17:00:00,0,0.05048991,0.0,0.1197565533220768
Z04,2025-09-11 17:00:00,0,0.057848983,0.0,0.1271156258881092
Z05,2025-09-11 17:00:00,0,0.21123478,0.0,0.5091084539890289
Z06,2025-09-11 17:00:00,0,0.049912486,0.0,0.1191791296005249
Z07,2025-09-11 17:00:00,0,0.038915846,0.0,0.10818248987197876
Z08,2025-09-11 17:00:00,0,0.07341547,0.0041488297283649445,0.14268211647868156
Z09,2025-09-11 17:00:00,0,0.05774746,0.0,0.12701410427689552
Z10,2025-09-11 17:00:00,0,0.15347284,0.0,0.34761751592159273
Z01,2025-09-11 18:00:00,0,0.058092717,0.0,0.12735936045646667
Z02,2025-09-11 18:00:00,0,0.040459383,0.0,0.10972602665424347
Z03,2025-09-11 18:00:00,0,0.054089304,0.0,0.12335594743490219
Z04,2025-09-11 18:00:00,0,0.0628134,0.0,0.1320800445973873
Z05,2025-09-11 18:00:00,0,0.11696661,0.0,0.3111112877726555
Z06,2025-09-11 18:00:00,0,0.029957997,0.0,0.0992246400564909
Z07,2025-09-11 18:00:00,0,0.46957016,0.0,1.0
Z08,2025-09-11 18:00:00,0,0.0744655,0.005198854953050613,0.14373214170336723
Z09,2025-09-11 18:00:00,0,0.06364494,0.0,0.1329115815460682
Z10,2025-09-11 18:00:00,0,0.050269026,0.0,0.1195356696844101
Z01,2025-09-11 19:00:00,1,0.9520278,0.8672363638877868,1.0
Z02,2025-09-11 19:00:00,1,0.91861576,0.833824324607849,1.0
Z03,2025-09-11 19:00:00,1,0.95634764,0.8715562105178832,1.0
Z04,2025-09-11 19:00:00,1,0.81657326,0.0,1.0
Z05,2025-09-11 19:00:00,1,0.95705676,0.8722653269767761,1.0
Z06,2025-09-11 19:00:00,0,0.7875132,0.001421213150024414,1.0
Z07,2025-09-11 19:00:00,1,0.9795232,0.8947317481040954,1.0
Z08,2025-09-11 19:00:00,0,0.91246885,0.8276774168014526,0.9972602844238282
Z09,2025-09-11 19:00:00,1,0.9343736,0.8495821833610534,1.0
Z10,2025-09-11 19:00:00,1,0.8770322,0.004799866676330589,1.0
Z01,2025-09-11 20:00:00,1,0.9449161,0.8601246953010558,1.0
Z02,2025-09-11 20:00:00,0,0.7985479,0.012455940246582031,1.0
Z03,2025-09-11 20:00:00,1,0.9869819,0.9021904945373534,1.0
Z04,2025-09-11 20:00:00,1,0.98312426,0.8983328223228454,1.0
Z05,2025-09-11 20:00:00,1,0.94236094,0.8575695037841796,1.0
Z06,2025-09-11 20:00:00,0,0.77639985,0.0,1.0
Z07,2025-09-11 20:00:00,0,0.89678866,0.024556303024292014,1.0
Z08,2025-09-11 20:00:00,1,0.67228305,0.0,1.0
Z09,2025-09-11 20:00:00,0,0.52578497,0.0,1.0
Z10,2025-09-11 20:00:00,1,0.7050966,0.0,1.0
Z01,2025-09-11 21:00:00,0,0.34932727,0.0,0.9695078611373901
Z02,2025-09-11 21:00:00,0,0.20716275,0.0,0.5050364285707474
Z03,2025-09-11 21:00:00,0,0.041146114,0.0,0.11041275784373283
Z04,2025-09-11 21:00:00,0,0.50574744,0.0,1.0
Z05,2025-09-11 21:00:00,1,0.50085616,0.0,1.0
Z06,2025-09-11 21:00:00,1,0.2389349,0.0,0.536808580160141
Z07,2025-09-11 21:00:00,0,0.30869466,0.0,0.9288752555847167
Z08,2025-09-11 21:00:00,0,0.10016721,0.0,0.2943118825554848
Z09,2025-09-11 21:00:00,0,0.77281606,0.0,1.0
Z10,2025-09-11 21:00:00,0,0.06675181,0.0,0.13601845130324364
Z01,2025-09-11 22:00:00,1,0.9430042,0.8582127571105956,1.0
Z02,2025-09-11 22:00:00,0,0.44391432,0.0,0.9973806619644164
Z03,2025-09-11 22:00:00,0,0.2092786,0.0,0.5071522742509842
Z04,2025-09-11 22:00:00,0,0.73197484,0.0,1.0
Z05,2025-09-11 22:00:00,0,0.44015273,0.0,0.9936190724372863
Z06,2025-09-11 22:00:00,0,0.120748185,0.0,0.3148928597569466
Z07,2025-09-11 22:00:00,1,0.8713276,0.0,1.0
Z08,2025-09-11 22:00:00,0,0.14669378,0.0,0.34083845615386965
Z09,2025-09-11 22:00:00,0,0.14417063,0.0,0.3383153021335602
Z10,2025-09-11 22:00:00,1,0.80129665,0.0,1.0
Z01,2025-09-11 23:00:00,0,0.009103863,0.0,0.07837050594389439
Z02,2025-09-11 23:00:00,0,0.009241536,0.0,0.0785081796348095
Z03,2025-09-11 23:00:00,0,0.008968269,0.0,0.07823491282761097
Z04,2025-09-11 23:00:00,0,0.010085011,0.0,0.07935165427625179
Z05,2025-09-11 23:00:00,0,0.009423426,0.0,0.07869006972759962
Z06,2025-09-11 23:00:00,0,0.009442108,0.0,0.07870875112712383
Z07,2025-09-11 23:00:00,0,0.016834691,0.0,0.08610133454203606
Z08,2025-09-11 23:00:00,0,0.008988979,0.0,0.0782556226477027
Z09,2025-09-11 23:00:00,0,0.008676019,0.0,0.07794266194105148
Z10,2025-09-11 23:00:00,0,0.00894721,0.0,0.07821385376155376
Z01,2025-09-12 00:00:00,0,0.011029413,0.0,0.08029605634510517
Z02,2025-09-12 00:00:00,0,0.0111474665,0.0,0.08041410986334085
Z03,2025-09-12 00:00:00,0,0.011331161,0.0,0.08059780392795801
Z04,2025-09-12 00:00:00,0,0.01161271,0.0,0.08087935298681259
Z05,2025-09-12 00:00:00,0,0.09260833,0.023341689258813858,0.16187497600913048
Z06,2025-09-12 00:00:00,0,0.02932162,0.0,0.09858826361596584
Z07,2025-09-12 00:00:00,0,0.026504325,0.0,0.09577096812427044
Z08,2025-09-12 00:00:00,0,0.076260775,0.006994131952524185,0.1455274187028408
Z09,2025-09-12 00:00:00,0,0.026172196,0.0,0.09543883986771107
Z10,2025-09-12 00:00:00,0,0.012604364,0.0,0.08187100756913424
Z01,2025-09-12 01:00:00,0,0.032038502,0.0,0.10130514577031136
Z02,2025-09-12 01:00:00,0,0.011460545,0.0,0.08072718791663647
Z03,2025-09-12 01:00:00,1,0.011460545,0.0,0.08072718791663647
Z04,2025-09-12 01:00:00,0,0.011007319,0.0,0.08027396257966757
Z05,2025-09-12 01:00:00,0,0.024190709,0.0,0.09345735237002373
Z06,2025-09-12 01:00:00,0,0.031930838,0.0,0.10119748115539551
Z07,2025-09-12 01:00:00,0,0.07296893,0.0037022866308689117,0.14223557338118553
Z08,2025-09-12 01:00:00,0,0.032004006,0.0,0.1012706495821476
Z09,2025-09-12 01:00:00,0,0.09961587,0.030349228531122208,0.16888251528143883
Z10,2025-09-12 01:00:00,0,0.10336646,0.0,0.2975111320614815
Z01,2025-09-12 02:00:00,0,0.05933202,0.0,0.1285986639559269
Z02,2025-09-12 02:00:00,0,0.027762545,0.0,0.09702918864786625
Z03,2025-09-12 02:00:00,0,0.0159732,0.0,0.08523984253406525
Z04,2025-09-12 02:00:00,0,0.011104123,0.0,0.08037076611071825
Z05,2025-09-12 02:00:00,0,0.063079305,0.0,0.13234594836831093
Z06,2025-09-12 02:00:00,0,0.0217582,0.0,0.0910248439759016
Z07,2025-09-12 02:00:00,0,0.06926931,2.6635825634002686e-06,0.13853595033288002
Z08,2025-09-12 02:00:00,0,0.011604492,0.0,0.08087113499641418
Z09,2025-09-12 02:00:00,0,0.011415024,0.0,0.08068166766315699
Z10,2025-09-12 02:00:00,0,0.011513987,0.0,0.08078062999993563
Z01,2025-09-12 03:00:00,0,0.012420176,0.0,0.08168681897222996
Z02,2025-09-12 03:00:00,0,0.011460545,0.0,0.08072718791663647
Z03,2025-09-12 03:00:00,0,0.014496445,0.0,0.08376308809965849
Z04,2025-09-12 03:00:00,0,0.08072917,0.011462528258562088,0.1499958150088787
Z05,2025-09-12 03:00:00,0,0.14511901,0.0,0.33926368653774264
Z06,2025-09-12 03:00:00,0,0.026830077,0.0,0.096096720546484
Z07,2025-09-12 03:00:00,0,0.02598779,0.0,0.0952544342726469
Z08,2025-09-12 03:00:00,0,0.032253403,0.0,0.10152004659175873
Z09,2025-09-12 03:00:00,0,0.021592867,0.0,0.09085951000452042
Z10,2025-09-12 03:00:00,0,0.023603449,0.0,0.09287009201943874
Z01,2025-09-12 04:00:00,0,0.055080105,0.0,0.12434674799442291
Z02,2025-09-12 04:00:00,0,0.014081716,0.0,0.08334835898131132
Z03,2025-09-12 04:00:00,0,0.01122247,0.0,0.08048911299556494
Z04,2025-09-12 04:00:00,0,0.030390184,0.0,0.09965682774782181
Z05,2025-09-12 04:00:00,0,0.023327803,0.0,0.09259444661438465
Z06,2025-09-12 04:00:00,0,0.011371359,0.0,0.08063800260424614
Z07,2025-09-12 04:00:00,0,0.066174135,0.0,0.13544077798724174
Z08,2025-09-12 04:00:00,0,0.025080448,0.0,0.09434709139168262
Z09,2025-09-12 04:00:00,0,0.027464775,0.0,0.09673141874372959
Z10,2025-09-12 04:00:00,0,0.024495175,0.0,0.09376181848347187
Z01,2025-09-12 05:00:00,0,0.031636093,0.0,0.1009027361869812
Z02,2025-09-12 05:00:00,0,0.015958844,0.0,0.08522548712790012
Z03,2025-09-12 05:00:00,0,0.024341788,0.0,0.09360843151807785
Z04,2025-09-12 05:00:00,0,0.014115645,0.0,0.08338228799402714
Z05,2025-09-12 05:00:00,0,0.06615615,0.0,0.13542279228568077
Z06,2025-09-12 05:00:00,0,0.06321087,0.0,0.1324775107204914
Z07,2025-09-12 05:00:00,0,0.07762553,0.00835888460278511,0.14689217135310173
Z08,2025-09-12 05:00:00,0,0.029153064,0.0,0.09841970726847649
Z09,2025-09-12 05:00:00,0,0.011113395,0.0,0.08038003835827112
Z10,2025-09-12 05:00:00,0,0.060378153,0.0,0.12964479625225067
Z01,2025-09-12 06:00:00,1,0.8125057,0.0,1.0
Z02,2025-09-12 06:00:00,0,0.23163772,0.0,0.5295113921165466
Z03,2025-09-12 06:00:00,0,0.61119205,0.0,1.0
Z04,2025-09-12 06:00:00,1,0.71877277,0.0,1.0
Z05,2025-09-12 06:00:00,1,0.9660927,0.8813012719154357,1.0
Z06,2025-09-12 06:00:00,1,0.89564437,0.023412013053894065,1.0
Z07,2025-09-12 06:00:00,1,0.98784155,0.9030501127243041,1.0
Z08,2025-09-12 06:00:00,0,0.24270286,0.0,0.5405765324831009
Z09,2025-09-12 06:00:00,1,0.94157255,0.8567811131477355,1.0
Z10,2025-09-12 06:00:00,0,0.950747,0.8659555792808532,1.0
Z01,2025-09-12 07:00:00,1,0.9940082,0.9092167496681213,1.0
Z02,2025-09-12 07:00:00,1,0.9925685,0.9077770590782165,1.0
Z03,2025-09-12 07:00:00,1,0.9917691,0.906977641582489,1.0
Z04,2025-09-12 07:00:00,1,0.99195695,0.907165515422821,1.0
Z05,2025-09-12 07:00:00,1,0.99455935,0.9097679138183593,1.0
Z06,2025-09-12 07:00:00,1,0.9892498,0.9044583916664123,1.0
Z07,2025-09-12 07:00:00,1,0.97668296,0.8918915271759033,1.0
Z08,2025-09-12 07:00:00,1,0.9935428,0.908751356601715,1.0
Z09,2025-09-12 07:00:00,1,0.9860173,0.9012258529663085,1.0
Z10,2025-09-12 07:00:00,1,0.992673,0.9078815460205077,1.0
Z01,2025-09-12 08:00:00,1,0.96943855,0.8846471190452575,1.0
Z02,2025-09-12 08:00:00,1,0.9907725,0.9059810519218444,1.0
Z03,2025-09-12 08:00:00,1,0.9881855,0.9033940911293029,1.0
Z04,2025-09-12 08:00:00,1,0.8289171,0.0,1.0
Z05,2025-09-12 08:00:00,1,0.979322,0.8945305824279784,1.0
Z06,2025-09-12 08:00:00,1,0.9412091,0.8564176440238952,1.0
Z07,2025-09-12 08:00:00,1,0.9924149,0.9076234579086303,1.0
Z08,2025-09-12 08:00:00,1,0.93818957,0.8533981323242187,1.0
Z09,2025-09-12 08:00:00,1,0.9656285,0.880837070941925,1.0
Z10,2025-09-12 08:00:00,0,0.85118836,0.0,1.0
Z01,2025-09-12 09:00:00,1,0.99514836,0.9103569269180297,1.0
Z02,2025-09-12 09:00:00,1,0.99514836,0.9103569269180297,1.0
Z03,2025-09-12 09:00:00,1,0.9944172,0.90962575674057,1.0
Z04,2025-09-12 09:00:00,1,0.9937895,0.9089980602264404,1.0
Z05,2025-09-12 09:00:00,1,0.99511504,0.9103236079216003,1.0
Z06,2025-09-12 09:00:00,1,0.99426526,0.9094738245010375,1.0
Z07,2025-09-12 09:00:00,1,0.9938459,0.9090544462203979,1.0
Z08,2025-09-12 09:00:00,1,0.99503833,0.9102468967437743,1.0
Z09,2025-09-12 09:00:00,1,0.9939091,0.9091176867485046,1.0
Z10,2025-09-12 09:00:00,1,0.9932058,0.908414351940155,1.0
Z01,2025-09-12 10:00:00,0,0.1552653,0.0,0.34940997660160067
Z02,2025-09-12 10:00:00,0,0.05864336,0.0,0.12791000306606293
Z03,2025-09-12 10:00:00,0,0.06794785,0.0,0.13721449300646782
Z04,2025-09-12 10:00:00,0,0.0832547,0.013988059014081955,0.15252134576439857
Z05,2025-09-12 10:00:00,0,0.20324904,0.0,0.5011227130889893
Z06,2025-09-12 10:00:00,0,0.22723074,0.0,0.5251044183969498
Z07,2025-09-12 10:00:00,0,0.111381315,0.0,0.30552598983049395
Z08,2025-09-12 10:00:00,0,0.25244462,0.0,0.5503183007240295
Z09,2025-09-12 10:00:00,0,0.07279155,0.0035249032080173492,0.14205818995833397
Z10,2025-09-12 10:00:00,0,0.1476756,0.0,0.3418202787637711
Z01,2025-09-12 11:00:00,0,0.031543598,0.0,0.10081024095416069
Z02,2025-09-12 11:00:00,0,0.47305006,0.0,1.0
Z03,2025-09-12 11:00:00,0,0.024573898,0.0,0.09384054131805897
Z04,2025-09-12 11:00:00,0,0.01246352,0.0,0.08173016365617514
Z05,2025-09-12 11:00:00,0,0.016960097,0.0,0.08622674085199833
Z06,2025-09-12 11:00:00,0,0.26234585,0.0,0.5602195262908936
Z07,2025-09-12 11:00:00,0,0.060813878,0.0,0.13008052110671997
Z08,2025-09-12 11:00:00,1,0.7008677,0.0,1.0
Z09,2025-09-12 11:00:00,0,0.12358751,0.0,0.3177321866154671
Z10,2025-09-12 11:00:00,0,0.024668898,0.0,0.0939355418086052
Z01,2025-09-12 12:00:00,1,0.99516946,0.9103780269622802,1.0
Z02,2025-09-12 12:00:00,1,0.9950128,0.9102213859558105,1.0
Z03,2025-09-12 12:00:00,1,0.9951375,0.9103460788726806,1.0
Z04,2025-09-12 12:00:00,1,0.99439996,0.9096085309982299,1.0
Z05,2025-09-12 12:00:00,1,0.99502987,0.9102384328842162,1.0
Z06,2025-09-12 12:00:00,1,0.9951249,0.9103334426879882,1.0
Z07,2025-09-12 12:00:00,1,0.99458885,0.9097974181175231,1.0
Z08,2025-09-12 12:00:00,1,0.9949044,0.910112965106964,1.0
Z09,2025-09-12 12:00:00,1,0.9951734,0.9103819608688354,1.0
Z10,2025-09-12 12:00:00,1,0.9948731,0.910081672668457,1.0
Z01,2025-09-12 13:00:00,1,0.99516946,0.9103780269622802,1.0
Z02,2025-09-12 13:00:00,1,0.9951249,0.9103334426879882,1.0
Z03,2025-09-12 13:00:00,1,0.9880178,0.903226363658905,1.0
Z04,2025-09-12 13:00:00,1,0.99491185,0.910120415687561,1.0
Z05,2025-09-12 13:00:00,1,0.9951249,0.9103334426879882,1.0
Z06,2025-09-12 13:00:00,1,0.99442214,0.9096307039260864,1.0
Z07,2025-09-12 13:00:00,1,0.98268247,0.8978910326957702,1.0
Z08,2025-09-12 13:00:00,1,0.99263483,0.9078433990478515,1.0
Z09,2025-09-12 13:00:00,1,0.99398935,0.9091979146003722,1.0
Z10,2025-09-12 13:00:00,1,0.9951249,0.9103334426879882,1.0
Z01,2025-09-12 14:00:00,1,0.962999,0.8782075524330138,1.0
Z02,2025-09-12 14:00:00,0,0.5606817,0.0,1.0
Z03,2025-09-12 14:00:00,1,0.9779218,0.893130350112915,1.0
Z04,2025-09-12 14:00:00,0,0.8853091,0.013076746463775657,1.0
Z05,2025-09-12 14:00:00,0,0.8672512,0.0,1.0
Z06,2025-09-12 14:00:00,0,0.96754164,0.8827502012252807,1.0
Z07,2025-09-12 14:00:00,1,0.98497504,0.900183606147766,1.0
Z08,2025-09-12 14:00:00,1,0.9875122,0.9027207374572753,1.0
Z09,2025-09-12 14:00:00,1,0.9921199,0.9073284745216369,1.0
Z10,2025-09-12 14:00:00,1,0.99434304,0.9095516085624694,1.0
Z01,2025-09-12 15:00:00,0,0.13139196,0.0,0.3255366325378418
Z02,2025-09-12 15:00:00,0,0.017416827,0.0,0.0866834707558155
Z03,2025-09-12 15:00:00,0,0.311623,0.0,0.9318036019802093
Z04,2025-09-12 15:00:00,1,0.7631836,0.0,1.0
Z05,2025-09-12 15:00:00,0,0.038707655,0.0,0.10797429829835892
Z06,2025-09-12 15:00:00,0,0.024450334,0.0,0.09371697716414928
Z07,2025-09-12 15:00:00,0,0.024042804,0.0,0.0933094471693039
Z08,2025-09-12 15:00:00,0,0.026758185,0.0,0.09602482803165913
Z09,2025-09-12 15:00:00,1,0.76217365,0.0,1.0
Z10,2025-09-12 15:00:00,0,0.21072203,0.0,0.5085957050323486
Z01,2025-09-12 16:00:00,0,0.01586881,0.0,0.08513545244932175
Z02,2025-09-12 16:00:00,0,0.018456852,0.0,0.08772349543869495
Z03,2025-09-12 16:00:00,0,0.0805531,0.011286456137895584,0.1498197428882122
Z04,2025-09-12 16:00:00,0,0.017009202,0.0,0.0862758457660675
Z05,2025-09-12 16:00:00,0,0.012959434,0.0,0.08222607709467411
Z06,2025-09-12 16:00:00,0,0.032614212,0.0,0.10188085585832596
Z07,2025-09-12 16:00:00,0,0.014477174,0.0,0.08374381717294455
Z08,2025-09-12 16:00:00,0,0.020795297,0.0,0.09006194025278091
Z09,2025-09-12 16:00:00,0,0.0147902705,0.0,0.08405691385269165
Z10,2025-09-12 16:00:00,0,0.012077459,0.0,0.08134410250931978
Z01,2025-09-12 17:00:00,1,0.25718307,0.0,0.5550567507743835
Z02,2025-09-12 17:00:00,0,0.36195567,0.0,0.9821362674236297
Z03,2025-09-12 17:00:00,0,0.27754855,0.0,0.5754222273826599
Z04,2025-09-12 17:00:00,0,0.19523138,0.0010867029428482111,0.3893760532140732
Z05,2025-09-12 17:00:00,0,0.42466825,0.0,0.9781345903873443
Z06,2025-09-12 17:00:00,0,0.18499951,0.0,0.3791441857814789
Z07,2025-09-12 17:00:00,1,0.6060215,0.0,1.0
Z08,2025-09-12 17:00:00,1,0.4154327,0.0,0.9688990294933318
Z09,2025-09-12 17:00:00,1,0.4067878,0.0,0.9602541506290435
Z10,2025-09-12 17:00:00,0,0.14636257,0.0,0.340507248044014
Z01,2025-09-12 18:00:00,0,0.13867778,0.0,0.3328224509954453
Z02,2025-09-12 18:00:00,1,0.49330598,0.0,1.0
Z03,2025-09-12 18:00:00,0,0.6846319,0.0057517647743224876,1.0
Z04,2025-09-12 18:00:00,0,0.1334191,0.0,0.32756377160549166
Z05,2025-09-12 18:00:00,0,0.09337983,0.024113189429044724,0.16264647617936134
Z06,2025-09-12 18:00:00,1,0.40810642,0.0,0.9615727543830871
Z07,2025-09-12 18:00:00,0,0.1308281,0.0,0.3249727725982666
Z08,2025-09-12 18:00:00,0,0.20765954,0.0,0.5055332183837891
Z09,2025-09-12 18:00:00,0,0.065784074,0.0,0.135050717741251
Z10,2025-09-12 18:00:00,0,0.82673,0.0,1.0
Z01,2025-09-12 19:00:00,1,0.9949883,0.9101968884468078,1.0
Z02,2025-09-12 19:00:00,1,0.9946509,0.9098594665527343,1.0
Z03,2025-09-12 19:00:00,1,0.9915679,0.906776475906372,1.0
Z04,2025-09-12 19:00:00,1,0.99495983,0.9101683974266052,1.0
Z05,2025-09-12 19:00:00,1,0.99439645,0.9096050143241882,1.0
Z06,2025-09-12 19:00:00,1,0.99253124,0.9077398061752319,1.0
Z07,2025-09-12 19:00:00,1,0.9948978,0.910106348991394,1.0
Z08,2025-09-12 19:00:00,1,0.9939521,0.9091606616973876,1.0
Z09,2025-09-12 19:00:00,1,0.9933561,0.9085646748542785,1.0
Z10,2025-09-12 19:00:00,1,0.9926144,0.9078229546546935,1.0
Z01,2025-09-12 20:00:00,1,0.99209094,0.9072995066642761,1.0
Z02,2025-09-12 20:00:00,1,0.9257377,0.8409462451934814,1.0
Z03,2025-09-12 20:00:00,1,0.9804452,0.8956537723541259,1.0
Z04,2025-09-12 20:00:00,1,0.803139,0.0,1.0
Z05,2025-09-12 20:00:00,1,0.9941397,0.9093482375144958,1.0
Z06,2025-09-12 20:00:00,1,0.9563629,0.8715714693069457,1.0
Z07,2025-09-12 20:00:00,1,0.95449543,0.869703996181488,1.0
Z08,2025-09-12 20:00:00,1,0.86428076,0.0,1.0
Z09,2025-09-12 20:00:00,0,0.9583686,0.8735771656036376,1.0
Z10,2025-09-12 20:00:00,1,0.94839,0.8635985732078552,1.0
Z01,2025-09-12 21:00:00,1,0.99511766,0.9103262305259704,1.0
Z02,2025-09-12 21:00:00,1,0.9951375,0.9103460788726806,1.0
Z03,2025-09-12 21:00:00,1,0.9945844,0.909792947769165,1.0
Z04,2025-09-12 21:00:00,1,0.9947326,0.9099411845207214,1.0
Z05,2025-09-12 21:00:00,1,0.99503314,0.9102417111396789,1.0
Z06,2025-09-12 21:00:00,1,0.9950128,0.9102213859558105,1.0
Z07,2025-09-12 21:00:00,1,0.9951375,0.9103460788726806,1.0
Z08,2025-09-12 21:00:00,1,0.9945016,0.909710156917572,1.0
Z09,2025-09-12 21:00:00,1,0.9947249,0.9099334955215453,1.0
Z10,2025-09-12 21:00:00,1,0.9947249,0.9099334955215453,1.0
Z01,2025-09-12 22:00:00,1,0.99488646,0.9100950241088867,1.0
Z02,2025-09-12 22:00:00,1,0.99488646,0.9100950241088867,1.0
Z03,2025-09-12 22:00:00,1,0.99488646,0.9100950241088867,1.0
Z04,2025-09-12 22:00:00,1,0.99488646,0.9100950241088867,1.0
Z05,2025-09-12 22:00:00,1,0.99488646,0.9100950241088867,1.0
Z06,2025-09-12 22:00:00,1,0.99488646,0.9100950241088867,1.0
Z07,2025-09-12 22:00:00,1,0.99488646,0.9100950241088867,1.0
Z08,2025-09-12 22:00:00,1,0.99488646,0.9100950241088867,1.0
Z09,2025-09-12 22:00:00,1,0.99488646,0.9100950241088867,1.0
Z10,2025-09-12 22:00:00,1,0.99488646,0.9100950241088867,1.0
Z01,2025-09-12 23:00:00,1,0.99516946,0.9103780269622802,1.0
Z02,2025-09-12 23:00:00,1,0.99373215,0.9089407205581664,1.0
Z03,2025-09-12 23:00:00,1,0.99445575,0.9096643209457397,1.0
Z04,2025-09-12 23:00:00,1,0.9912579,0.9064664721488952,1.0
Z05,2025-09-12 23:00:00,1,0.99369824,0.9089068055152892,1.0
Z06,2025-09-12 23:00:00,1,0.99449253,0.9097010970115661,1.0
Z07,2025-09-12 23:00:00,1,0.9879502,0.9031587719917297,1.0
Z08,2025-09-12 23:00:00,1,0.9940274,0.909235942363739,1.0
Z09,2025-09-12 23:00:00,1,0.99184364,0.907052206993103,1.0
Z10,2025-09-12 23:00:00,1,0.9933201,0.9085286736488342,1.0
Z01,2025-09-13 00:00:00,0,0.0120651135,0.0,0.08133175689727068
Z02,2025-09-13 00:00:00,0,0.011138765,0.0,0.08040540851652622
Z03,2025-09-13 00:00:00,0,0.011269893,0.0,0.08053653594106436
Z04,2025-09-13 00:00:00,0,0.0121108275,0.0,0.08137747086584568
Z05,2025-09-13 00:00:00,0,0.04454324,0.0,0.11380988359451294
Z06,2025-09-13 00:00:00,0,0.03185431,0.0,0.1011209525167942
Z07,2025-09-13 00:00:00,0,0.20227839,0.0,0.5001520663499832
Z08,2025-09-13 00:00:00,0,0.015278738,0.0,0.08454538136720657
Z09,2025-09-13 00:00:00,0,0.059630495,0.0,0.12889713793992996
Z10,2025-09-13 00:00:00,0,0.02745667,0.0,0.09672331251204014
Z01,2025-09-13 01:00:00,0,0.012784956,0.0,0.08205159939825535
Z02,2025-09-13 01:00:00,0,0.010846724,0.0,0.08011336717754602
Z03,2025-09-13 01:00:00,0,0.011011873,0.0,0.08027851674705744
Z04,2025-09-13 01:00:00,0,0.029385205,0.0,0.09865184873342514
Z05,2025-09-13 01:00:00,0,0.06632962,0.0,0.13559626415371895
Z06,2025-09-13 01:00:00,0,0.028198995,0.0,0.0974656380712986
Z07,2025-09-13 01:00:00,0,0.076549366,0.007282722741365433,0.14581600949168205
Z08,2025-09-13 01:00:00,0,0.010660041,0.0,0.07992668449878693
Z09,2025-09-13 01:00:00,0,0.0106195,0.0,0.07988614309579134
Z10,2025-09-13 01:00:00,0,0.030225698,0.0,0.09949234127998352
Z01,2025-09-13 02:00:00,0,0.012976126,0.0,0.08224276918917894
Z02,2025-09-13 02:00:00,0,0.01590893,0.0,0.08517557382583618
Z03,2025-09-13 02:00:00,0,0.009735382,0.0,0.07900202553719282
Z04,2025-09-13 02:00:00,0,0.012196103,0.0,0.08146274648606777
Z05,2025-09-13 02:00:00,0,0.07122159,0.001954946666955948,0.14048823341727257
Z06,2025-09-13 02:00:00,0,0.027742023,0.0,0.09700866602361202
Z07,2025-09-13 02:00:00,0,0.014730316,0.0,0.0839969590306282
Z08,2025-09-13 02:00:00,0,0.04313319,0.0,0.11239983513951302
Z09,2025-09-13 02:00:00,0,0.029844265,0.0,0.099110908806324
Z10,2025-09-13 02:00:00,0,0.01976811,0.0,0.08903475292026997
Z01,2025-09-13 03:00:00,0,0.013203201,0.0,0.08246984425932169
Z02,2025-09-13 03:00:00,0,0.033072244,0.0,0.10233888775110245
Z03,2025-09-13 03:00:00,0,0.09077355,0.021506909281015396,0.16004019603133202
Z04,2025-09-13 03:00:00,0,0.010893898,0.0,0.08016054145991802
Z05,2025-09-13 03:00:00,0,0.07847225,0.009205605834722519,0.14773889258503914
Z06,2025-09-13 03:00:00,0,0.024140108,0.0,0.09340675175189972
Z07,2025-09-13 03:00:00,0,0.030451702,0.0,0.09971834532916546
Z08,2025-09-13 03:00:00,0,0.011158336,0.0,0.08042497932910919
Z09,2025-09-13 03:00:00,0,0.009708711,0.0,0.07897535432130098
Z10,2025-09-13 03:00:00,0,0.011536444,0.0,0.08080308698117733
Z01,2025-09-13 04:00:00,0,0.0565001,0.0,0.12576674297451973
Z02,2025-09-13 04:00:00,0,0.0281613,0.0,0.09742794372141361
Z03,2025-09-13 04:00:00,0,0.011283147,0.0,0.08054979052394629
Z04,2025-09-13 04:00:00,0,0.011016905,0.0,0.08028354868292809
Z05,2025-09-13 04:00:00,0,0.012692778,0.0,0.08195942174643278
Z06,2025-09-13 04:00:00,0,0.03366565,0.0,0.10293229296803474
Z07,2025-09-13 04:00:00,0,0.015122203,0.0,0.08438884653151035
Z08,2025-09-13 04:00:00,0,0.011921368,0.0,0.08118801098316908
Z09,2025-09-13 04:00:00,0,0.06042416,0.0,0.12969080358743668
Z10,2025-09-13 04:00:00,0,0.01227331,0.0,0.0815399531275034
Z01,2025-09-13 05:00:00,0,0.060856033,0.0,0.13012267649173737
Z02,2025-09-13 05:00:00,0,0.010189265,0.0,0.0794559083878994
Z03,2025-09-13 05:00:00,0,0.009807469,0.0,0.07907411269843578
Z04,2025-09-13 05:00:00,0,0.035397742,0.0,0.1046643853187561
Z05,2025-09-13 05:00:00,0,0.15420057,0.0,0.3483452439308167
Z06,2025-09-13 05:00:00,0,0.030421795,0.0,0.0996884386986494
Z07,2025-09-13 05:00:00,0,0.06678082,0.0,0.13604746386408806
Z08,2025-09-13 05:00:00,0,0.08917866,0.01991201564669609,0.1584453023970127
Z09,2025-09-13 05:00:00,0,0.010396627,0.0,0.07966327015310526
Z10,2025-09-13 05:00:00,0,0.05682397,0.0,0.1260906122624874
Z01,2025-09-13 06:00:00,0,0.009311218,0.0,0.07857786118984222
Z02,2025-09-13 06:00:00,0,0.0168175,0.0,0.0860841441899538
Z03,2025-09-13 06:00:00,0,0.017306767,0.0,0.08657341077923775
Z04,2025-09-13 06:00:00,0,0.010585626,0.0,0.07985226903110743
Z05,2025-09-13 06:00:00,0,0.00967918,0.0,0.0789458230137825
Z06,2025-09-13 06:00:00,0,0.008780043,0.0,0.07804668601602316
Z07,2025-09-13 06:00:00,0,0.010958968,0.0,0.08022561110556126
Z08,2025-09-13 06:00:00,0,0.013360093,0.0,0.08262673672288656
Z09,2025-09-13 06:00:00,0,0.009403057,0.0,0.0786697007715702
Z10,2025-09-13 06:00:00,0,0.081814416,0.012547772377729416,0.15108105912804604
Z01,2025-09-13 07:00:00,1,0.81657,0.0,1.0
Z02,2025-09-13 07:00:00,0,0.06735819,0.0,0.13662483170628548
Z03,2025-09-13 07:00:00,0,0.021139612,0.0,0.0904062557965517
Z04,2025-09-13 07:00:00,0,0.04593689,0.0,0.11520353332161903
Z05,2025-09-13 07:00:00,0,0.08278378,0.013517137616872787,0.1520504243671894
Z06,2025-09-13 07:00:00,1,0.37797984,0.0,0.9981604397296905
Z07,2025-09-13 07:00:00,0,0.022453636,0.0,0.09172027930617332
Z08,2025-09-13 07:00:00,0,0.30122194,0.0,0.9214025318622588
Z09,2025-09-13 07:00:00,0,0.28630805,0.0,0.5841817259788513
Z10,2025-09-13 07:00:00,0,0.14768885,0.0,0.3418335258960724
Z01,2025-09-13 08:00:00,0,0.40925342,0.0,0.9627197563648223
Z02,2025-09-13 08:00:00,0,0.35438424,0.0,0.9745648384094238
Z03,2025-09-13 08:00:00,1,0.39297703,0.0,1.0
Z04,2025-09-13 08:00:00,0,0.2780397,0.0,0.5759133696556091
Z05,2025-09-13 08:00:00,0,0.10187375,0.0,0.296018423140049
Z06,2025-09-13 08:00:00,1,0.63021654,0.0,1.0
Z07,2025-09-13 08:00:00,1,0.9455496,0.8607581734657287,1.0
Z08,2025-09-13 08:00:00,1,0.9545327,0.8697412490844726,1.0
Z09,2025-09-13 08:00:00,0,0.7657471,0.0,1.0
Z10,2025-09-13 08:00:00,1,0.849951,0.0,1.0
Z01,2025-09-13 09:00:00,0,0.85577893,0.0,1.0
Z02,2025-09-13 09:00:00,0,0.09088548,0.021618839353322983,0.1601521261036396
Z03,2025-09-13 09:00:00,0,0.18276829,0.0,0.3769129604101181
Z04,2025-09-13 09:00:00,1,0.880022,0.007789635658264182,1.0
Z05,2025-09-13 09:00:00,1,0.36130968,0.0,0.981490272283554
Z06,2025-09-13 09:00:00,1,0.86656255,0.0,1.0
Z07,2025-09-13 09:00:00,0,0.5662233,0.0,1.0
Z08,2025-09-13 09:00:00,1,0.9733412,0.888549792766571,1.0
Z09,2025-09-13 09:00:00,0,0.5704308,0.0,1.0
Z10,2025-09-13 09:00:00,1,0.8898392,0.017606818675994895,1.0
Z01,2025-09-13 10:00:00,0,0.29933566,0.0014619827270507812,0.5972093343734741
Z02,2025-09-13 10:00:00,0,0.08113777,0.011871125549077988,0.1504044122993946
Z03,2025-09-13 10:00:00,0,0.10083817,0.0,0.29498284459114077
Z04,2025-09-13 10:00:00,0,0.09131624,0.022049594670534134,0.16058288142085075
Z05,2025-09-13 10:00:00,0,0.09203258,0.022765938192605972,0.1612992249429226
Z06,2025-09-13 10:00:00,0,0.03030762,0.0,0.099574264138937
Z07,2025-09-13 10:00:00,0,0.6223706,0.0,1.0
Z08,2025-09-13 10:00:00,0,0.11539849,0.0,0.30954316407442095
Z09,2025-09-13 10:00:00,0,0.077757366,0.008490722626447678,0.1470240093767643
Z10,2025-09-13 10:00:00,0,0.2903248,0.0,0.5881984829902649
Z01,2025-09-13 11:00:00,0,0.018860614,0.0,0.08812725730240345
Z02,2025-09-13 11:00:00,0,0.008797252,0.0,0.0780638949945569
Z03,2025-09-13 11:00:00,0,0.011925069,0.0,0.0811917120590806
Z04,2025-09-13 11:00:00,0,0.010632157,0.0,0.07989880070090294
Z05,2025-09-13 11:00:00,0,0.01118083,0.0,0.08044747356325388
Z06,2025-09-13 11:00:00,0,0.009294127,0.0,0.07856077048927546
Z07,2025-09-13 11:00:00,0,0.010472806,0.0,0.07973944954574108
Z08,2025-09-13 11:00:00,0,0.008797252,0.0,0.0780638949945569
Z09,2025-09-13 11:00:00,0,0.060513485,0.0,0.1297801285982132
Z10,2025-09-13 11:00:00,0,0.009584004,0.0,0.07885064743459225
Z01,2025-09-13 12:00:00,0,0.43058842,0.0,0.9840547621250152
Z02,2025-09-13 12:00:00,0,0.6401596,0.0,1.0
Z03,2025-09-13 12:00:00,0,0.21018235,0.0,0.508056029677391
Z04,2025-09-13 12:00:00,0,0.13991395,0.0,0.3340586215257645
Z05,2025-09-13 12:00:00,0,0.040749047,0.0,0.11001569032669067
Z06,2025-09-13 12:00:00,0,0.14962165,0.0,0.343766325712204
Z07,2025-09-13 12:00:00,1,0.8549634,0.0,1.0
Z08,2025-09-13 12:00:00,0,0.49090683,0.0,1.0
Z09,2025-09-13 12:00:00,1,0.7865402,0.0004482269287109375,1.0
Z10,2025-09-13 12:00:00,0,0.31500342,0.0,0.9351840198040008
Z01,2025-09-13 13:00:00,1,0.86777383,0.0,1.0
Z02,2025-09-13 13:00:00,0,0.22845876,0.0,0.526332437992096
Z03,2025-09-13 13:00:00,1,0.77920866,0.0,1.0
Z04,2025-09-13 13:00:00,0,0.37129858,0.0,0.9914791762828826
Z05,2025-09-13 13:00:00,1,0.96104574,0.8762543082237243,1.0
Z06,2025-09-13 13:00:00,1,0.8494331,0.0,1.0
Z07,2025-09-13 13:00:00,0,0.49501014,0.0,1.0
Z08,2025-09-13 13:00:00,0,0.33986792,0.0,0.9600485146045684
Z09,2025-09-13 13:00:00,0,0.5168416,0.0,1.0
Z10,2025-09-13 13:00:00,0,0.11930422,0.0,0.31344889253377917
Z01,2025-09-13 14:00:00,1,0.70140916,0.0,1.0
Z02,2025-09-13 14:00:00,0,0.53286374,0.0,1.0
Z03,2025-09-13 14:00:00,1,0.8873078,0.01507546901702883,1.0
Z04,2025-09-13 14:00:00,0,0.23152944,0.0,0.5294031202793121
Z05,2025-09-13 14:00:00,1,0.832318,0.0,1.0
Z06,2025-09-13 14:00:00,1,0.5078165,0.0,1.0
Z07,2025-09-13 14:00:00,1,0.9717396,0.8869481563568115,1.0
Z08,2025-09-13 14:00:00,1,0.7186076,0.0,1.0
Z09,2025-09-13 14:00:00,0,0.12194789,0.0,0.31609256714582445
Z10,2025-09-13 14:00:00,1,0.90482277,0.8200313329696655,0.9896142005920411
Z01,2025-09-13 15:00:00,0,0.009507997,0.0,0.07877464033663273
Z02,2025-09-13 15:00:00,0,0.011012034,0.0,0.08027867693454027
Z03,2025-09-13 15:00:00,0,0.008844521,0.0,0.07811116427183151
Z04,2025-09-13 15:00:00,0,0.012354059,0.0,0.08162070252001286
Z05,2025-09-13 15:00:00,0,0.06558205,0.0,0.1348486952483654
Z06,2025-09-13 15:00:00,0,0.023408577,0.0,0.09267522022128105
Z07,2025-09-13 15:00:00,0,0.045337327,0.0,0.11460397019982338
Z08,2025-09-13 15:00:00,0,0.015484547,0.0,0.08475119061768055
Z09,2025-09-13 15:00:00,0,0.15551147,0.0,0.34965614378452303
Z10,2025-09-13 15:00:00,0,0.014735653,0.0,0.08400229644030333
Z01,2025-09-13 16:00:00,0,0.0085911285,0.0,0.07785777188837528
Z02,2025-09-13 16:00:00,0,0.010167349,0.0,0.07943399250507355
Z03,2025-09-13 16:00:00,0,0.019053033,0.0,0.0883196759968996
Z04,2025-09-13 16:00:00,0,0.020583987,0.0,0.08985063061118126
Z05,2025-09-13 16:00:00,0,0.0109977,0.0,0.08026434294879436
Z06,2025-09-13 16:00:00,0,0.016185202,0.0,0.08545184507966042
Z07,2025-09-13 16:00:00,0,0.021498721,0.0,0.09076536446809769
Z08,2025-09-13 16:00:00,0,0.014223923,0.0,0.08349056635051966
Z09,2025-09-13 16:00:00,0,0.008522557,0.0,0.0777892004698515
Z10,2025-09-13 16:00:00,0,0.015088359,0.0,0.08435500226914883
Z01,2025-09-13 17:00:00,0,0.17195694,0.0,0.3661016166210175
Z02,2025-09-13 17:00:00,0,0.34394518,0.0,0.964125770330429
Z03,2025-09-13 17:00:00,0,0.03151354,0.0,0.1007801815867424
Z04,2025-09-13 17:00:00,0,0.036942802,0.0,0.10620944574475288
Z05,2025-09-13 17:00:00,0,0.08009144,0.010824795812368393,0.149358082562685
Z06,2025-09-13 17:00:00,0,0.075594656,0.00632801279425621,0.14486129954457283
Z07,2025-09-13 17:00:00,0,0.153875,0.0,0.3480196684598923
Z08,2025-09-13 17:00:00,0,0.023335425,0.0,0.0926020685583353
Z09,2025-09-13 17:00:00,0,0.24020027,0.0,0.538073942065239
Z10,2025-09-13 17:00:00,0,0.35891,0.0,0.9790905892848968
Z01,2025-09-13 18:00:00,1,0.09793413,0.02866748347878456,0.16720077022910118
Z02,2025-09-13 18:00:00,0,0.06999201,0.0007253699004650116,0.13925865665078163
Z03,2025-09-13 18:00:00,0,0.055798464,0.0,0.12506510689854622
Z04,2025-09-13 18:00:00,0,0.31980383,0.0,0.9399844288825988
Z05,2025-09-13 18:00:00,1,0.7494271,0.0,1.0
Z06,2025-09-13 18:00:00,0,0.24337424,0.0,0.5412479192018509
Z07,2025-09-13 18:00:00,0,0.40450287,0.0,0.9579692065715789
Z08,2025-09-13 18:00:00,0,0.061756052,0.0,0.13102269545197487
Z09,2025-09-13 18:00:00,0,0.13105822,0.0,0.3252028912305832
Z10,2025-09-13 18:00:00,0,0.068507634,0.0,0.1377742774784565
Z01,2025-09-13 19:00:00,1,0.98134285,0.8965514183044433,1.0
Z02,2025-09-13 19:00:00,1,0.99429363,0.9095021963119506,1.0
Z03,2025-09-13 19:00:00,1,0.9657878,0.8809963941574096,1.0
Z04,2025-09-13 19:00:00,1,0.99252546,0.9077340245246887,1.0
Z05,2025-09-13 19:00:00,1,0.93287313,0.8480816960334777,1.0
Z06,2025-09-13 19:00:00,1,0.9867106,0.9019191741943359,1.0
Z07,2025-09-13 19:00:00,1,0.98960614,0.9048147082328796,1.0
Z08,2025-09-13 19:00:00,1,0.9747326,0.8899411439895629,1.0
Z09,2025-09-13 19:00:00,1,0.98945504,0.904663610458374,1.0
Z10,2025-09-13 19:00:00,1,0.99357694,0.9087855100631713,1.0
Z01,2025-09-13 20:00:00,1,0.98172045,0.8969290137290954,1.0
Z02,2025-09-13 20:00:00,1,0.993632,0.9088405847549438,1.0
Z03,2025-09-13 20:00:00,1,0.95080096,0.8660095214843749,1.0
Z04,2025-09-13 20:00:00,1,0.9907085,0.9059170365333556,1.0
Z05,2025-09-13 20:00:00,1,0.99037045,0.9055790185928344,1.0
Z06,2025-09-13 20:00:00,1,0.9888325,0.904041039943695,1.0
Z07,2025-09-13 20:00:00,1,0.9925568,0.9077653765678405,1.0
Z08,2025-09-13 20:00:00,1,0.9693736,0.8845821499824523,1.0
Z09,2025-09-13 20:00:00,1,0.86938083,0.0,1.0
Z10,2025-09-13 20:00:00,1,0.9384761,0.853684651851654,1.0
Z01,2025-09-13 21:00:00,1,0.8830414,0.010809028148651145,1.0
Z02,2025-09-13 21:00:00,1,0.95333344,0.8685420036315917,1.0
Z03,2025-09-13 21:00:00,1,0.9002139,0.8154224634170532,0.9850053310394288
Z04,2025-09-13 21:00:00,1,0.92481166,0.8400202274322509,1.0
Z05,2025-09-13 21:00:00,1,0.91801137,0.8332199335098266,1.0
Z06,2025-09-13 21:00:00,1,0.97499645,0.8902050137519836,1.0
Z07,2025-09-13 21:00:00,1,0.974896,0.890104579925537,1.0
Z08,2025-09-13 21:00:00,1,0.9020449,0.8172534584999084,0.986836326122284
Z09,2025-09-13 21:00:00,1,0.98480403,0.9000126004219055,1.0
Z10,2025-09-13 21:00:00,0,0.78564954,0.0,1.0
Z01,2025-09-13 22:00:00,1,0.720302,0.0,1.0
Z02,2025-09-13 22:00:00,1,0.8545118,0.0,1.0
Z03,2025-09-13 22:00:00,1,0.7355087,0.0,1.0
Z04,2025-09-13 22:00:00,0,0.90772754,0.8229361057281493,0.992518973350525
Z05,2025-09-13 22:00:00,0,0.15375216,0.0,0.3478968381881714
Z06,2025-09-13 22:00:00,0,0.8487351,0.0,1.0
Z07,2025-09-13 22:00:00,0,0.080639124,0.011372480541467667,0.1499057672917843
Z08,2025-09-13 22:00:00,1,0.9913003,0.9065088510513305,1.0
Z09,2025-09-13 22:00:00,1,0.9914852,0.9066937446594238,1.0
Z10,2025-09-13 22:00:00,0,0.1268717,0.0,0.3210163801908493
Z01,2025-09-13 23:00:00,0,0.011884963,0.0,0.08115160651504993
Z02,2025-09-13 23:00:00,0,0.018436559,0.0,0.08770320191979408
Z03,2025-09-13 23:00:00,0,0.009398662,0.0,0.07866530492901802
Z04,2025-09-13 23:00:00,0,0.009042129,0.0,0.07830877229571342
Z05,2025-09-13 23:00:00,0,0.010032056,0.0,0.07929869927465916
Z06,2025-09-13 23:00:00,0,0.00998613,0.0,0.07925277296453714
Z07,2025-09-13 23:00:00,0,0.01068997,0.0,0.07995661348104477
Z08,2025-09-13 23:00:00,0,0.016857507,0.0,0.08612415008246899
Z09,2025-09-13 23:00:00,0,0.008654792,0.0,0.07792143523693085
Z10,2025-09-13 23:00:00,0,0.11582649,0.0,0.30997116267681124
Z01,2025-09-14 00:00:00,0,0.012065618,0.0,0.08133226167410612
Z02,2025-09-14 00:00:00,0,0.012412142,0.0,0.08167878538370132
Z03,2025-09-14 00:00:00,0,0.01051394,0.0,0.07978058326989412
Z04,2025-09-14 00:00:00,0,0.011104123,0.0,0.08037076611071825
Z05,2025-09-14 00:00:00,0,0.02630216,0.0,0.09556880407035351
Z06,2025-09-14 00:00:00,0,0.01162812,0.0,0.08089476358145475
Z07,2025-09-14 00:00:00,0,0.027901804,0.0,0.09716844744980335
Z08,2025-09-14 00:00:00,0,0.010040722,0.0,0.07930736523121595
Z09,2025-09-14 00:00:00,0,0.028786091,0.0,0.09805273450911045
Z10,2025-09-14 00:00:00,0,0.05369436,0.0,0.12296100333333015
Z01,2025-09-14 01:00:00,0,0.010688714,0.0,0.07995535712689161
Z02,2025-09-14 01:00:00,0,0.011323924,0.0,0.08059056755155325
Z03,2025-09-14 01:00:00,0,0.011433139,0.0,0.08069978281855583
Z04,2025-09-14 01:00:00,0,0.029860416,0.0,0.09912705980241299
Z05,2025-09-14 01:00:00,0,0.012230492,0.0,0.08149713557213545
Z06,2025-09-14 01:00:00,0,0.111493446,0.0,0.30563812106847765
Z07,2025-09-14 01:00:00,0,0.07760994,0.008343297988176346,0.14687658473849297
Z08,2025-09-14 01:00:00,0,0.011482736,0.0,0.0807493794709444
Z09,2025-09-14 01:00:00,0,0.012219172,0.0,0.081485815346241
Z10,2025-09-14 01:00:00,0,0.025249617,0.0,0.09451626054942608
Z01,2025-09-14 02:00:00,0,0.023927404,0.0,0.09319404698908329
Z02,2025-09-14 02:00:00,0,0.012812623,0.0,0.08207926619797945
Z03,2025-09-14 02:00:00,0,0.0103557855,0.0,0.07962242886424065
Z04,2025-09-14 02:00:00,0,0.011508024,0.0,0.08077466767281294
Z05,2025-09-14 02:00:00,0,0.058131255,0.0,0.12739789858460426
Z06,2025-09-14 02:00:00,0,0.06166697,0.0,0.13093361258506775
Z07,2025-09-14 02:00:00,0,0.025186889,0.0,0.09445353224873543
Z08,2025-09-14 02:00:00,0,0.010455767,0.0,0.07972241006791592
Z09,2025-09-14 02:00:00,0,0.02503753,0.0,0.0943041741847992
Z10,2025-09-14 02:00:00,0,0.034219127,0.0,0.10348577052354813
Z01,2025-09-14 03:00:00,0,0.25524205,0.0,0.553115725517273
Z02,2025-09-14 03:00:00,0,0.011235318,0.0,0.08050196152180433
Z03,2025-09-14 03:00:00,0,0.010234937,0.0,0.07950158044695854
Z04,2025-09-14 03:00:00,0,0.012097679,0.0,0.08136432245373726
Z05,2025-09-14 03:00:00,0,0.021204824,0.0,0.09047146700322628
Z06,2025-09-14 03:00:00,0,0.011594825,0.0,0.08086146879941225
Z07,2025-09-14 03:00:00,0,0.012968067,0.0,0.0822347104549408
Z08,2025-09-14 03:00:00,0,0.011621415,0.0,0.08088805805891752
Z09,2025-09-14 03:00:00,0,0.011471181,0.0,0.08073782455176115
Z10,2025-09-14 03:00:00,0,0.020977898,0.0,0.09024454094469547
Z01,2025-09-14 04:00:00,1,0.029404731,0.0,0.09867137484252453
Z02,2025-09-14 04:00:00,0,0.012477419,0.0,0.0817440627142787
Z03,2025-09-14 04:00:00,0,0.014545596,0.0,0.0838122395798564
Z04,2025-09-14 04:00:00,0,0.01193729,0.0,0.08120393380522728
Z05,2025-09-14 04:00:00,0,0.022301741,0.0,0.09156838431954384
Z06,2025-09-14 04:00:00,0,0.025571508,0.0,0.09483815170824528
Z07,2025-09-14 04:00:00,0,0.17483099,0.0,0.36897566318511965
Z08,2025-09-14 04:00:00,0,0.011749161,0.0,0.0810158047825098
Z09,2025-09-14 04:00:00,0,0.025403934,0.0,0.09467057697474957
Z10,2025-09-14 04:00:00,0,0.09057827,0.021311629563570023,0.15984491631388664
Z01,2025-09-14 05:00:00,0,0.027829694,0.0,0.09709633700549603
Z02,2025-09-14 05:00:00,0,0.010691327,0.0,0.07995797041803598
Z03,2025-09-14 05:00:00,0,0.010122271,0.0,0.07938891462981701
Z04,2025-09-14 05:00:00,0,0.0657824,0.0,0.13504904136061668
Z05,2025-09-14 05:00:00,0,0.024939843,0.0,0.09420648589730263
Z06,2025-09-14 05:00:00,0,0.06702638,0.0,0.13629302009940147
Z07,2025-09-14 05:00:00,0,0.06491609,0.0,0.13418273255228996
Z08,2025-09-14 05:00:00,0,0.010633426,0.0,0.07990006916224957
Z09,2025-09-14 05:00:00,0,0.30097124,0.0,0.9211518347263336
Z10,2025-09-14 05:00:00,0,0.065126084,0.0,0.13439272716641426
Z01,2025-09-14 06:00:00,0,0.012962215,0.0,0.08222885802388191
Z02,2025-09-14 06:00:00,0,0.008384373,0.0,0.0776510164141655
Z03,2025-09-14 06:00:00,0,0.012896839,0.0,0.08216348197311163
Z04,2025-09-14 06:00:00,0,0.0085911285,0.0,0.07785777188837528
Z05,2025-09-14 06:00:00,0,0.011155212,0.0,0.08042185567319393
Z06,2025-09-14 06:00:00,0,0.010699768,0.0,0.07996641099452972
Z07,2025-09-14 06:00:00,0,0.052879397,0.0,0.12214604020118713
Z08,2025-09-14 06:00:00,0,0.012447901,0.0,0.08171454444527626
Z09,2025-09-14 06:00:00,0,0.008767975,0.0,0.07803461793810129
Z10,2025-09-14 06:00:00,0,0.082425825,0.013159181922674179,0.1516924686729908
Z01,2025-09-14 07:00:00,0,0.016274964,0.0,0.085541607812047
Z02,2025-09-14 07:00:00,0,0.020515678,0.0,0.08978232182562351
Z03,2025-09-14 07:00:00,0,0.05035556,0.0,0.11962220445275307
Z04,2025-09-14 07:00:00,0,0.036423847,0.0,0.10569049045443535
Z05,2025-09-14 07:00:00,0,0.0154941445,0.0,0.08476078789681196
Z06,2025-09-14 07:00:00,0,0.11580854,0.0,0.30995321422815325
Z07,2025-09-14 07:00:00,0,0.19035259,0.0,0.38449726402759554
Z08,2025-09-14 07:00:00,0,0.07775483,0.008488189429044724,0.14702147617936134
Z09,2025-09-14 07:00:00,0,0.19397455,0.0,0.3881192296743393
Z10,2025-09-14 07:00:00,1,0.5026847,0.0,1.0
Z01,2025-09-14 08:00:00,0,0.73123056,0.0,1.0
Z02,2025-09-14 08:00:00,0,0.6415636,0.0,1.0
Z03,2025-09-14 08:00:00,1,0.5628103,0.0,1.0
Z04,2025-09-14 08:00:00,0,0.6274587,0.0,1.0
Z05,2025-09-14 08:00:00,0,0.85307354,0.0,1.0
Z06,2025-09-14 08:00:00,1,0.8766953,0.004462921619415305,1.0
Z07,2025-09-14 08:00:00,1,0.88349885,0.011266493797302268,1.0
Z08,2025-09-14 08:00:00,1,0.6316779,0.0,1.0
Z09,2025-09-14 08:00:00,0,0.55059254,0.0,1.0
Z10,2025-09-14 08:00:00,0,0.14676729,0.0,0.3409119635820389
Z01,2025-09-14 09:00:00,1,0.87810063,0.0058682799339294656,1.0
Z02,2025-09-14 09:00:00,1,0.96613044,0.8813390016555785,1.0
Z03,2025-09-14 09:00:00,0,0.3049988,0.0,0.9251793801784515
Z04,2025-09-14 09:00:00,0,0.28231332,0.0,0.5801869928836823
Z05,2025-09-14 09:00:00,1,0.64508206,0.0,1.0
Z06,2025-09-14 09:00:00,1,0.9863901,0.9015986800193786,1.0
Z07,2025-09-14 09:00:00,0,0.17445683,0.0,0.36860150992870333
Z08,2025-09-14 09:00:00,1,0.8669729,0.0,1.0
Z09,2025-09-14 09:00:00,1,0.9253358,0.8405443906784057,1.0
Z10,2025-09-14 09:00:00,0,0.9057407,0.8209492444992065,0.9905321121215821
Z01,2025-09-14 10:00:00,0,0.072393596,0.0031269527971744537,0.14166023954749107
Z02,2025-09-14 10:00:00,0,0.039441627,0.0,0.10870826989412308
Z03,2025-09-14 10:00:00,0,0.04598403,0.0,0.11525067314505577
Z04,2025-09-14 10:00:00,0,0.11284032,0.0,0.30698499232530596
Z05,2025-09-14 10:00:00,0,0.79685456,0.010762572288513184,1.0
Z06,2025-09-14 10:00:00,0,0.049967896,0.0,0.11923453956842422
Z07,2025-09-14 10:00:00,0,0.08366066,0.014394018799066544,0.15292730554938316
Z08,2025-09-14 10:00:00,0,0.115920365,0.0,0.3100650399923325
Z09,2025-09-14 10:00:00,0,0.43659955,0.0,0.9900658905506133
Z10,2025-09-14 10:00:00,0,0.1409775,0.0,0.33512217700481417
Z01,2025-09-14 11:00:00,0,0.012273385,0.0,0.08154002856463194
Z02,2025-09-14 11:00:00,0,0.00907758,0.0,0.07834422308951616
Z03,2025-09-14 11:00:00,0,0.012581685,0.0,0.0818483280017972
Z04,2025-09-14 11:00:00,0,0.012603444,0.0,0.08187008742243052
Z05,2025-09-14 11:00:00,0,0.009100173,0.0,0.07836681604385376
Z06,2025-09-14 11:00:00,0,0.009294127,0.0,0.07856077048927546
Z07,2025-09-14 11:00:00,0,0.01472512,0.0,0.08399176318198442
Z08,2025-09-14 11:00:00,0,0.014626401,0.0,0.08389304392039776
Z09,2025-09-14 11:00:00,0,0.008612588,0.0,0.07787923142313957
Z10,2025-09-14 11:00:00,0,0.008860331,0.0,0.07812697440385818
Z01,2025-09-14 12:00:00,1,0.3501413,0.0,0.9703218817710876
Z02,2025-09-14 12:00:00,0,0.8609851,0.0,1.0
Z03,2025-09-14 12:00:00,1,0.79594755,0.009855568408966064,1.0
Z04,2025-09-14 12:00:00,0,0.34335107,0.0,0.9635316610336303
Z05,2025-09-14 12:00:00,0,0.46106854,0.0,1.0
Z06,2025-09-14 12:00:00,0,0.7059905,0.0,1.0
Z07,2025-09-14 12:00:00,0,0.7696978,0.0,1.0
Z08,2025-09-14 12:00:00,0,0.8909623,0.01872994899749758,1.0
Z09,2025-09-14 12:00:00,1,0.6454899,0.0,1.0
Z10,2025-09-14 12:00:00,0,0.10786049,0.0,0.3020051658153534
Z01,2025-09-14 13:00:00,0,0.13623832,0.0,0.33038299679756167
Z02,2025-09-14 13:00:00,1,0.95807207,0.8732806324958801,1.0
Z03,2025-09-14 13:00:00,0,0.21113487,0.0,0.5090085417032242
Z04,2025-09-14 13:00:00,1,0.76787645,0.0,1.0
Z05,2025-09-14 13:00:00,1,0.43160635,0.0,0.9850726902484893
Z06,2025-09-14 13:00:00,1,0.931668,0.8468765497207641,1.0
Z07,2025-09-14 13:00:00,1,0.9708222,0.8860307812690734,1.0
Z08,2025-09-14 13:00:00,0,0.8332265,0.0,1.0
Z09,2025-09-14 13:00:00,1,0.26233283,0.0,0.5602065026760101
Z10,2025-09-14 13:00:00,1,0.79559183,0.009499847888946533,1.0
Z01,2025-09-14 14:00:00,0,0.2143732,0.0,0.5122468769550323
Z02,2025-09-14 14:00:00,0,0.5180309,0.0,1.0
Z03,2025-09-14 14:00:00,0,0.11821396,0.0,0.3123586341738701
Z04,2025-09-14 14:00:00,1,0.70243424,0.0,1.0
Z05,2025-09-14 14:00:00,0,0.527045,0.0,1.0
Z06,2025-09-14 14:00:00,0,0.1276404,0.0,0.32178507149219515
Z07,2025-09-14 14:00:00,0,0.56543833,0.0,1.0
Z08,2025-09-14 14:00:00,0,0.5775725,0.0,1.0
Z09,2025-09-14 14:00:00,1,0.81844294,0.0,1.0
Z10,2025-09-14 14:00:00,1,0.79591054,0.009818553924560547,1.0
Z01,2025-09-14 15:00:00,0,0.020083465,0.0,0.08935010805726051
Z02,2025-09-14 15:00:00,0,0.021124767,0.0,0.09039141051471233
Z03,2025-09-14 15:00:00,0,0.008844521,0.0,0.07811116427183151
Z04,2025-09-14 15:00:00,0,0.010429828,0.0,0.0796964718028903
Z05,2025-09-14 15:00:00,0,0.07219648,0.002929840236902237,0.14146312698721886
Z06,2025-09-14 15:00:00,0,0.01354356,0.0,0.08281020354479551
Z07,2025-09-14 15:00:00,0,0.012055432,0.0,0.08132207579910755
Z08,2025-09-14 15:00:00,0,0.07395433,0.004687685519456863,0.14322097226977348
Z09,2025-09-14 15:00:00,0,0.008440904,0.0,0.07770754769444466
Z10,2025-09-14 15:00:00,0,0.009100173,0.0,0.07836681604385376
Z01,2025-09-14 16:00:00,0,0.040050752,0.0,0.10931739583611488
Z02,2025-09-14 16:00:00,0,0.009920402,0.0,0.07918704580515623
Z03,2025-09-14 16:00:00,0,0.00912634,0.0,0.07839298341423273
Z04,2025-09-14 16:00:00,0,0.012833937,0.0,0.0821005804464221
Z05,2025-09-14 16:00:00,0,0.010302493,0.0,0.079569136723876
Z06,2025-09-14 16:00:00,0,0.0091942195,0.0,0.07846086286008358
Z07,2025-09-14 16:00:00,0,0.06692454,0.0,0.13619118556380272
Z08,2025-09-14 16:00:00,0,0.020363677,0.0,0.08963032066822052
Z09,2025-09-14 16:00:00,0,0.010841077,0.0,0.08010772056877613
Z10,2025-09-14 16:00:00,0,0.01411305,0.0,0.08337969332933426
Z01,2025-09-14 17:00:00,0,0.073701866,0.0044352225959300995,0.14296850934624672
Z02,2025-09-14 17:00:00,0,0.050886363,0.0,0.12015300616621971
Z03,2025-09-14 17:00:00,0,0.13945116,0.0,0.33359583616256716
Z04,2025-09-14 17:00:00,0,0.03441546,0.0,0.10368210449814796
Z05,2025-09-14 17:00:00,1,0.8056275,0.0,1.0
Z06,2025-09-14 17:00:00,0,0.22702667,0.0,0.5249003469944
Z07,2025-09-14 17:00:00,0,0.09796663,0.028699982911348343,0.16723326966166496
Z08,2025-09-14 17:00:00,0,0.18378708,0.0,0.3779317528009415
Z09,2025-09-14 17:00:00,0,0.053105567,0.0,0.12237221002578735
Z10,2025-09-14 17:00:00,0,0.053200167,0.0,0.1224668100476265
Z01,2025-09-14 18:00:00,0,0.21778862,0.0,0.5156622976064682
Z02,2025-09-14 18:00:00,0,0.15413266,0.0,0.3482773393392563
Z03,2025-09-14 18:00:00,1,0.5184681,0.0,1.0
Z04,2025-09-14 18:00:00,0,0.2640192,0.0,0.5618928670883179
Z05,2025-09-14 18:00:00,0,0.5020288,0.0,1.0
Z06,2025-09-14 18:00:00,0,0.109284215,0.0,0.303428889811039
Z07,2025-09-14 18:00:00,1,0.72293746,0.0,1.0
Z08,2025-09-14 18:00:00,0,0.029811867,0.0,0.09907850995659828
Z09,2025-09-14 18:00:00,0,0.055753563,0.0,0.12502020597457886
Z10,2025-09-14 18:00:00,0,0.048189543,0.0,0.11745618656277657
Z01,2025-09-14 19:00:00,1,0.9106795,0.8258880853652953,0.995470952987671
Z02,2025-09-14 19:00:00,1,0.9907085,0.9059170365333556,1.0
Z03,2025-09-14 19:00:00,1,0.98493946,0.9001480221748351,1.0
Z04,2025-09-14 19:00:00,1,0.96957,0.8847785472869872,1.0
Z05,2025-09-14 19:00:00,1,0.9772059,0.8924144387245178,1.0
Z06,2025-09-14 19:00:00,1,0.98457474,0.8997833013534545,1.0
Z07,2025-09-14 19:00:00,1,0.9789626,0.8941711664199828,1.0
Z08,2025-09-14 19:00:00,1,0.97539437,0.8906029343605041,1.0
Z09,2025-09-14 19:00:00,1,0.9339267,0.8491352677345275,1.0
Z10,2025-09-14 19:00:00,1,0.99357504,0.9087836027145385,1.0
Z01,2025-09-14 20:00:00,1,0.9667012,0.8819097757339477,1.0
Z02,2025-09-14 20:00:00,1,0.9711505,0.8863590836524963,1.0
Z03,2025-09-14 20:00:00,1,0.951916,0.8671245455741882,1.0
Z04,2025-09-14 20:00:00,1,0.98932856,0.9045371294021606,1.0
Z05,2025-09-14 20:00:00,1,0.99207205,0.9072806119918823,1.0
Z06,2025-09-14 20:00:00,1,0.976674,0.891882586479187,1.0
Z07,2025-09-14 20:00:00,1,0.99241227,0.9076208353042602,1.0
Z08,2025-09-14 20:00:00,1,0.9880655,0.9032740473747253,1.0
Z09,2025-09-14 20:00:00,1,0.9790003,0.8942088365554809,1.0
Z10,2025-09-14 20:00:00,1,0.98475754,0.8999661087989806,1.0
Z01,2025-09-14 21:00:00,1,0.9808419,0.8960504412651061,1.0
Z02,2025-09-14 21:00:00,1,0.7546727,0.0,1.0
Z03,2025-09-14 21:00:00,1,0.86887205,0.0,1.0
Z04,2025-09-14 21:00:00,1,0.8970975,0.02486517429351809,1.0
Z05,2025-09-14 21:00:00,1,0.9714617,0.8866702795028686,1.0
Z06,2025-09-14 21:00:00,1,0.9478649,0.863073456287384,1.0
Z07,2025-09-14 21:00:00,1,0.9862883,0.9014968752861022,1.0
Z08,2025-09-14 21:00:00,0,0.80185956,0.0,1.0
Z09,2025-09-14 21:00:00,1,0.7451713,0.0,1.0
Z10,2025-09-14 21:00:00,1,0.8713485,0.0,1.0
Z01,2025-09-14 22:00:00,0,0.7651917,0.0,1.0
Z02,2025-09-14 22:00:00,1,0.7895703,0.0034782886505126953,1.0
Z03,2025-09-14 22:00:00,1,0.6656561,0.0,1.0
Z04,2025-09-14 22:00:00,1,0.9898947,0.9051032543182372,1.0
Z05,2025-09-14 22:00:00,1,0.8035242,0.0,1.0
Z06,2025-09-14 22:00:00,0,0.5703014,0.0,1.0
Z07,2025-09-14 22:00:00,1,0.9723203,0.8875288844108581,1.0
Z08,2025-09-14 22:00:00,1,0.8802134,0.007981026172637962,1.0
Z09,2025-09-14 22:00:00,1,0.9588641,0.8740726590156555,1.0
Z10,2025-09-14 22:00:00,0,0.8237025,0.0,1.0
Z01,2025-09-14 23:00:00,0,0.014673091,0.0,0.08393973391503096
Z02,2025-09-14 23:00:00,0,0.014653469,0.0,0.08392011281102896
Z03,2025-09-14 23:00:00,0,0.00875981,0.0,0.07802645303308964
Z04,2025-09-14 23:00:00,0,0.008508825,0.0,0.07777546811848879
Z05,2025-09-14 23:00:00,0,0.014858302,0.0,0.08412494510412216
Z06,2025-09-14 23:00:00,0,0.049678307,0.0,0.11894495040178299
Z07,2025-09-14 23:00:00,0,0.010202725,0.0,0.07946936879307032
Z08,2025-09-14 23:00:00,0,0.010161558,0.0,0.07942820154130459
Z09,2025-09-14 23:00:00,0,0.008815549,0.0,0.07808219268918037
Z10,2025-09-14 23:00:00,1,0.19431312,0.000168448686599737,0.38845779895782473
Z01,2025-09-15 00:00:00,0,0.08280986,0.013543214648962021,0.15207650139927864
Z02,2025-09-15 00:00:00,0,0.01098444,0.0,0.08025108370929956
Z03,2025-09-15 00:00:00,0,0.013045576,0.0,0.08231221977621317
Z04,2025-09-15 00:00:00,0,0.01403925,0.0,0.08330589346587658
Z05,2025-09-15 00:00:00,0,0.06707572,0.0,0.1363423652946949
Z06,2025-09-15 00:00:00,0,0.06364043,0.0,0.13290707394480705
Z07,2025-09-15 00:00:00,0,0.21299541,0.0,0.5108690857887268
Z08,2025-09-15 00:00:00,0,0.010498489,0.0,0.07976513262838125
Z09,2025-09-15 00:00:00,1,0.0588354,0.0,0.12810204178094864
Z10,2025-09-15 00:00:00,0,0.012035213,0.0,0.08130185678601265
Z01,2025-09-15 01:00:00,0,0.01296479,0.0,0.08223143313080072
Z02,2025-09-15 01:00:00,0,0.011350546,0.0,0.08061718940734863
Z03,2025-09-15 01:00:00,0,0.028545799,0.0,0.09781244210898876
Z04,2025-09-15 01:00:00,0,0.027785955,0.0,0.09705259837210178
Z05,2025-09-15 01:00:00,0,0.22689506,0.0,0.524768739938736
Z06,2025-09-15 01:00:00,0,0.08508106,0.015814419835805893,0.1543477065861225
Z07,2025-09-15 01:00:00,0,0.06338164,0.0,0.1326482854783535
Z08,2025-09-15 01:00:00,0,0.010996755,0.0,0.0802633985877037
Z09,2025-09-15 01:00:00,0,0.011618758,0.0,0.08088540099561214
Z10,2025-09-15 01:00:00,0,0.06508905,0.0,0.13435569033026695
Z01,2025-09-15 02:00:00,0,0.0118878195,0.0,0.08115446288138628
Z02,2025-09-15 02:00:00,0,0.031083021,0.0,0.10034966468811035
Z03,2025-09-15 02:00:00,0,0.011576539,0.0,0.08084318228065968
Z04,2025-09-15 02:00:00,0,0.08769154,0.01842489466071129,0.1569581814110279
Z05,2025-09-15 02:00:00,0,0.024995742,0.0,0.0942623857408762
Z06,2025-09-15 02:00:00,0,0.023967817,0.0,0.09323446080088615
Z07,2025-09-15 02:00:00,0,0.03238129,0.0,0.10164793208241463
Z08,2025-09-15 02:00:00,0,0.03437973,0.0,0.10364637151360512
Z09,2025-09-15 02:00:00,0,0.010482392,0.0,0.0797490356490016
Z10,2025-09-15 02:00:00,0,0.028901022,0.0,0.09816766530275345
Z01,2025-09-15 03:00:00,0,0.011615282,0.0,0.08088192529976368
Z02,2025-09-15 03:00:00,0,0.012114398,0.0,0.08138104155659676
Z03,2025-09-15 03:00:00,0,0.016230669,0.0,0.08549731224775314
Z04,2025-09-15 03:00:00,0,0.011511333,0.0,0.08077797666192055
Z05,2025-09-15 03:00:00,0,0.08897489,0.01970824971795082,0.15824153646826744
Z06,2025-09-15 03:00:00,0,0.011705635,0.0,0.08097227849066257
Z07,2025-09-15 03:00:00,0,0.032588355,0.0,0.10185499861836433
Z08,2025-09-15 03:00:00,0,0.02913568,0.0,0.09840232320129871
Z09,2025-09-15 03:00:00,0,0.012379079,0.0,0.0816457225009799
Z10,2025-09-15 03:00:00,0,0.013451736,0.0,0.0827183797955513
Z01,2025-09-15 04:00:00,0,0.023777438,0.0,0.09304408170282841
Z02,2025-09-15 04:00:00,0,0.026829915,0.0,0.09609655849635601
Z03,2025-09-15 04:00:00,0,0.015439483,0.0,0.08470612671226263
Z04,2025-09-15 04:00:00,0,0.06386725,0.0,0.1331338919699192
Z05,2025-09-15 04:00:00,0,0.072807945,0.0035413019359111786,0.1420745886862278
Z06,2025-09-15 04:00:00,0,0.028275924,0.0,0.09754256717860699
Z07,2025-09-15 04:00:00,1,0.24540016,0.0,0.5432738363742828
Z08,2025-09-15 04:00:00,0,0.010895789,0.0,0.08016243204474449
Z09,2025-09-15 04:00:00,0,0.020789186,0.0,0.09005582891404629
Z10,2025-09-15 04:00:00,0,0.010929753,0.0,0.08019639644771814
Z01,2025-09-15 05:00:00,0,0.060115684,0.0,0.12938232719898224
Z02,2025-09-15 05:00:00,0,0.016770497,0.0,0.08603714033961296
Z03,2025-09-15 05:00:00,0,0.014488245,0.0,0.08375488873571157
Z04,2025-09-15 05:00:00,0,0.010322666,0.0,0.07958930917084217
Z05,2025-09-15 05:00:00,0,0.022899158,0.0,0.09216580167412758
Z06,2025-09-15 05:00:00,0,0.012131737,0.0,0.08139837998896837
Z07,2025-09-15 05:00:00,0,0.060057707,0.0,0.12932435050606728
Z08,2025-09-15 05:00:00,0,0.011130659,0.0,0.08039730228483677
Z09,2025-09-15 05:00:00,0,0.026099734,0.0,0.09536637738347054
Z10,2025-09-15 05:00:00,0,0.056191277,0.0,0.12545792013406754
Z01,2025-09-15 06:00:00,0,0.009268512,0.0,0.07853515539318323
Z02,2025-09-15 06:00:00,0,0.011776372,0.0,0.08104301523417234
Z03,2025-09-15 06:00:00,0,0.015032833,0.0,0.08429947681725025
Z04,2025-09-15 06:00:00,0,0.008927001,0.0,0.07819364406168461
Z05,2025-09-15 06:00:00,0,0.016746974,0.0,0.08601361699402332
Z06,2025-09-15 06:00:00,0,0.0085875355,0.0,0.07785417884588242
Z07,2025-09-15 06:00:00,0,0.010539011,0.0,0.07980565447360277
Z08,2025-09-15 06:00:00,0,0.009050208,0.0,0.07831685151904821
Z09,2025-09-15 06:00:00,0,0.008753208,0.0,0.07801985181868076
Z10,2025-09-15 06:00:00,0,0.009211425,0.0,0.07847806811332703
Z01,2025-09-15 07:00:00,0,0.054921646,0.0,0.12418828904628754
Z02,2025-09-15 07:00:00,0,0.01848519,0.0,0.08775183372199535
Z03,2025-09-15 07:00:00,0,0.008261622,0.0,0.07752826530486345
Z04,2025-09-15 07:00:00,0,0.04338872,0.0,0.11265536397695541
Z05,2025-09-15 07:00:00,0,0.2917108,0.0,0.589584469795227
Z06,2025-09-15 07:00:00,0,0.013154749,0.0,0.08242139220237732
Z07,2025-09-15 07:00:00,0,0.6142091,0.0,1.0
Z08,2025-09-15 07:00:00,0,0.026266025,0.0,0.09553266875445843
Z09,2025-09-15 07:00:00,0,0.032569673,0.0,0.10183631628751755
Z10,2025-09-15 07:00:00,0,0.11051265,0.0,0.3046573266386986
Z01,2025-09-15 08:00:00,0,0.09963754,0.030370894819498062,0.16890418156981468
Z02,2025-09-15 08:00:00,0,0.49882552,0.0,1.0
Z03,2025-09-15 08:00:00,0,0.16509221,0.0,0.35923689007759096
Z04,2025-09-15 08:00:00,0,0.7465414,0.0,1.0
Z05,2025-09-15 08:00:00,1,0.6398211,0.0,1.0
Z06,2025-09-15 08:00:00,0,0.69088846,0.01200834512710569,1.0
Z07,2025-09-15 08:00:00,0,0.08842019,0.019153546541929245,0.15768683329224586
Z08,2025-09-15 08:00:00,0,0.3269356,0.0,0.9471161842346191
Z09,2025-09-15 08:00:00,0,0.123799495,0.0,0.31794417053461077
Z10,2025-09-15 08:00:00,0,0.73022276,0.0,1.0
Z01,2025-09-15 09:00:00,0,0.056226917,0.0,0.12549355998635292
Z02,2025-09-15 09:00:00,0,0.11045227,0.0,0.30459694713354113
Z03,2025-09-15 09:00:00,0,0.43870986,0.0,0.992176192998886
Z04,2025-09-15 09:00:00,0,0.13910288,0.0,0.33324755132198336
Z05,2025-09-15 09:00:00,1,0.88349885,0.011266493797302268,1.0
Z06,2025-09-15 09:00:00,0,0.06390736,0.0,0.13317400589585304
Z07,2025-09-15 09:00:00,0,0.48900217,0.0,1.0
Z08,2025-09-15 09:00:00,0,0.3025266,0.0,0.922707188129425
Z09,2025-09-15 09:00:00,1,0.86448294,0.0,1.0
Z10,2025-09-15 09:00:00,0,0.66665256,0.0,1.0
Z01,2025-09-15 10:00:00,1,0.050320745,0.0,0.11958738788962364
Z02,2025-09-15 10:00:00,0,0.12669466,0.0,0.3208393394947052
Z03,2025-09-15 10:00:00,0,0.036671344,0.0,0.10593798756599426
Z04,2025-09-15 10:00:00,0,0.042242218,0.0,0.11150886118412018
Z05,2025-09-15 10:00:00,1,0.029272253,0.0,0.09853889606893063
Z06,2025-09-15 10:00:00,0,0.066184975,0.0,0.13545161858201027
Z07,2025-09-15 10:00:00,0,0.12535009,0.0,0.31949476301670077
Z08,2025-09-15 10:00:00,0,0.052683666,0.0,0.12195030972361565
Z09,2025-09-15 10:00:00,0,0.07628631,0.007019665092229843,0.14555295184254646
Z10,2025-09-15 10:00:00,0,0.08885395,0.019587304443120956,0.15812059119343758
Z01,2025-09-15 11:00:00,0,0.009876437,0.0,0.07914307992905378
Z02,2025-09-15 11:00:00,0,0.009604507,0.0,0.0788711505010724
Z03,2025-09-15 11:00:00,0,0.009541853,0.0,0.07880849670618773
Z04,2025-09-15 11:00:00,0,0.022789236,0.0,0.09205587953329086
Z05,2025-09-15 11:00:00,0,0.010011165,0.0,0.07927780877798796
Z06,2025-09-15 11:00:00,0,0.009866635,0.0,0.07913327869027853
Z07,2025-09-15 11:00:00,0,0.009999853,0.0,0.0792664960026741
Z08,2025-09-15 11:00:00,0,0.010641716,0.0,0.07990835979580879
Z09,2025-09-15 11:00:00,0,0.011386299,0.0,0.08065294194966555
Z10,2025-09-15 11:00:00,0,0.010966666,0.0,0.08023330941796303
Z01,2025-09-15 12:00:00,0,0.43565688,0.0,0.9891232132911681
Z02,2025-09-15 12:00:00,0,0.08512155,0.015854906290769577,0.1543881930410862
Z03,2025-09-15 12:00:00,0,0.3213627,0.0,0.941543298959732
Z04,2025-09-15 12:00:00,0,0.08004325,0.01077660545706749,0.1493098922073841
Z05,2025-09-15 12:00:00,0,0.018516058,0.0,0.08778270147740841
Z06,2025-09-15 12:00:00,0,0.021066803,0.0,0.09033344686031342
Z07,2025-09-15 12:00:00,0,0.92089385,0.8361024141311645,1.0
Z08,2025-09-15 12:00:00,1,0.3590852,0.0,0.979265797138214
Z09,2025-09-15 12:00:00,0,0.35575315,0.0,0.9759337484836578
Z10,2025-09-15 12:00:00,1,0.34009257,0.0,0.9602731645107269
Z01,2025-09-15 13:00:00,0,0.05100619,0.0,0.12027283385396004
Z02,2025-09-15 13:00:00,0,0.46062037,0.0,1.0
Z03,2025-09-15 13:00:00,0,0.13386804,0.0,0.3280127137899399
Z04,2025-09-15 13:00:00,1,0.7690909,0.0,1.0
Z05,2025-09-15 13:00:00,0,0.17165944,0.0,0.3658041149377823
Z06,2025-09-15 13:00:00,0,0.068679914,0.0,0.13794655725359917
Z07,2025-09-15 13:00:00,0,0.047741897,0.0,0.11700854077935219
Z08,2025-09-15 13:00:00,0,0.11515504,0.0,0.30929971635341647
Z09,2025-09-15 13:00:00,0,0.023182781,0.0,0.09244942478835583
Z10,2025-09-15 13:00:00,0,0.2056608,0.0,0.5035344809293747
Z01,2025-09-15 14:00:00,0,0.20724098,0.0,0.5051146596670151
Z02,2025-09-15 14:00:00,1,0.6554948,0.0,1.0
Z03,2025-09-15 14:00:00,0,0.02380164,0.0,0.09306828305125237
Z04,2025-09-15 14:00:00,0,0.015334596,0.0,0.08460123930126429
Z05,2025-09-15 14:00:00,0,0.36480203,0.0,0.9849826276302337
Z06,2025-09-15 14:00:00,0,0.032336812,0.0,0.10160345584154129
Z07,2025-09-15 14:00:00,0,0.045062415,0.0,0.11432905867695808
Z08,2025-09-15 14:00:00,0,0.06609464,0.0,0.13536128029227257
Z09,2025-09-15 14:00:00,0,0.37950292,0.0,0.999683517217636
Z10,2025-09-15 14:00:00,0,0.08084909,0.011582445353269577,0.1501157321035862
Z01,2025-09-15 15:00:00,0,0.009585031,0.0,0.07885167468339205
Z02,2025-09-15 15:00:00,0,0.0098674465,0.0,0.07913408987224102
Z03,2025-09-15 15:00:00,0,0.010527958,0.0,0.07979460153728724
Z04,2025-09-15 15:00:00,0,0.009205851,0.0,0.07847249414771795
Z05,2025-09-15 15:00:00,0,0.010978432,0.0,0.08024507574737072
Z06,2025-09-15 15:00:00,0,0.009053874,0.0,0.0783205172047019
Z07,2025-09-15 15:00:00,0,0.0114694135,0.0,0.08073605690151453
Z08,2025-09-15 15:00:00,0,0.01630153,0.0,0.08556817285716534
Z09,2025-09-15 15:00:00,0,0.008407999,0.0,0.07767464220523834
Z10,2025-09-15 15:00:00,0,0.009465506,0.0,0.07873214967548847
Z01,2025-09-15 16:00:00,0,0.010188616,0.0,0.07945525925606489
Z02,2025-09-15 16:00:00,0,0.009845505,0.0,0.07911214791238308
Z03,2025-09-15 16:00:00,0,0.009443259,0.0,0.07870990224182606
Z04,2025-09-15 16:00:00,0,0.0120549435,0.0,0.08132158685475588
Z05,2025-09-15 16:00:00,0,0.009536644,0.0,0.0788032878190279
Z06,2025-09-15 16:00:00,0,0.010433235,0.0,0.07969987858086824
Z07,2025-09-15 16:00:00,0,0.015918128,0.0,0.08518477156758308
Z08,2025-09-15 16:00:00,0,0.008863476,0.0,0.07813011948019266
Z09,2025-09-15 16:00:00,0,0.013565927,0.0,0.08283257018774748
Z10,2025-09-15 16:00:00,0,0.014076155,0.0,0.08334279805421829
Z01,2025-09-15 17:00:00,0,0.089642376,0.020375732332468033,0.15890901908278465
Z02,2025-09-15 17:00:00,0,0.11049988,0.0,0.3046445563435555
Z03,2025-09-15 17:00:00,0,0.047028422,0.0,0.11629506573081017
Z04,2025-09-15 17:00:00,0,0.083825946,0.014559302479028702,0.15309258922934532
Z05,2025-09-15 17:00:00,0,0.18050416,0.0,0.37464883327484133
Z06,2025-09-15 17:00:00,0,0.04046146,0.0,0.10972810164093971
Z07,2025-09-15 17:00:00,0,0.07160554,0.0023388974368572235,0.14087218418717384
Z08,2025-09-15 17:00:00,0,0.17210348,0.0,0.3662481546401978
Z09,2025-09-15 17:00:00,0,0.57037115,0.0,1.0
Z10,2025-09-15 17:00:00,0,0.048320793,0.0,0.11758743599057198
Z01,2025-09-15 18:00:00,0,0.1748249,0.0,0.36896956861019137
Z02,2025-09-15 18:00:00,0,0.13781807,0.0,0.3319627434015274
Z03,2025-09-15 18:00:00,0,0.04960334,0.0,0.11886998265981674
Z04,2025-09-15 18:00:00,0,0.10004353,0.0,0.29418820291757586
Z05,2025-09-15 18:00:00,0,0.028689919,0.0,0.09795656241476536
Z06,2025-09-15 18:00:00,0,0.07564764,0.006380993872880936,0.14491428062319756
Z07,2025-09-15 18:00:00,0,0.10633862,0.0,0.30048329532146456
Z08,2025-09-15 18:00:00,0,0.10635578,0.0,0.3005004540085793
Z09,2025-09-15 18:00:00,0,0.026934545,0.0,0.09620118886232376
Z10,2025-09-15 18:00:00,0,0.09310991,0.023843269795179367,0.162376556545496
Z01,2025-09-15 19:00:00,1,0.92886823,0.8440768003463744,1.0
Z02,2025-09-15 19:00:00,1,0.83163184,0.0,1.0
Z03,2025-09-15 19:00:00,1,0.95176023,0.8669687986373901,1.0
Z04,2025-09-15 19:00:00,1,0.9312344,0.8464429855346679,1.0
Z05,2025-09-15 19:00:00,1,0.7798229,0.0,1.0
Z06,2025-09-15 19:00:00,1,0.9102729,0.8254814624786376,0.9950643301010133
Z07,2025-09-15 19:00:00,1,0.91438967,0.8295982360839843,0.9991811037063599
Z08,2025-09-15 19:00:00,1,0.9460109,0.8612194538116454,1.0
Z09,2025-09-15 19:00:00,0,0.8787138,0.006481432914733909,1.0
Z10,2025-09-15 19:00:00,1,0.93557525,0.8507838129997253,1.0
Z01,2025-09-15 20:00:00,1,0.85870063,0.0,1.0
Z02,2025-09-15 20:00:00,1,0.6535409,0.0,1.0
Z03,2025-09-15 20:00:00,1,0.98604846,0.9012570261955261,1.0
Z04,2025-09-15 20:00:00,0,0.6880983,0.00921819210052488,1.0
Z05,2025-09-15 20:00:00,1,0.9904372,0.9056457757949828,1.0
Z06,2025-09-15 20:00:00,1,0.9933107,0.9085192561149597,1.0
Z07,2025-09-15 20:00:00,1,0.9647778,0.8799863934516906,1.0
Z08,2025-09-15 20:00:00,1,0.81199133,0.0,1.0
Z09,2025-09-15 20:00:00,1,0.5056042,0.0,1.0
Z10,2025-09-15 20:00:00,1,0.99207073,0.9072793006896972,1.0
Z01,2025-09-15 21:00:00,1,0.4285432,0.0,0.9820095479488372
Z02,2025-09-15 21:00:00,0,0.8633417,0.0,1.0
Z03,2025-09-15 21:00:00,0,0.1391654,0.0,0.33331007659435274
Z04,2025-09-15 21:00:00,0,0.8434528,0.0,1.0
Z05,2025-09-15 21:00:00,0,0.35229838,0.0,0.972478973865509
Z06,2025-09-15 21:00:00,0,0.35526392,0.0,0.9754445135593414
Z07,2025-09-15 21:00:00,1,0.80589044,0.0,1.0
Z08,2025-09-15 21:00:00,0,0.66329813,0.0,1.0
Z09,2025-09-15 21:00:00,1,0.97265536,0.8878639221191406,1.0
Z10,2025-09-15 21:00:00,1,0.86462116,0.0,1.0
Z01,2025-09-15 22:00:00,0,0.059207074,0.0,0.12847371771931648
Z02,2025-09-15 22:00:00,0,0.061036978,0.0,0.13030362129211426
Z03,2025-09-15 22:00:00,1,0.8598531,0.0,1.0
Z04,2025-09-15 22:00:00,1,0.6536846,0.0,1.0
Z05,2025-09-15 22:00:00,0,0.2149322,0.0,0.5128058791160583
Z06,2025-09-15 22:00:00,0,0.100461334,0.0,0.29460600912570956
Z07,2025-09-15 22:00:00,1,0.83428484,0.0,1.0
Z08,2025-09-15 22:00:00,1,0.20340993,0.0,0.5012836009263992
Z09,2025-09-15 22:00:00,0,0.24164283,0.0,0.5395165085792542
Z10,2025-09-15 22:00:00,1,0.9832819,0.8984904766082763,1.0
Z01,2025-09-15 23:00:00,0,0.009936466,0.0,0.0792031092569232
Z02,2025-09-15 23:00:00,0,0.010095003,0.0,0.07936164643615484
Z03,2025-09-15 23:00:00,0,0.009190207,0.0,0.07845685072243214
Z04,2025-09-15 23:00:00,0,0.01844232,0.0,0.08770896308124065
Z05,2025-09-15 23:00:00,0,0.011918025,0.0,0.08118466846644878
Z06,2025-09-15 23:00:00,0,0.010659298,0.0,0.07992594130337238
Z07,2025-09-15 23:00:00,0,0.12510315,0.0,0.3192478209733963
Z08,2025-09-15 23:00:00,0,0.008637083,0.0,0.07790372613817453
Z09,2025-09-15 23:00:00,0,0.012622684,0.0,0.0818893276154995
Z10,2025-09-15 23:00:00,0,0.009268512,0.0,0.07853515539318323
Z01,2025-09-16 00:00:00,0,0.04459771,0.0,0.11386435478925705
Z02,2025-09-16 00:00:00,0,0.031430434,0.0,0.10069707781076431
Z03,2025-09-16 00:00:00,0,0.10069272,0.0,0.2948373943567276
Z04,2025-09-16 00:00:00,0,0.030935088,0.0,0.10020173154771328
Z05,2025-09-16 00:00:00,0,0.058446955,0.0,0.12771359831094742
Z06,2025-09-16 00:00:00,0,0.0138102155,0.0,0.08307685889303684
Z07,2025-09-16 00:00:00,0,0.058933623,0.0,0.12820026651024818
Z08,2025-09-16 00:00:00,0,0.03047383,0.0,0.09974047355353832
Z09,2025-09-16 00:00:00,0,0.080523595,0.011256951838731766,0.14979023858904839
Z10,2025-09-16 00:00:00,0,0.03022866,0.0,0.0994953028857708
Z01,2025-09-16 01:00:00,0,0.026294578,0.0,0.09556122124195099
Z02,2025-09-16 01:00:00,0,0.010869391,0.0,0.08013603463768959
Z03,2025-09-16 01:00:00,0,0.025891354,0.0,0.09515799768269062
Z04,2025-09-16 01:00:00,0,0.058185823,0.0,0.12745246663689613
Z05,2025-09-16 01:00:00,0,0.06252026,0.0,0.13178690150380135
Z06,2025-09-16 01:00:00,0,0.010793515,0.0,0.08006015792489052
Z07,2025-09-16 01:00:00,0,0.054249752,0.0,0.12351639568805695
Z08,2025-09-16 01:00:00,0,0.07937375,0.010107103735208511,0.14864039048552513
Z09,2025-09-16 01:00:00,0,0.020950837,0.0,0.09021748043596745
Z10,2025-09-16 01:00:00,0,0.014148509,0.0,0.08341515250504017
Z01,2025-09-16 02:00:00,0,0.05686274,0.0,0.1261293850839138
Z02,2025-09-16 02:00:00,0,0.01605458,0.0,0.0853212233632803
Z03,2025-09-16 02:00:00,0,0.010335359,0.0,0.0796020021662116
Z04,2025-09-16 02:00:00,0,0.013827305,0.0,0.08309394866228104
Z05,2025-09-16 02:00:00,0,0.012034778,0.0,0.08130142092704773
Z06,2025-09-16 02:00:00,0,0.06435364,0.0,0.13362028077244759
Z07,2025-09-16 02:00:00,0,0.06189025,0.0,0.13115689158439636
Z08,2025-09-16 02:00:00,0,0.03220232,0.0,0.10146896168589592
Z09,2025-09-16 02:00:00,0,0.028641552,0.0,0.09790819510817528
Z10,2025-09-16 02:00:00,0,0.029821217,0.0,0.09908786043524742
Z01,2025-09-16 03:00:00,0,0.06088742,0.0,0.1301540620625019
Z02,2025-09-16 03:00:00,0,0.013484162,0.0,0.08275080565363169
Z03,2025-09-16 03:00:00,0,0.07654327,0.007276628166437149,0.14580991491675377
Z04,2025-09-16 03:00:00,0,0.025618806,0.0,0.0948854498565197
Z05,2025-09-16 03:00:00,0,0.019437212,0.0,0.08870385587215424
Z06,2025-09-16 03:00:00,0,0.010339759,0.0,0.07960640266537666
Z07,2025-09-16 03:00:00,0,0.07436104,0.005094397813081741,0.14362768456339836
Z08,2025-09-16 03:00:00,0,0.01484527,0.0,0.08411191310733557
Z09,2025-09-16 03:00:00,0,0.030296188,0.0,0.09956283122301102
Z10,2025-09-16 03:00:00,0,0.027046042,0.0,0.09631268493831158
Z01,2025-09-16 04:00:00,0,0.020015461,0.0,0.08928210474550724
Z02,2025-09-16 04:00:00,0,0.010256701,0.0,0.07952334452420473
Z03,2025-09-16 04:00:00,0,0.019599942,0.0,0.0888665858656168
Z04,2025-09-16 04:00:00,0,0.010926939,0.0,0.08019358199089766
Z05,2025-09-16 04:00:00,0,0.02335135,0.0,0.09261799417436123
Z06,2025-09-16 04:00:00,0,0.011978456,0.0,0.08124509919434786
Z07,2025-09-16 04:00:00,0,0.025654819,0.0,0.09492146223783493
Z08,2025-09-16 04:00:00,0,0.029749103,0.0,0.0990157462656498
Z09,2025-09-16 04:00:00,0,0.028964914,0.0,0.09823155775666237
Z10,2025-09-16 04:00:00,0,0.025635792,0.0,0.09490243531763554
Z01,2025-09-16 05:00:00,0,0.01127506,0.0,0.08054170291870832
Z02,2025-09-16 05:00:00,0,0.010489631,0.0,0.07975627481937408
Z03,2025-09-16 05:00:00,0,0.010512834,0.0,0.07977947778999805
Z04,2025-09-16 05:00:00,0,0.02770031,0.0,0.09696695394814014
Z05,2025-09-16 05:00:00,1,0.17098357,0.0,0.36512824296951296
Z06,2025-09-16 05:00:00,0,0.012391526,0.0,0.08165816962718964
Z07,2025-09-16 05:00:00,0,0.025518928,0.0,0.09478557109832764
Z08,2025-09-16 05:00:00,0,0.011130659,0.0,0.08039730228483677
Z09,2025-09-16 05:00:00,0,0.011197902,0.0,0.08046454563736916
Z10,2025-09-16 05:00:00,0,0.053075783,0.0,0.12234242632985115
Z01,2025-09-16 06:00:00,0,0.0087157665,0.0,0.0779824098572135
Z02,2025-09-16 06:00:00,0,0.010498534,0.0,0.07976517733186483
Z03,2025-09-16 06:00:00,0,0.011600833,0.0,0.0808674767613411
Z04,2025-09-16 06:00:00,0,0.009221082,0.0,0.07848772499710321
Z05,2025-09-16 06:00:00,0,0.009266468,0.0,0.07853311114013195
Z06,2025-09-16 06:00:00,0,0.009963127,0.0,0.07922977022826672
Z07,2025-09-16 06:00:00,0,0.009960155,0.0,0.07922679837793112
Z08,2025-09-16 06:00:00,0,0.008940862,0.0,0.07820750493556261
Z09,2025-09-16 06:00:00,0,0.008805006,0.0,0.07807164918631315
Z10,2025-09-16 06:00:00,0,0.008927001,0.0,0.07819364406168461
Z01,2025-09-16 07:00:00,0,0.017135935,0.0,0.08640257827937603
Z02,2025-09-16 07:00:00,0,0.028017068,0.0,0.09728371165692806
Z03,2025-09-16 07:00:00,0,0.021351196,0.0,0.0906178392469883
Z04,2025-09-16 07:00:00,0,0.009146483,0.0,0.07841312605887651
Z05,2025-09-16 07:00:00,0,0.107581235,0.0,0.3017259106040001
Z06,2025-09-16 07:00:00,0,0.014548877,0.0,0.08381552062928677
Z07,2025-09-16 07:00:00,0,0.06485925,0.0,0.13412589207291603
Z08,2025-09-16 07:00:00,0,0.027642623,0.0,0.09690926596522331
Z09,2025-09-16 07:00:00,0,0.087996274,0.01872963085770607,0.1572629176080227
Z10,2025-09-16 07:00:00,0,0.63048214,0.0,1.0
Z01,2025-09-16 08:00:00,0,0.6990657,0.020185565948486306,1.0
Z02,2025-09-16 08:00:00,0,0.036765195,0.0,0.10603183880448341
Z03,2025-09-16 08:00:00,0,0.49235275,0.0,1.0
Z04,2025-09-16 08:00:00,0,0.58553684,0.0,1.0
Z05,2025-09-16 08:00:00,0,0.028715547,0.0,0.09798219054937363
Z06,2025-09-16 08:00:00,0,0.9020219,0.8172304511070251,0.9868133187294007
Z07,2025-09-16 08:00:00,0,0.6843943,0.0055141806602477805,1.0
Z08,2025-09-16 08:00:00,0,0.2399101,0.0,0.5377837717533112
Z09,2025-09-16 08:00:00,0,0.6860892,0.007209098339080788,1.0
Z10,2025-09-16 08:00:00,0,0.36535242,0.0,0.9855330169200897
Z01,2025-09-16 09:00:00,0,0.08819072,0.018924076110124588,0.1574573628604412
Z02,2025-09-16 09:00:00,0,0.0675198,0.0,0.13678644225001335
Z03,2025-09-16 09:00:00,0,0.27634478,0.0,0.5742184519767761
Z04,2025-09-16 09:00:00,0,0.5075726,0.0,1.0
Z05,2025-09-16 09:00:00,0,0.4725642,0.0,1.0
Z06,2025-09-16 09:00:00,0,0.85509914,0.0,1.0
Z07,2025-09-16 09:00:00,1,0.770756,0.0,1.0
Z08,2025-09-16 09:00:00,1,0.9001694,0.8153779387474059,0.9849608063697816
Z09,2025-09-16 09:00:00,0,0.57454973,0.0,1.0
Z10,2025-09-16 09:00:00,1,0.77802354,0.0,1.0
Z01,2025-09-16 10:00:00,0,0.04552136,0.0,0.1147880032658577
Z02,2025-09-16 10:00:00,0,0.039459,0.0,0.1087256446480751
Z03,2025-09-16 10:00:00,0,0.10517961,0.0,0.2993242830038071
Z04,2025-09-16 10:00:00,0,0.051242214,0.0,0.12050885707139969
Z05,2025-09-16 10:00:00,0,0.04776216,0.0,0.11702880263328552
Z06,2025-09-16 10:00:00,0,0.047736336,0.0,0.11700297892093658
Z07,2025-09-16 10:00:00,0,0.101963095,0.0,0.2961077705025673
Z08,2025-09-16 10:00:00,0,0.03539711,0.0,0.10466375201940536
Z09,2025-09-16 10:00:00,0,0.051320143,0.0,0.12058678641915321
Z10,2025-09-16 10:00:00,0,0.03846075,0.0,0.10772739350795746
Z01,2025-09-16 11:00:00,0,0.009073497,0.0,0.07834014017134905
Z02,2025-09-16 11:00:00,0,0.009282898,0.0,0.07854954153299332
Z03,2025-09-16 11:00:00,0,0.010487438,0.0,0.07975408155471087
Z04,2025-09-16 11:00:00,0,0.009746486,0.0,0.07901312969624996
Z05,2025-09-16 11:00:00,0,0.012416643,0.0,0.08168328646570444
Z06,2025-09-16 11:00:00,0,0.009751117,0.0,0.07901776023209095
Z07,2025-09-16 11:00:00,0,0.010272601,0.0,0.07953924406319857
Z08,2025-09-16 11:00:00,0,0.009624244,0.0,0.07889088708907366
Z09,2025-09-16 11:00:00,0,0.008968248,0.0,0.07823489140719175
Z10,2025-09-16 11:00:00,0,0.009289181,0.0,0.07855582423508167
Z01,2025-09-16 12:00:00,0,0.058937598,0.0,0.12820424139499664
Z02,2025-09-16 12:00:00,0,0.066843994,0.0,0.13611063733696938
Z03,2025-09-16 12:00:00,0,0.054409903,0.0,0.12367654591798782
Z04,2025-09-16 12:00:00,1,0.55118513,0.0,1.0
Z05,2025-09-16 12:00:00,0,0.23942813,0.0,0.5373018085956573
Z06,2025-09-16 12:00:00,0,0.05251987,0.0,0.12178651243448257
Z07,2025-09-16 12:00:00,0,0.025257923,0.0,0.0945245660841465
Z08,2025-09-16 12:00:00,0,0.26511228,0.0,0.5629859566688538
Z09,2025-09-16 12:00:00,0,0.2928991,0.0,0.5907727777957916
Z10,2025-09-16 12:00:00,0,0.21847236,0.0,0.5163460373878479
Z01,2025-09-16 13:00:00,0,0.01341119,0.0,0.08267783373594284
Z02,2025-09-16 13:00:00,0,0.2401418,0.0,0.5380154699087143
Z03,2025-09-16 13:00:00,0,0.52360606,0.0,1.0
Z04,2025-09-16 13:00:00,0,0.12669724,0.0,0.32084191739559176
Z05,2025-09-16 13:00:00,0,0.5519624,0.0,1.0
Z06,2025-09-16 13:00:00,0,0.076234296,0.006967652589082718,0.14550093933939934
Z07,2025-09-16 13:00:00,1,0.63265043,0.0,1.0
Z08,2025-09-16 13:00:00,0,0.13743564,0.0,0.3315803200006485
Z09,2025-09-16 13:00:00,1,0.076142,0.0068753547966480255,0.14540864154696465
Z10,2025-09-16 13:00:00,0,0.19646311,0.0023184329271316584,0.39060778319835665
Z01,2025-09-16 14:00:00,0,0.20812577,0.0,0.5059994459152222
Z02,2025-09-16 14:00:00,0,0.15113208,0.0,0.345276752114296
Z03,2025-09-16 14:00:00,1,0.116949216,0.0,0.3110938906669617
Z04,2025-09-16 14:00:00,1,0.8923509,0.020118558406829856,1.0
Z05,2025-09-16 14:00:00,0,0.39243844,0.0,1.0
Z06,2025-09-16 14:00:00,0,0.055596765,0.0,0.1248634085059166
Z07,2025-09-16 14:00:00,0,0.14581479,0.0,0.33995946645736697
Z08,2025-09-16 14:00:00,0,0.40100583,0.0,0.9544721722602844
Z09,2025-09-16 14:00:00,1,0.46303824,0.0,1.0
Z10,2025-09-16 14:00:00,1,0.3752911,0.0,0.995471704006195
Z01,2025-09-16 15:00:00,0,0.00942056,0.0,0.07868720311671495
Z02,2025-09-16 15:00:00,0,0.00925867,0.0,0.0785253131762147
Z03,2025-09-16 15:00:00,0,0.009471437,0.0,0.07873808033764362
Z04,2025-09-16 15:00:00,0,0.03950048,0.0,0.10876712203025818
Z05,2025-09-16 15:00:00,0,0.010011165,0.0,0.07927780877798796
Z06,2025-09-16 15:00:00,0,0.009577674,0.0,0.07884431723505259
Z07,2025-09-16 15:00:00,0,0.011080706,0.0,0.08034734893590212
Z08,2025-09-16 15:00:00,0,0.008913794,0.0,0.07818043697625399
Z09,2025-09-16 15:00:00,0,0.008875527,0.0,0.07814217079430819
Z10,2025-09-16 15:00:00,0,0.009053874,0.0,0.0783205172047019
Z01,2025-09-16 16:00:00,0,0.009307621,0.0,0.07857426442205906
Z02,2025-09-16 16:00:00,0,0.009190207,0.0,0.07845685072243214
Z03,2025-09-16 16:00:00,0,0.012212302,0.0,0.08147894497960806
Z04,2025-09-16 16:00:00,0,0.009013314,0.0,0.07827995717525482
Z05,2025-09-16 16:00:00,0,0.009353928,0.0,0.07862057164311409
Z06,2025-09-16 16:00:00,0,0.07522453,0.005957890301942825,0.14449117705225945
Z07,2025-09-16 16:00:00,0,0.019296573,0.0,0.08856321685016155
Z08,2025-09-16 16:00:00,0,0.009101575,0.0,0.07836821861565113
Z09,2025-09-16 16:00:00,0,0.008759938,0.0,0.07802658155560493
Z10,2025-09-16 16:00:00,0,0.0087157665,0.0,0.0779824098572135
Z01,2025-09-16 17:00:00,0,0.08429856,0.015031915158033371,0.15356520190835
Z02,2025-09-16 17:00:00,0,0.15360157,0.0,0.3477462470531464
Z03,2025-09-16 17:00:00,0,0.12714626,0.0,0.32129093408584597
Z04,2025-09-16 17:00:00,0,0.08094838,0.011681739240884781,0.1502150259912014
Z05,2025-09-16 17:00:00,0,0.038083162,0.0,0.10734980553388596
Z06,2025-09-16 17:00:00,0,0.08301306,0.013746414333581924,0.15227970108389854
Z07,2025-09-16 17:00:00,1,0.3158212,0.0,0.9360017955303191
Z08,2025-09-16 17:00:00,0,0.043026906,0.0,0.1122935488820076
Z09,2025-09-16 17:00:00,0,0.08547754,0.016210895031690598,0.15474418178200722
Z10,2025-09-16 17:00:00,0,0.038896482,0.0,0.10816312581300735
Z01,2025-09-16 18:00:00,0,0.14530827,0.0,0.3394529461860657
Z02,2025-09-16 18:00:00,0,0.09058371,0.021317068487405777,0.1598503552377224
Z03,2025-09-16 18:00:00,0,0.059499074,0.0,0.12876571714878082
Z04,2025-09-16 18:00:00,1,0.035310425,0.0,0.10457706823945045
Z05,2025-09-16 18:00:00,0,0.23253152,0.0,0.530405193567276
Z06,2025-09-16 18:00:00,0,0.025546642,0.0,0.09481328539550304
Z07,2025-09-16 18:00:00,0,0.05474384,0.0,0.12401048466563225
Z08,2025-09-16 18:00:00,0,0.041158948,0.0,0.11042559146881104
Z09,2025-09-16 18:00:00,0,0.07349562,0.004228975623846054,0.14276226237416267
Z10,2025-09-16 18:00:00,0,0.0758472,0.00658055767416954,0.14511384442448616
Z01,2025-09-16 19:00:00,0,0.9007352,0.8159437656402587,0.9855266332626343
Z02,2025-09-16 19:00:00,1,0.97488314,0.8900917053222656,1.0
Z03,2025-09-16 19:00:00,0,0.7678756,0.0,1.0
Z04,2025-09-16 19:00:00,1,0.93829095,0.8534995198249816,1.0
Z05,2025-09-16 19:00:00,0,0.2519223,0.0,0.5497959852218628
Z06,2025-09-16 19:00:00,1,0.89947736,0.02724500894546511,1.0
Z07,2025-09-16 19:00:00,1,0.96432066,0.8795292258262634,1.0
Z08,2025-09-16 19:00:00,0,0.88861865,0.01638629436492922,1.0
Z09,2025-09-16 19:00:00,1,0.9941989,0.9094074845314025,1.0
Z10,2025-09-16 19:00:00,0,0.77129245,0.0,1.0
Z01,2025-09-16 20:00:00,1,0.9178085,0.8330170392990112,1.0
Z02,2025-09-16 20:00:00,0,0.8704096,0.0,1.0
Z03,2025-09-16 20:00:00,1,0.976497,0.891705560684204,1.0
Z04,2025-09-16 20:00:00,1,0.89671284,0.024480485916137718,1.0
Z05,2025-09-16 20:00:00,0,0.9250631,0.8402716398239135,1.0
Z06,2025-09-16 20:00:00,0,0.15885054,0.0,0.3529952108860016
Z07,2025-09-16 20:00:00,1,0.92662376,0.8418323278427123,1.0
Z08,2025-09-16 20:00:00,0,0.6383592,0.0,1.0
Z09,2025-09-16 20:00:00,1,0.9729734,0.888181972503662,1.0
Z10,2025-09-16 20:00:00,0,0.85625875,0.0,1.0
Z01,2025-09-16 21:00:00,1,0.14768639,0.0,0.3418310672044754
Z02,2025-09-16 21:00:00,1,0.7862565,0.00016450881958007812,1.0
Z03,2025-09-16 21:00:00,0,0.42153826,0.0,0.9750046014785766
Z04,2025-09-16 21:00:00,0,0.39390334,0.0,1.0
Z05,2025-09-16 21:00:00,1,0.78153294,0.0,1.0
Z06,2025-09-16 21:00:00,0,0.6558446,0.0,1.0
Z07,2025-09-16 21:00:00,0,0.19634853,0.0022038578987121638,0.39049320816993716
Z08,2025-09-16 21:00:00,0,0.20470962,0.0,0.5025832951068878
Z09,2025-09-16 21:00:00,0,0.8394572,0.0,1.0
Z10,2025-09-16 21:00:00,0,0.42433202,0.0,0.9777983605861663
Z01,2025-09-16 22:00:00,0,0.21902947,0.0,0.5169031471014023
Z02,2025-09-16 22:00:00,0,0.20255494,0.0,0.5004286170005798
Z03,2025-09-16 22:00:00,0,0.7036967,0.0,1.0
Z04,2025-09-16 22:00:00,1,0.06823813,0.0,0.13750477507710457
Z05,2025-09-16 22:00:00,0,0.3314239,0.0,0.9516045033931732
Z06,2025-09-16 22:00:00,0,0.4140929,0.0,0.9675592362880706
Z07,2025-09-16 22:00:00,1,0.9252858,0.8404943823814391,1.0
Z08,2025-09-16 22:00:00,0,0.13926156,0.0,0.33340623378753664
Z09,2025-09-16 22:00:00,1,0.81242436,0.0,1.0
Z10,2025-09-16 22:00:00,0,0.5581,0.0,1.0
Z01,2025-09-16 23:00:00,0,0.00896718,0.0,0.07823382318019867
Z02,2025-09-16 23:00:00,0,0.00979515,0.0,0.07906179316341877
Z03,2025-09-16 23:00:00,0,0.009653226,0.0,0.07891986891627312
Z04,2025-09-16 23:00:00,0,0.008962617,0.0,0.07822926063090563
Z05,2025-09-16 23:00:00,0,0.009807914,0.0,0.07907455693930387
Z06,2025-09-16 23:00:00,0,0.009196513,0.0,0.07846315670758486
Z07,2025-09-16 23:00:00,0,0.012848389,0.0,0.08211503271013498
Z08,2025-09-16 23:00:00,0,0.009216548,0.0,0.07848319131880999
Z09,2025-09-16 23:00:00,0,0.011891943,0.0,0.08115858677774668
Z10,2025-09-16 23:00:00,0,0.009080471,0.0,0.07834711391478777
Z01,2025-09-17 00:00:00,0,0.030798377,0.0,0.10006502084434032
Z02,2025-09-17 00:00:00,0,0.010187328,0.0,0.0794539712369442
Z03,2025-09-17 00:00:00,0,0.016303273,0.0,0.08556991629302502
Z04,2025-09-17 00:00:00,0,0.012035213,0.0,0.08130185678601265
Z05,2025-09-17 00:00:00,0,0.025123455,0.0,0.09439009800553322
Z06,2025-09-17 00:00:00,0,0.012500461,0.0,0.08176710456609726
Z07,2025-09-17 00:00:00,0,0.05699832,0.0,0.12626496329903603
Z08,2025-09-17 00:00:00,0,0.07609246,0.006825815886259079,0.1453591026365757
Z09,2025-09-17 00:00:00,1,0.029175922,0.0,0.09844256564974785
Z10,2025-09-17 00:00:00,0,0.01129541,0.0,0.08056205324828625
Z01,2025-09-17 01:00:00,0,0.029311877,0.0,0.09857852011919022
Z02,2025-09-17 01:00:00,0,0.010342858,0.0,0.07960950117558241
Z03,2025-09-17 01:00:00,0,0.014210972,0.0,0.08347761537879705
Z04,2025-09-17 01:00:00,0,0.071478955,0.0022123120725154877,0.1407455988228321
Z05,2025-09-17 01:00:00,0,0.13154733,0.0,0.32569200694561007
Z06,2025-09-17 01:00:00,0,0.011867398,0.0,0.08113404177129269
Z07,2025-09-17 01:00:00,0,0.13041346,0.0,0.3245581328868866
Z08,2025-09-17 01:00:00,0,0.065592505,0.0,0.1348591484129429
Z09,2025-09-17 01:00:00,0,0.027886806,0.0,0.09715344943106174
Z10,2025-09-17 01:00:00,0,0.013253243,0.0,0.08251988608390093
Z01,2025-09-17 02:00:00,0,0.029816698,0.0,0.09908334165811539
Z02,2025-09-17 02:00:00,0,0.020022614,0.0,0.08928925730288029
Z03,2025-09-17 02:00:00,0,0.009847113,0.0,0.07911375630646944
Z04,2025-09-17 02:00:00,0,0.07503032,0.005763676017522812,0.14429696276783943
Z05,2025-09-17 02:00:00,0,0.053275444,0.0,0.12254208698868752
Z06,2025-09-17 02:00:00,0,0.07505532,0.005788680166006088,0.1443219669163227
Z07,2025-09-17 02:00:00,0,0.07180708,0.002540435642004013,0.14107372239232063
Z08,2025-09-17 02:00:00,0,0.03290578,0.0,0.10217242315411568
Z09,2025-09-17 02:00:00,0,0.011025247,0.0,0.08029189053922892
Z10,2025-09-17 02:00:00,0,0.039341666,0.0,0.10860830917954445
Z01,2025-09-17 03:00:00,0,0.010350656,0.0,0.07961729913949966
Z02,2025-09-17 03:00:00,0,0.02824329,0.0,0.09750993363559246
Z03,2025-09-17 03:00:00,0,0.009634653,0.0,0.07890129648149014
Z04,2025-09-17 03:00:00,0,0.02610412,0.0,0.09537076391279697
Z05,2025-09-17 03:00:00,0,0.02304233,0.0,0.09230897389352322
Z06,2025-09-17 03:00:00,0,0.011032373,0.0,0.0802990160882473
Z07,2025-09-17 03:00:00,0,0.16289885,0.0,0.35704352855682375
Z08,2025-09-17 03:00:00,0,0.018556831,0.0,0.08782347477972507
Z09,2025-09-17 03:00:00,0,0.010565562,0.0,0.07983220554888248
Z10,2025-09-17 03:00:00,0,0.019470822,0.0,0.08873746544122696
Z01,2025-09-17 04:00:00,0,0.02696527,0.0,0.09623191319406033
Z02,2025-09-17 04:00:00,0,0.03173295,0.0,0.10099959373474121
Z03,2025-09-17 04:00:00,0,0.01281217,0.0,0.08207881357520819
Z04,2025-09-17 04:00:00,0,0.06783401,0.0,0.13710065558552742
Z05,2025-09-17 04:00:00,1,0.074049905,0.004783261567354202,0.14331654831767082
Z06,2025-09-17 04:00:00,0,0.011911655,0.0,0.08117829822003841
Z07,2025-09-17 04:00:00,0,0.18722461,0.0,0.381369286775589
Z08,2025-09-17 04:00:00,0,0.012472021,0.0,0.08173866476863623
Z09,2025-09-17 04:00:00,0,0.009976805,0.0,0.0792434485629201
Z10,2025-09-17 04:00:00,0,0.01211574,0.0,0.08138238359242678
Z01,2025-09-17 05:00:00,0,0.025990242,0.0,0.09525688551366329
Z02,2025-09-17 05:00:00,0,0.03964925,0.0,0.10891589522361755
Z03,2025-09-17 05:00:00,0,0.015823789,0.0,0.08509043231606483
Z04,2025-09-17 05:00:00,0,0.012293409,0.0,0.08156005199998617
Z05,2025-09-17 05:00:00,0,0.048804823,0.0,0.11807146668434143
Z06,2025-09-17 05:00:00,0,0.07094131,0.0016746632754802704,0.1402079500257969
Z07,2025-09-17 05:00:00,0,0.055616558,0.0,0.12488320097327232
Z08,2025-09-17 05:00:00,0,0.010657799,0.0,0.07992444280534983
Z09,2025-09-17 05:00:00,0,0.010878387,0.0,0.0801450302824378
Z10,2025-09-17 05:00:00,0,0.054232176,0.0,0.1234988197684288
Z01,2025-09-17 06:00:00,0,0.3102917,0.0,0.9304723024368285
Z02,2025-09-17 06:00:00,0,0.062049177,0.0,0.13131581991910934
Z03,2025-09-17 06:00:00,0,0.112636864,0.0,0.30678153932094576
Z04,2025-09-17 06:00:00,1,0.55034834,0.0,1.0
Z05,2025-09-17 06:00:00,0,0.83962303,0.0,1.0
Z06,2025-09-17 06:00:00,0,0.3306488,0.0,0.950829404592514
Z07,2025-09-17 06:00:00,0,0.14956655,0.0,0.34371122121810915
Z08,2025-09-17 06:00:00,1,0.6773446,0.0,1.0
Z09,2025-09-17 06:00:00,0,0.2881453,0.0,0.586018979549408
Z10,2025-09-17 06:00:00,0,0.36452964,0.0,0.9847102344036102
Z01,2025-09-17 07:00:00,0,0.58991265,0.002791464328765869,1.0
Z02,2025-09-17 07:00:00,0,0.08687884,0.01761220023036003,0.15614548698067665
Z03,2025-09-17 07:00:00,0,0.17602177,0.0,0.3701664447784424
Z04,2025-09-17 07:00:00,0,0.6000331,0.0,1.0
Z05,2025-09-17 07:00:00,1,0.96487814,0.8800867080688476,1.0
Z06,2025-09-17 07:00:00,0,0.636661,0.0,1.0
Z07,2025-09-17 07:00:00,0,0.8244255,0.0,1.0
Z08,2025-09-17 07:00:00,1,0.98339784,0.8986064076423644,1.0
Z09,2025-09-17 07:00:00,0,0.21608903,0.0,0.5139627009630203
Z10,2025-09-17 07:00:00,0,0.5883336,0.0012124180793762207,1.0
Z01,2025-09-17 08:00:00,1,0.8241296,0.0,1.0
Z02,2025-09-17 08:00:00,1,0.8157368,0.0,1.0
Z03,2025-09-17 08:00:00,0,0.13954927,0.0,0.33369394540786745
Z04,2025-09-17 08:00:00,0,0.68322337,0.004343247413635232,1.0
Z05,2025-09-17 08:00:00,1,0.9748799,0.8900884866714477,1.0
Z06,2025-09-17 08:00:00,0,0.79995674,0.013864755630493164,1.0
Z07,2025-09-17 08:00:00,1,0.9575642,0.872772741317749,1.0
Z08,2025-09-17 08:00:00,0,0.8418545,0.0,1.0
Z09,2025-09-17 08:00:00,0,0.4942043,0.0,1.0
Z10,2025-09-17 08:00:00,0,0.8980219,0.025789523124694846,1.0
Z01,2025-09-17 09:00:00,0,0.90823025,0.823438811302185,0.9930216789245606
Z02,2025-09-17 09:00:00,1,0.23117585,0.0,0.5290495306253433
Z03,2025-09-17 09:00:00,0,0.2313621,0.0,0.5292357802391052
Z04,2025-09-17 09:00:00,0,0.26515955,0.0,0.5630332231521606
Z05,2025-09-17 09:00:00,1,0.96345687,0.8786654353141784,1.0
Z06,2025-09-17 09:00:00,0,0.6190527,0.0,1.0
Z07,2025-09-17 09:00:00,1,0.5973006,0.010179400444030762,1.0
Z08,2025-09-17 09:00:00,0,0.03739189,0.0,0.10665853321552277
Z09,2025-09-17 09:00:00,0,0.29262367,0.0,0.5904973447322845
Z10,2025-09-17 09:00:00,1,0.7396729,0.0,1.0
Z01,2025-09-17 10:00:00,0,0.9141269,0.8293354392051696,0.9989183068275452
Z02,2025-09-17 10:00:00,1,0.3127733,0.0,0.9329538822174072
Z03,2025-09-17 10:00:00,0,0.45640457,0.0,1.0
Z04,2025-09-17 10:00:00,0,0.14783187,0.0,0.34197654724121096
Z05,2025-09-17 10:00:00,0,0.5677585,0.0,1.0
Z06,2025-09-17 10:00:00,0,0.15413496,0.0,0.34827963411808016
Z07,2025-09-17 10:00:00,0,0.60829806,0.0,1.0
Z08,2025-09-17 10:00:00,1,0.6721601,0.0,1.0
Z09,2025-09-17 10:00:00,0,0.9412018,0.8564103722572326,1.0
Z10,2025-09-17 10:00:00,0,0.54924136,0.0,1.0
Z01,2025-09-17 11:00:00,1,0.7827957,0.0,1.0
Z02,2025-09-17 11:00:00,1,0.975604,0.8908125638961791,1.0
Z03,2025-09-17 11:00:00,1,0.9864226,0.9016311645507812,1.0
Z04,2025-09-17 11:00:00,1,0.99056375,0.905772316455841,1.0
Z05,2025-09-17 11:00:00,1,0.9850552,0.900263774394989,1.0
Z06,2025-09-17 11:00:00,1,0.98530686,0.9005154252052306,1.0
Z07,2025-09-17 11:00:00,1,0.89515007,0.02291771173477175,1.0
Z08,2025-09-17 11:00:00,1,0.8974106,0.02517821788787844,1.0
Z09,2025-09-17 11:00:00,1,0.9947008,0.9099093556404113,1.0
Z10,2025-09-17 11:00:00,1,0.9781231,0.8933316946029662,1.0
Z01,2025-09-17 12:00:00,0,0.72402567,0.0,1.0
Z02,2025-09-17 12:00:00,1,0.98945403,0.9046625971794128,1.0
Z03,2025-09-17 12:00:00,1,0.9639316,0.8791401863098144,1.0
Z04,2025-09-17 12:00:00,1,0.9563261,0.8715346932411193,1.0
Z05,2025-09-17 12:00:00,0,0.8241518,0.0,1.0
Z06,2025-09-17 12:00:00,1,0.94293964,0.8581482052803039,1.0
Z07,2025-09-17 12:00:00,1,0.99009717,0.9053057312965392,1.0
Z08,2025-09-17 12:00:00,1,0.9905161,0.9057246923446655,1.0
Z09,2025-09-17 12:00:00,1,0.9765189,0.8917274951934814,1.0
Z10,2025-09-17 12:00:00,1,0.9736573,0.8888658761978149,1.0
Z01,2025-09-17 13:00:00,1,0.78573024,0.0,1.0
Z02,2025-09-17 13:00:00,0,0.35854462,0.0,0.9787252128124236
Z03,2025-09-17 13:00:00,0,0.84920496,0.0,1.0
Z04,2025-09-17 13:00:00,1,0.85477215,0.0,1.0
Z05,2025-09-17 13:00:00,0,0.8192878,0.0,1.0
Z06,2025-09-17 13:00:00,0,0.28046915,0.0,0.5783428251743317
Z07,2025-09-17 13:00:00,1,0.8035698,0.0,1.0
Z08,2025-09-17 13:00:00,1,0.9402812,0.8554897785186767,1.0
Z09,2025-09-17 13:00:00,0,0.56179804,0.0,1.0
Z10,2025-09-17 13:00:00,0,0.5034876,0.0,1.0
Z01,2025-09-17 14:00:00,0,0.56446296,0.0,1.0
Z02,2025-09-17 14:00:00,0,0.12739554,0.0,0.32154021561145785
Z03,2025-09-17 14:00:00,1,0.7334803,0.0,1.0
Z04,2025-09-17 14:00:00,0,0.30130756,0.0,0.9214881539344787
Z05,2025-09-17 14:00:00,0,0.10137552,0.0,0.2955201953649521
Z06,2025-09-17 14:00:00,0,0.7890539,0.0029619336128234863,1.0
Z07,2025-09-17 14:00:00,1,0.8352671,0.0,1.0
Z08,2025-09-17 14:00:00,0,0.20782666,0.0,0.5057003349065781
Z09,2025-09-17 14:00:00,1,0.97671974,0.8919283032417297,1.0
Z10,2025-09-17 14:00:00,1,0.9857744,0.9009829640388488,1.0
Z01,2025-09-17 15:00:00,0,0.24571213,0.0,0.5435858070850372
Z02,2025-09-17 15:00:00,0,0.042769816,0.0,0.11203645914793015
Z03,2025-09-17 15:00:00,0,0.019469438,0.0,0.08873608149588108
Z04,2025-09-17 15:00:00,0,0.013907792,0.0,0.08317443542182446
Z05,2025-09-17 15:00:00,0,0.1833085,0.0,0.3774531722068787
Z06,2025-09-17 15:00:00,0,0.014861792,0.0,0.08412843570113182
Z07,2025-09-17 15:00:00,0,0.016951926,0.0,0.08621856942772865
Z08,2025-09-17 15:00:00,0,0.12132541,0.0,0.31547008603811266
Z09,2025-09-17 15:00:00,0,0.071431436,0.0021647922694683075,0.14069807901978493
Z10,2025-09-17 15:00:00,0,0.0160595,0.0,0.08532614260911942
Z01,2025-09-17 16:00:00,1,0.8473452,0.0,1.0
Z02,2025-09-17 16:00:00,0,0.107944556,0.0,0.3020892307162285
Z03,2025-09-17 16:00:00,0,0.5908485,0.0037273168563842773,1.0
Z04,2025-09-17 16:00:00,0,0.21021749,0.0,0.5080911666154861
Z05,2025-09-17 16:00:00,0,0.3855402,0.0,1.0
Z06,2025-09-17 16:00:00,0,0.5781914,0.0,1.0
Z07,2025-09-17 16:00:00,0,0.4034411,0.0,0.9569074392318725
Z08,2025-09-17 16:00:00,1,0.5749528,0.0,1.0
Z09,2025-09-17 16:00:00,0,0.6709589,0.0,1.0
Z10,2025-09-17 16:00:00,0,0.7128124,0.0,1.0
Z01,2025-09-17 17:00:00,1,0.7525135,0.0,1.0
Z02,2025-09-17 17:00:00,1,0.39525643,0.0,1.0
Z03,2025-09-17 17:00:00,1,0.61569494,0.0,1.0
Z04,2025-09-17 17:00:00,0,0.8509943,0.0,1.0
Z05,2025-09-17 17:00:00,0,0.4022905,0.0,0.9557568311691284
Z06,2025-09-17 17:00:00,1,0.6255964,0.0,1.0
Z07,2025-09-17 17:00:00,1,0.93644965,0.8516582131385803,1.0
Z08,2025-09-17 17:00:00,0,0.32957494,0.0,0.9497555375099181
Z09,2025-09-17 17:00:00,1,0.88566995,0.013437592983245872,1.0
Z10,2025-09-17 17:00:00,0,0.65094763,0.0,1.0
Z01,2025-09-17 18:00:00,1,0.9939324,0.9091409921646117,1.0
Z02,2025-09-17 18:00:00,1,0.99516946,0.9103780269622802,1.0
Z03,2025-09-17 18:00:00,1,0.99516946,0.9103780269622802,1.0
Z04,2025-09-17 18:00:00,1,0.99511164,0.9103202104568481,1.0
Z05,2025-09-17 18:00:00,1,0.9939948,0.9092033386230468,1.0
Z06,2025-09-17 18:00:00,1,0.994031,0.9092395782470702,1.0
Z07,2025-09-17 18:00:00,1,0.9943129,0.9095214486122131,1.0
Z08,2025-09-17 18:00:00,1,0.9926064,0.9078149676322936,1.0
Z09,2025-09-17 18:00:00,1,0.99468935,0.9098979115486144,1.0
Z10,2025-09-17 18:00:00,1,0.9945949,0.9098034381866454,1.0
Z01,2025-09-17 19:00:00,1,0.9943657,0.9095742583274841,1.0
Z02,2025-09-17 19:00:00,1,0.99501616,0.9102247238159179,1.0
Z03,2025-09-17 19:00:00,1,0.99184763,0.9070562005043029,1.0
Z04,2025-09-17 19:00:00,1,0.99507695,0.9102855205535888,1.0
Z05,2025-09-17 19:00:00,1,0.9949549,0.9101634502410888,1.0
Z06,2025-09-17 19:00:00,1,0.99469215,0.9099007129669189,1.0
Z07,2025-09-17 19:00:00,1,0.99486876,0.9100773215293884,1.0
Z08,2025-09-17 19:00:00,1,0.99507695,0.9102855205535888,1.0
Z09,2025-09-17 19:00:00,1,0.9940988,0.9093073487281799,1.0
Z10,2025-09-17 19:00:00,1,0.9930298,0.9082383394241332,1.0
Z01,2025-09-17 20:00:00,1,0.99516946,0.9103780269622802,1.0
Z02,2025-09-17 20:00:00,1,0.99516946,0.9103780269622802,1.0
Z03,2025-09-17 20:00:00,1,0.99516946,0.9103780269622802,1.0
Z04,2025-09-17 20:00:00,1,0.99516946,0.9103780269622802,1.0
Z05,2025-09-17 20:00:00,1,0.99516946,0.9103780269622802,1.0
Z06,2025-09-17 20:00:00,1,0.99516946,0.9103780269622802,1.0
Z07,2025-09-17 20:00:00,1,0.99516946,0.9103780269622802,1.0
Z08,2025-09-17 20:00:00,1,0.99516946,0.9103780269622802,1.0
Z09,2025-09-17 20:00:00,1,0.99516946,0.9103780269622802,1.0
Z10,2025-09-17 20:00:00,1,0.99516946,0.9103780269622802,1.0
Z01,2025-09-17 21:00:00,1,0.77996194,0.0,1.0
Z02,2025-09-17 21:00:00,0,0.72332597,0.0,1.0
Z03,2025-09-17 21:00:00,0,0.76766306,0.0,1.0
Z04,2025-09-17 21:00:00,1,0.7684803,0.0,1.0
Z05,2025-09-17 21:00:00,1,0.98920083,0.9044093966484069,1.0
Z06,2025-09-17 21:00:00,1,0.57373905,0.0,1.0
Z07,2025-09-17 21:00:00,1,0.89106405,0.018831694126129173,1.0
Z08,2025-09-17 21:00:00,1,0.68190604,0.0030259251594543235,1.0
Z09,2025-09-17 21:00:00,0,0.4642344,0.0,1.0
Z10,2025-09-17 21:00:00,1,0.933508,0.8487165451049804,1.0
Z01,2025-09-17 22:00:00,1,0.9949797,0.9101882457733154,1.0
Z02,2025-09-17 22:00:00,1,0.9949464,0.9101549863815307,1.0
Z03,2025-09-17 22:00:00,1,0.9949464,0.9101549863815307,1.0
Z04,2025-09-17 22:00:00,1,0.9949464,0.9101549863815307,1.0
Z05,2025-09-17 22:00:00,1,0.9947113,0.9099198460578918,1.0
Z06,2025-09-17 22:00:00,1,0.9949464,0.9101549863815307,1.0
Z07,2025-09-17 22:00:00,1,0.9946854,0.9098939776420593,1.0
Z08,2025-09-17 22:00:00,1,0.9949797,0.9101882457733154,1.0
Z09,2025-09-17 22:00:00,1,0.9947113,0.9099198460578918,1.0
Z10,2025-09-17 22:00:00,1,0.9949797,0.9101882457733154,1.0
Z01,2025-09-17 23:00:00,1,0.9908503,0.9060588955879211,1.0
Z02,2025-09-17 23:00:00,1,0.96448374,0.8796923041343688,1.0
Z03,2025-09-17 23:00:00,1,0.988246,0.9034545898437499,1.0
Z04,2025-09-17 23:00:00,1,0.9693786,0.8845871567726135,1.0
Z05,2025-09-17 23:00:00,1,0.8611101,0.0,1.0
Z06,2025-09-17 23:00:00,1,0.9639808,0.8791893601417541,1.0
Z07,2025-09-17 23:00:00,1,0.9873006,0.9025091409683227,1.0
Z08,2025-09-17 23:00:00,1,0.967555,0.8827635526657104,1.0
Z09,2025-09-17 23:00:00,0,0.93647546,0.851684021949768,1.0
Z10,2025-09-17 23:00:00,1,0.9861703,0.901378858089447,1.0
Z01,2025-09-18 00:00:00,0,0.011540257,0.0,0.08080690074712038
Z02,2025-09-18 00:00:00,0,0.018510336,0.0,0.08777697943150997
Z03,2025-09-18 00:00:00,0,0.013963968,0.0,0.08323061093688011
Z04,2025-09-18 00:00:00,0,0.010684944,0.0,0.07995158713310957
Z05,2025-09-18 00:00:00,0,0.02101641,0.0,0.09028305299580097
Z06,2025-09-18 00:00:00,0,0.011914303,0.0,0.08118094597011805
Z07,2025-09-18 00:00:00,0,0.021181602,0.0,0.09044824540615082
Z08,2025-09-18 00:00:00,0,0.024807245,0.0,0.09407388791441917
Z09,2025-09-18 00:00:00,0,0.010964685,0.0,0.08023132849484682
Z10,2025-09-18 00:00:00,0,0.024038168,0.0,0.09330481104552746
Z01,2025-09-18 01:00:00,0,0.025606496,0.0,0.09487313963472843
Z02,2025-09-18 01:00:00,0,0.018555634,0.0,0.08782227709889412
Z03,2025-09-18 01:00:00,0,0.018057402,0.0,0.08732404559850693
Z04,2025-09-18 01:00:00,0,0.01054906,0.0,0.07981570344418287
Z05,2025-09-18 01:00:00,0,0.025185684,0.0,0.09445232711732388
Z06,2025-09-18 01:00:00,0,0.01268783,0.0,0.08195447362959385
Z07,2025-09-18 01:00:00,0,0.022291131,0.0,0.09155777469277382
Z08,2025-09-18 01:00:00,0,0.031201974,0.0,0.10046861693263054
Z09,2025-09-18 01:00:00,0,0.03179142,0.0,0.10105806216597557
Z10,2025-09-18 01:00:00,0,0.012931089,0.0,0.08219773229211569
Z01,2025-09-18 02:00:00,0,0.0126306275,0.0,0.08189727086573839
Z02,2025-09-18 02:00:00,0,0.026505357,0.0,0.09577200002968311
Z03,2025-09-18 02:00:00,0,0.01018527,0.0,0.0794519130140543
Z04,2025-09-18 02:00:00,0,0.08753674,0.018270093947649002,0.15680338069796562
Z05,2025-09-18 02:00:00,0,0.06344144,0.0,0.1327080838382244
Z06,2025-09-18 02:00:00,0,0.010582794,0.0,0.0798494378104806
Z07,2025-09-18 02:00:00,0,0.064300604,0.0,0.13356724753975868
Z08,2025-09-18 02:00:00,0,0.011943315,0.0,0.08120995853096247
Z09,2025-09-18 02:00:00,0,0.011733066,0.0,0.0809997096657753
Z10,2025-09-18 02:00:00,0,0.029447725,0.0,0.09871436841785908
Z01,2025-09-18 03:00:00,0,0.011780257,0.0,0.08104690071195364
Z02,2025-09-18 03:00:00,0,0.014501215,0.0,0.08376785833388567
Z03,2025-09-18 03:00:00,0,0.010056355,0.0,0.07932299841195345
Z04,2025-09-18 03:00:00,0,0.0104458155,0.0,0.07971245888620615
Z05,2025-09-18 03:00:00,0,0.012848673,0.0,0.08211531676352024
Z06,2025-09-18 03:00:00,0,0.05769964,0.0,0.12696628272533417
Z07,2025-09-18 03:00:00,0,0.055123623,0.0,0.12439026683568954
Z08,2025-09-18 03:00:00,0,0.031315736,0.0,0.10058237984776497
Z09,2025-09-18 03:00:00,0,0.009480697,0.0,0.07874734047800303
Z10,2025-09-18 03:00:00,0,0.051269658,0.0,0.12053630128502846
Z01,2025-09-18 04:00:00,0,0.043435466,0.0,0.11270210891962051
Z02,2025-09-18 04:00:00,0,0.010691593,0.0,0.07995823677629232
Z03,2025-09-18 04:00:00,0,0.03280957,0.0,0.1020762138068676
Z04,2025-09-18 04:00:00,0,0.02391616,0.0,0.09318280406296253
Z05,2025-09-18 04:00:00,0,0.052915595,0.0,0.12218223884701729
Z06,2025-09-18 04:00:00,0,0.06543871,0.0,0.13470535352826118
Z07,2025-09-18 04:00:00,0,0.07993338,0.01066673919558525,0.14920002594590187
Z08,2025-09-18 04:00:00,0,0.06367973,0.0,0.13294637575745583
Z09,2025-09-18 04:00:00,0,0.03447129,0.0,0.10373793169856071
Z10,2025-09-18 04:00:00,0,0.05619697,0.0,0.12546361237764359
Z01,2025-09-18 05:00:00,0,0.012620998,0.0,0.08188764099031687
Z02,2025-09-18 05:00:00,0,0.027880257,0.0,0.09714690037071705
Z03,2025-09-18 05:00:00,0,0.011106605,0.0,0.0803732480853796
Z04,2025-09-18 05:00:00,0,0.011268672,0.0,0.08053531497716904
Z05,2025-09-18 05:00:00,0,0.022587348,0.0,0.09185399115085602
Z06,2025-09-18 05:00:00,0,0.021591023,0.0,0.09085766598582268
Z07,2025-09-18 05:00:00,0,0.061822623,0.0,0.13108926638960838
Z08,2025-09-18 05:00:00,0,0.010608628,0.0,0.07987527176737785
Z09,2025-09-18 05:00:00,0,0.079828694,0.010562051087617874,0.1490953378379345
Z10,2025-09-18 05:00:00,0,0.028818278,0.0,0.09808492101728916
Z01,2025-09-18 06:00:00,0,0.009158815,0.0,0.07842545863240957
Z02,2025-09-18 06:00:00,0,0.008958468,0.0,0.07822511158883572
Z03,2025-09-18 06:00:00,0,0.009297386,0.0,0.07856402918696404
Z04,2025-09-18 06:00:00,0,0.009227048,0.0,0.0784936910495162
Z05,2025-09-18 06:00:00,0,0.009950812,0.0,0.07921745534986258
Z06,2025-09-18 06:00:00,0,0.009541876,0.0,0.07880851905792952
Z07,2025-09-18 06:00:00,0,0.010136458,0.0,0.07940310146659613
Z08,2025-09-18 06:00:00,0,0.009314883,0.0,0.07858152594417334
Z09,2025-09-18 06:00:00,0,0.010509021,0.0,0.079775664024055
Z10,2025-09-18 06:00:00,0,0.010618216,0.0,0.07988485973328352
Z01,2025-09-18 07:00:00,0,0.027561482,0.0,0.09682812541723251
Z02,2025-09-18 07:00:00,0,0.014238561,0.0,0.08350520394742489
Z03,2025-09-18 07:00:00,0,0.013757845,0.0,0.08302448876202106
Z04,2025-09-18 07:00:00,0,0.019739347,0.0,0.08900598995387554
Z05,2025-09-18 07:00:00,0,0.011454194,0.0,0.08072083722800016
Z06,2025-09-18 07:00:00,0,0.017308187,0.0,0.08657483011484146
Z07,2025-09-18 07:00:00,0,0.086640425,0.01737378165125847,0.1559070684015751
Z08,2025-09-18 07:00:00,0,0.018567907,0.0,0.0878345500677824
Z09,2025-09-18 07:00:00,0,0.07878401,0.0095173679292202,0.14805065467953682
Z10,2025-09-18 07:00:00,0,0.019226106,0.0,0.08849274925887585
Z01,2025-09-18 08:00:00,0,0.054583143,0.0,0.1238497868180275
Z02,2025-09-18 08:00:00,0,0.14355168,0.0,0.33769635260105135
Z03,2025-09-18 08:00:00,0,0.3158216,0.0,0.9360021829605102
Z04,2025-09-18 08:00:00,0,0.0625408,0.0,0.13180744275450706
Z05,2025-09-18 08:00:00,0,0.93014765,0.8453562140464782,1.0
Z06,2025-09-18 08:00:00,0,0.1713686,0.0,0.3655132740736008
Z07,2025-09-18 08:00:00,1,0.8200147,0.0,1.0
Z08,2025-09-18 08:00:00,0,0.25923407,0.0,0.5571077466011047
Z09,2025-09-18 08:00:00,0,0.24714412,0.0,0.5450177937746048
Z10,2025-09-18 08:00:00,0,0.14414369,0.0,0.3382883608341217
Z01,2025-09-18 09:00:00,0,0.034975633,0.0,0.10424227640032768
Z02,2025-09-18 09:00:00,0,0.11455397,0.0,0.30869864821434023
Z03,2025-09-18 09:00:00,1,0.6101122,0.0,1.0
Z04,2025-09-18 09:00:00,0,0.05860481,0.0,0.12787145376205444
Z05,2025-09-18 09:00:00,0,0.1608997,0.0,0.35504437386989596
Z06,2025-09-18 09:00:00,1,0.345647,0.0,0.965827602148056
Z07,2025-09-18 09:00:00,0,0.20807722,0.0,0.5059508979320526
Z08,2025-09-18 09:00:00,0,0.038245946,0.0,0.10751258954405785
Z09,2025-09-18 09:00:00,0,0.120809644,0.0,0.3149543195962906
Z10,2025-09-18 09:00:00,1,0.3517024,0.0,0.9718829870223998
Z01,2025-09-18 10:00:00,0,0.04534771,0.0,0.11461435258388519
Z02,2025-09-18 10:00:00,0,0.040248256,0.0,0.10951489955186844
Z03,2025-09-18 10:00:00,0,0.0281825,0.0,0.09744914248585701
Z04,2025-09-18 10:00:00,0,0.09634697,0.027080323547124863,0.16561361029744148
Z05,2025-09-18 10:00:00,0,0.15791348,0.0,0.3520581513643265
Z06,2025-09-18 10:00:00,0,0.1296058,0.0,0.3237504750490189
Z07,2025-09-18 10:00:00,0,0.060288947,0.0,0.1295555904507637
Z08,2025-09-18 10:00:00,0,0.051383547,0.0,0.12065019086003304
Z09,2025-09-18 10:00:00,0,0.05928184,0.0,0.1285484842956066
Z10,2025-09-18 10:00:00,0,0.07846602,0.00919937714934349,0.1477326638996601
Z01,2025-09-18 11:00:00,0,0.009202685,0.0,0.07846932858228683
Z02,2025-09-18 11:00:00,0,0.008772734,0.0,0.07803937699645758
Z03,2025-09-18 11:00:00,0,0.010161976,0.0,0.07942861970514059
Z04,2025-09-18 11:00:00,0,0.009202685,0.0,0.07846932858228683
Z05,2025-09-18 11:00:00,0,0.009402743,0.0,0.07866938598453999
Z06,2025-09-18 11:00:00,0,0.05196071,0.0,0.12122735381126404
Z07,2025-09-18 11:00:00,0,0.009444436,0.0,0.07871107943356037
Z08,2025-09-18 11:00:00,0,0.009691914,0.0,0.07895855698734522
Z09,2025-09-18 11:00:00,0,0.01285327,0.0,0.08211991377174854
Z10,2025-09-18 11:00:00,0,0.010426572,0.0,0.07969321496784687
Z01,2025-09-18 12:00:00,0,0.3082267,0.0,0.9284072995185851
Z02,2025-09-18 12:00:00,0,0.13326895,0.0,0.32741362750530245
Z03,2025-09-18 12:00:00,0,0.26221544,0.0,0.560089111328125
Z04,2025-09-18 12:00:00,1,0.6770226,0.0,1.0
Z05,2025-09-18 12:00:00,0,0.018198887,0.0,0.08746553026139736
Z06,2025-09-18 12:00:00,0,0.5043687,0.0,1.0
Z07,2025-09-18 12:00:00,0,0.5338686,0.0,1.0
Z08,2025-09-18 12:00:00,1,0.33232838,0.0,0.9525089740753173
Z09,2025-09-18 12:00:00,0,0.36251014,0.0,0.9826907396316528
Z10,2025-09-18 12:00:00,0,0.045859043,0.0,0.11512568593025208
Z01,2025-09-18 13:00:00,0,0.1699282,0.0,0.3640728682279587
Z02,2025-09-18 13:00:00,0,0.018175242,0.0,0.08744188584387302
Z03,2025-09-18 13:00:00,0,0.43201232,0.0,0.9854786574840545
Z04,2025-09-18 13:00:00,0,0.02685681,0.0,0.09612345322966576
Z05,2025-09-18 13:00:00,0,0.0405073,0.0,0.10977394506335258
Z06,2025-09-18 13:00:00,1,0.8003085,0.0,1.0
Z07,2025-09-18 13:00:00,0,0.06811481,0.0,0.13738145306706429
Z08,2025-09-18 13:00:00,0,0.03918014,0.0,0.10844678431749344
Z09,2025-09-18 13:00:00,0,0.023881398,0.0,0.09314804151654243
Z10,2025-09-18 13:00:00,0,0.42202985,0.0,0.9754961907863616
Z01,2025-09-18 14:00:00,0,0.012750134,0.0,0.08201677724719048
Z02,2025-09-18 14:00:00,1,0.7967561,0.010664105415344238,1.0
Z03,2025-09-18 14:00:00,0,0.26354194,0.0,0.5614156126976013
Z04,2025-09-18 14:00:00,0,0.055749148,0.0,0.12501579150557518
Z05,2025-09-18 14:00:00,0,0.07768818,0.008421536535024643,0.14695482328534126
Z06,2025-09-18 14:00:00,0,0.03739751,0.0,0.10666415467858315
Z07,2025-09-18 14:00:00,0,0.27208513,0.0,0.5699588060379028
Z08,2025-09-18 14:00:00,1,0.44309452,0.0,0.9965608596801757
Z09,2025-09-18 14:00:00,0,0.025853258,0.0,0.0951199010014534
Z10,2025-09-18 14:00:00,1,0.6512977,0.0,1.0
Z01,2025-09-18 15:00:00,0,0.008988979,0.0,0.0782556226477027
Z02,2025-09-18 15:00:00,0,0.009281496,0.0,0.07854813896119595
Z03,2025-09-18 15:00:00,0,0.00946281,0.0,0.07872945349663496
Z04,2025-09-18 15:00:00,0,0.009175143,0.0,0.07844178657978773
Z05,2025-09-18 15:00:00,0,0.009076258,0.0,0.07834290154278278
Z06,2025-09-18 15:00:00,0,0.008837041,0.0,0.07810368482023478
Z07,2025-09-18 15:00:00,0,0.009076258,0.0,0.07834290154278278
Z08,2025-09-18 15:00:00,0,0.00855002,0.0,0.07781666330993176
Z09,2025-09-18 15:00:00,0,0.008248056,0.0,0.0775146996602416
Z10,2025-09-18 15:00:00,0,0.009874371,0.0,0.07914101425558329
Z01,2025-09-18 16:00:00,0,0.009813472,0.0,0.07908011507242918
Z02,2025-09-18 16:00:00,0,0.009466656,0.0,0.07873329892754555
Z03,2025-09-18 16:00:00,0,0.010885213,0.0,0.08015185594558716
Z04,2025-09-18 16:00:00,0,0.008902897,0.0,0.07816954050213099
Z05,2025-09-18 16:00:00,0,0.00894721,0.0,0.07821385376155376
Z06,2025-09-18 16:00:00,0,0.011241587,0.0,0.08050823025405407
Z07,2025-09-18 16:00:00,0,0.009444436,0.0,0.07871107943356037
Z08,2025-09-18 16:00:00,0,0.008822539,0.0,0.07808918226510286
Z09,2025-09-18 16:00:00,0,0.008657612,0.0,0.07792425528168678
Z10,2025-09-18 16:00:00,0,0.009488504,0.0,0.07875514775514603
Z01,2025-09-18 17:00:00,0,0.0690064,0.0,0.13827304169535637
Z02,2025-09-18 17:00:00,0,0.20059066,0.0,0.49846433103084564
Z03,2025-09-18 17:00:00,0,0.0987051,0.029438454657793045,0.16797174140810966
Z04,2025-09-18 17:00:00,0,0.11240723,0.0,0.306551904976368
Z05,2025-09-18 17:00:00,0,0.118208386,0.0,0.3123530611395836
Z06,2025-09-18 17:00:00,0,0.09105988,0.02179323509335518,0.1603265218436718
Z07,2025-09-18 17:00:00,0,0.054406505,0.0,0.12367314845323563
Z08,2025-09-18 17:00:00,0,0.067026526,0.0,0.1362931691110134
Z09,2025-09-18 17:00:00,0,0.15795594,0.0,0.35210061967372897
Z10,2025-09-18 17:00:00,0,0.090946555,0.021679911762475967,0.1602131985127926
Z01,2025-09-18 18:00:00,0,0.051284947,0.0,0.12055158987641335
Z02,2025-09-18 18:00:00,0,0.07151866,0.0022520162165164948,0.14078530296683311
Z03,2025-09-18 18:00:00,0,0.14072509,0.0,0.3348697662353516
Z04,2025-09-18 18:00:00,0,0.07703204,0.007765393704175949,0.14629868045449257
Z05,2025-09-18 18:00:00,0,0.2112734,0.0,0.5091470777988434
Z06,2025-09-18 18:00:00,0,0.040309638,0.0,0.1095762811601162
Z07,2025-09-18 18:00:00,0,0.28762782,0.0,0.585501492023468
Z08,2025-09-18 18:00:00,0,0.041989196,0.0,0.11125583946704865
Z09,2025-09-18 18:00:00,0,0.09157427,0.0223076231777668,0.16084090992808342
Z10,2025-09-18 18:00:00,0,0.39981493,0.0,1.0
Z01,2025-09-18 19:00:00,1,0.9508224,0.8660309791564941,1.0
Z02,2025-09-18 19:00:00,1,0.9697262,0.8849347710609435,1.0
Z03,2025-09-18 19:00:00,1,0.9356583,0.8508668422698974,1.0
Z04,2025-09-18 19:00:00,1,0.90254766,0.8177562236785888,0.9873390913009644
Z05,2025-09-18 19:00:00,0,0.7627803,0.0,1.0
Z06,2025-09-18 19:00:00,1,0.99254096,0.9077495217323303,1.0
Z07,2025-09-18 19:00:00,1,0.98705405,0.9022626161575317,1.0
Z08,2025-09-18 19:00:00,1,0.8367233,0.0,1.0
Z09,2025-09-18 19:00:00,1,0.97567946,0.8908880233764648,1.0
Z10,2025-09-18 19:00:00,1,0.9137412,0.8289497375488281,0.9985326051712037
Z01,2025-09-18 20:00:00,0,0.44197994,0.0,0.9954462826251983
Z02,2025-09-18 20:00:00,1,0.18324232,0.0,0.3773869961500168
Z03,2025-09-18 20:00:00,1,0.97697544,0.8921840071678161,1.0
Z04,2025-09-18 20:00:00,1,0.9832144,0.8984229445457458,1.0
Z05,2025-09-18 20:00:00,0,0.9440247,0.8592332482337951,1.0
Z06,2025-09-18 20:00:00,0,0.616747,0.0,1.0
Z07,2025-09-18 20:00:00,0,0.7754796,0.0,1.0
Z08,2025-09-18 20:00:00,1,0.88989276,0.01766040325164797,1.0
Z09,2025-09-18 20:00:00,1,0.9937509,0.9089594364166259,1.0
Z10,2025-09-18 20:00:00,0,0.2713431,0.0,0.569216787815094
Z01,2025-09-18 21:00:00,1,0.60828674,0.0,1.0
Z02,2025-09-18 21:00:00,0,0.44031852,0.0,0.9937848627567291
Z03,2025-09-18 21:00:00,1,0.8400037,0.0,1.0
Z04,2025-09-18 21:00:00,0,0.25237238,0.0,0.5502460598945618
Z05,2025-09-18 21:00:00,1,0.30685103,0.0,0.9270316243171691
Z06,2025-09-18 21:00:00,0,0.6681305,0.0,1.0
Z07,2025-09-18 21:00:00,0,0.050712354,0.0,0.11997899785637856
Z08,2025-09-18 21:00:00,0,0.2549636,0.0,0.5528372824192047
Z09,2025-09-18 21:00:00,0,0.48425958,0.0,1.0
Z10,2025-09-18 21:00:00,0,0.786697,0.0006049871444702148,1.0
Z01,2025-09-18 22:00:00,0,0.24866559,0.0,0.5465392619371414
Z02,2025-09-18 22:00:00,0,0.09616024,0.026893597096204758,0.16542688384652138
Z03,2025-09-18 22:00:00,0,0.31200734,0.0,0.932187932729721
Z04,2025-09-18 22:00:00,1,0.8476766,0.0,1.0
Z05,2025-09-18 22:00:00,0,0.33404902,0.0,0.9542296111583709
Z06,2025-09-18 22:00:00,1,0.6879011,0.009020960330963113,1.0
Z07,2025-09-18 22:00:00,0,0.31292158,0.0,0.9331021785736083
Z08,2025-09-18 22:00:00,0,0.36113504,0.0,0.9813156306743621
Z09,2025-09-18 22:00:00,1,0.98261297,0.8978215336799621,1.0
Z10,2025-09-18 22:00:00,0,0.1353376,0.0,0.32948228120803835
Z01,2025-09-18 23:00:00,0,0.009015698,0.0,0.07828234136104584
Z02,2025-09-18 23:00:00,0,0.009185567,0.0,0.07845220994204283
Z03,2025-09-18 23:00:00,0,0.009372234,0.0,0.07863887771964073
Z04,2025-09-18 23:00:00,0,0.008583196,0.0,0.07784983981400728
Z05,2025-09-18 23:00:00,0,0.009539952,0.0,0.07880659494549036
Z06,2025-09-18 23:00:00,0,0.008837041,0.0,0.07810368482023478
Z07,2025-09-18 23:00:00,0,0.009319447,0.0,0.07858609035611153
Z08,2025-09-18 23:00:00,0,0.008757273,0.0,0.07802391611039639
Z09,2025-09-18 23:00:00,0,0.008481774,0.0,0.07774841692298651
Z10,2025-09-18 23:00:00,0,0.008922491,0.0,0.07818913459777832
Z01,2025-09-19 00:00:00,0,0.011519041,0.0,0.08078568428754807
Z02,2025-09-19 00:00:00,0,0.012320767,0.0,0.08158741053193808
Z03,2025-09-19 00:00:00,0,0.01739514,0.0,0.08666178397834301
Z04,2025-09-19 00:00:00,0,0.011210195,0.0,0.0804768381640315
Z05,2025-09-19 00:00:00,0,0.012800735,0.0,0.08206737879663706
Z06,2025-09-19 00:00:00,0,0.088757895,0.019491251558065414,0.15802453830838203
Z07,2025-09-19 00:00:00,0,0.050829194,0.0,0.12009583786129951
Z08,2025-09-19 00:00:00,0,0.026536535,0.0,0.09580317884683609
Z09,2025-09-19 00:00:00,0,0.029386938,0.0,0.09865358099341393
Z10,2025-09-19 00:00:00,0,0.06095047,0.0,0.13021711260080338
Z01,2025-09-19 01:00:00,0,0.027541226,0.0,0.09680786915123463
Z02,2025-09-19 01:00:00,0,0.012857966,0.0,0.08212460950016975
Z03,2025-09-19 01:00:00,0,0.016788771,0.0,0.08605541475117207
Z04,2025-09-19 01:00:00,0,0.031398088,0.0,0.10066473111510277
Z05,2025-09-19 01:00:00,0,0.15150532,0.0,0.3456499963998795
Z06,2025-09-19 01:00:00,0,0.012615728,0.0,0.0818823715671897
Z07,2025-09-19 01:00:00,0,0.1410734,0.0,0.3352180808782578
Z08,2025-09-19 01:00:00,0,0.010492249,0.0,0.07975889276713133
Z09,2025-09-19 01:00:00,0,0.20132813,0.0,0.49920180439949036
Z10,2025-09-19 01:00:00,0,0.01218066,0.0,0.0814473032951355
Z01,2025-09-19 02:00:00,0,0.011831548,0.0,0.08109819144010544
Z02,2025-09-19 02:00:00,0,0.010486458,0.0,0.07975310180336237
Z03,2025-09-19 02:00:00,0,0.009853214,0.0,0.07911985740065575
Z04,2025-09-19 02:00:00,0,0.011211247,0.0,0.08047789055854082
Z05,2025-09-19 02:00:00,0,0.12968218,0.0,0.32382685840129855
Z06,2025-09-19 02:00:00,0,0.09029455,0.021027904003858566,0.1595611907541752
Z07,2025-09-19 02:00:00,0,0.19845557,0.004310896992683416,0.3926002472639084
Z08,2025-09-19 02:00:00,0,0.028568577,0.0,0.09783522039651871
Z09,2025-09-19 02:00:00,0,0.028493268,0.0,0.09775991179049015
Z10,2025-09-19 02:00:00,0,0.02462281,0.0,0.09388945251703262
Z01,2025-09-19 03:00:00,0,0.03204854,0.0,0.10131518170237541
Z02,2025-09-19 03:00:00,0,0.010697481,0.0,0.07996412459760904
Z03,2025-09-19 03:00:00,0,0.013291824,0.0,0.08255846705287695
Z04,2025-09-19 03:00:00,0,0.011519041,0.0,0.08078568428754807
Z05,2025-09-19 03:00:00,0,0.011589352,0.0,0.08085599541664124
Z06,2025-09-19 03:00:00,0,0.062930346,0.0,0.13219698891043663
Z07,2025-09-19 03:00:00,0,0.06411266,0.0,0.13337930664420128
Z08,2025-09-19 03:00:00,0,0.028613683,0.0,0.09788032621145248
Z09,2025-09-19 03:00:00,0,0.026213123,0.0,0.09547976590692997
Z10,2025-09-19 03:00:00,0,0.01161144,0.0,0.08087808359414339
Z01,2025-09-19 04:00:00,0,0.012654133,0.0,0.08192077651619911
Z02,2025-09-19 04:00:00,0,0.029330105,0.0,0.09859674796462059
Z03,2025-09-19 04:00:00,0,0.017143978,0.0,0.08641062118113041
Z04,2025-09-19 04:00:00,0,0.024852391,0.0,0.09411903470754623
Z05,2025-09-19 04:00:00,0,0.021424161,0.0,0.09069080464541912
Z06,2025-09-19 04:00:00,0,0.024032058,0.0,0.09329870156943798
Z07,2025-09-19 04:00:00,0,0.17753856,0.0,0.37168323397636416
Z08,2025-09-19 04:00:00,0,0.031670544,0.0,0.10093718767166138
Z09,2025-09-19 04:00:00,0,0.0101168025,0.0,0.07938344590365887
Z10,2025-09-19 04:00:00,0,0.011675318,0.0,0.08094196114689112
Z01,2025-09-19 05:00:00,0,0.021727223,0.0,0.09099386632442474
Z02,2025-09-19 05:00:00,0,0.011273804,0.0,0.08054044749587774
Z03,2025-09-19 05:00:00,0,0.013317427,0.0,0.0825840700417757
Z04,2025-09-19 05:00:00,0,0.0129277,0.0,0.08219434320926666
Z05,2025-09-19 05:00:00,0,0.023572626,0.0,0.09283926896750927
Z06,2025-09-19 05:00:00,0,0.01193729,0.0,0.08120393380522728
Z07,2025-09-19 05:00:00,0,0.26106507,0.0,0.55893874168396
Z08,2025-09-19 05:00:00,0,0.029571088,0.0,0.09883773140609264
Z09,2025-09-19 05:00:00,0,0.029314267,0.0,0.09858090989291668
Z10,2025-09-19 05:00:00,0,0.0120523535,0.0,0.08131899684667587
Z01,2025-09-19 06:00:00,0,0.010308724,0.0,0.07957536727190018
Z02,2025-09-19 06:00:00,0,0.009234173,0.0,0.07850081659853458
Z03,2025-09-19 06:00:00,0,0.008465485,0.0,0.07773212809115648
Z04,2025-09-19 06:00:00,0,0.008834481,0.0,0.07810112461447716
Z05,2025-09-19 06:00:00,0,0.009013036,0.0,0.07827967964112759
Z06,2025-09-19 06:00:00,0,0.016158497,0.0,0.08542514033615589
Z07,2025-09-19 06:00:00,0,0.010931809,0.0,0.0801984528079629
Z08,2025-09-19 06:00:00,0,0.00916014,0.0,0.07842678297311068
Z09,2025-09-19 06:00:00,0,0.00926565,0.0,0.07853229343891144
Z10,2025-09-19 06:00:00,0,0.008775471,0.0,0.07804211415350437
Z01,2025-09-19 07:00:00,0,0.010244898,0.0,0.07951154094189405
Z02,2025-09-19 07:00:00,0,0.04163071,0.0,0.11089735478162766
Z03,2025-09-19 07:00:00,0,0.029033935,0.0,0.09830057807266712
Z04,2025-09-19 07:00:00,0,0.027445612,0.0,0.0967122558504343
Z05,2025-09-19 07:00:00,0,0.014573263,0.0,0.0838399063795805
Z06,2025-09-19 07:00:00,1,0.52746147,0.0,1.0
Z07,2025-09-19 07:00:00,0,0.012170703,0.0,0.08143734652549028
Z08,2025-09-19 07:00:00,0,0.08325887,0.013992223888635635,0.15252551063895226
Z09,2025-09-19 07:00:00,0,0.008166482,0.0,0.07743312511593103
Z10,2025-09-19 07:00:00,0,0.008780043,0.0,0.07804668601602316
Z01,2025-09-19 08:00:00,0,0.07728533,0.008018683642148972,0.1465519703924656
Z02,2025-09-19 08:00:00,0,0.05221968,0.0,0.12148632481694221
Z03,2025-09-19 08:00:00,0,0.123806596,0.0,0.31795127093791964
Z04,2025-09-19 08:00:00,0,0.10981168,0.0,0.3039563536643982
Z05,2025-09-19 08:00:00,1,0.8478218,0.0,1.0
Z06,2025-09-19 08:00:00,0,0.87705815,0.0048257946968078835,1.0
Z07,2025-09-19 08:00:00,1,0.90085167,0.8160602331161498,0.9856431007385255
Z08,2025-09-19 08:00:00,0,0.1317014,0.0,0.32584607005119326
Z09,2025-09-19 08:00:00,0,0.09251663,0.02324998751282692,0.16178327426314354
Z10,2025-09-19 08:00:00,0,0.40854353,0.0,0.9620098650455474
Z01,2025-09-19 09:00:00,0,0.6973461,0.018465971946716286,1.0
Z02,2025-09-19 09:00:00,1,0.78667057,0.0005785822868347168,1.0
Z03,2025-09-19 09:00:00,0,0.13304992,0.0,0.3271945953369141
Z04,2025-09-19 09:00:00,0,0.15899073,0.0,0.35313540101051333
Z05,2025-09-19 09:00:00,0,0.2675774,0.0,0.5654510855674744
Z06,2025-09-19 09:00:00,0,0.21188088,0.0,0.509754553437233
Z07,2025-09-19 09:00:00,0,0.053529806,0.0,0.1227964498102665
Z08,2025-09-19 09:00:00,0,0.21509017,0.0,0.5129638463258743
Z09,2025-09-19 09:00:00,0,0.14481133,0.0,0.33895600736141207
Z10,2025-09-19 09:00:00,0,0.10376326,0.0,0.29790793508291247
Z01,2025-09-19 10:00:00,0,0.079782344,0.010515701025724411,0.14904898777604103
Z02,2025-09-19 10:00:00,0,0.032459065,0.0,0.10172570869326591
Z03,2025-09-19 10:00:00,0,0.15407111,0.0,0.3482157826423645
Z04,2025-09-19 10:00:00,0,0.12968563,0.0,0.3238303005695343
Z05,2025-09-19 10:00:00,0,0.1256816,0.0,0.3198262691497803
Z06,2025-09-19 10:00:00,0,0.044005185,0.0,0.11327182874083519
Z07,2025-09-19 10:00:00,0,0.11418365,0.0,0.30832832455635073
Z08,2025-09-19 10:00:00,0,0.059821833,0.0,0.12908847630023956
Z09,2025-09-19 10:00:00,0,0.07684289,0.007576245814561844,0.14610953256487846
Z10,2025-09-19 10:00:00,0,0.3235367,0.0,0.9437172889709472
Z01,2025-09-19 11:00:00,0,0.009111239,0.0,0.07837788201868534
Z02,2025-09-19 11:00:00,0,0.008384373,0.0,0.0776510164141655
Z03,2025-09-19 11:00:00,0,0.009292389,0.0,0.07855903264135122
Z04,2025-09-19 11:00:00,0,0.00904045,0.0,0.07830709312111139
Z05,2025-09-19 11:00:00,0,0.009549306,0.0,0.0788159491494298
Z06,2025-09-19 11:00:00,0,0.009407634,0.0,0.07867427729070187
Z07,2025-09-19 11:00:00,0,0.00976422,0.0,0.07903086300939322
Z08,2025-09-19 11:00:00,0,0.013841717,0.0,0.08310835994780064
Z09,2025-09-19 11:00:00,0,0.016618976,0.0,0.08588561974465847
Z10,2025-09-19 11:00:00,0,0.008775471,0.0,0.07804211415350437
Z01,2025-09-19 12:00:00,0,0.6923616,0.01348147392272947,1.0
Z02,2025-09-19 12:00:00,0,0.6685356,0.0,1.0
Z03,2025-09-19 12:00:00,0,0.029919304,0.0,0.09918594732880592
Z04,2025-09-19 12:00:00,0,0.03739751,0.0,0.10666415467858315
Z05,2025-09-19 12:00:00,1,0.9571667,0.8723752379417419,1.0
Z06,2025-09-19 12:00:00,1,0.9633052,0.878513741493225,1.0
Z07,2025-09-19 12:00:00,0,0.2370518,0.0,0.5349254757165909
Z08,2025-09-19 12:00:00,0,0.46564636,0.0,1.0
Z09,2025-09-19 12:00:00,0,0.062197663,0.0,0.13146430626511574
Z10,2025-09-19 12:00:00,0,0.069974825,0.0007081814110279083,0.13924146816134453
Z01,2025-09-19 13:00:00,0,0.19923793,0.005093252658844,0.393382602930069
Z02,2025-09-19 13:00:00,0,0.36885107,0.0,0.9890316605567931
Z03,2025-09-19 13:00:00,0,0.08389793,0.01463128998875618,0.1531645767390728
Z04,2025-09-19 13:00:00,0,0.31277072,0.0,0.9329513192176818
Z05,2025-09-19 13:00:00,0,0.20605777,0.0,0.5039314478635788
Z06,2025-09-19 13:00:00,0,0.04853646,0.0,0.11780310422182083
Z07,2025-09-19 13:00:00,0,0.16144113,0.0,0.3555858075618744
Z08,2025-09-19 13:00:00,1,0.060362175,0.0,0.12962881848216057
Z09,2025-09-19 13:00:00,0,0.07036953,0.001102883368730545,0.13963617011904716
Z10,2025-09-19 13:00:00,1,0.8569507,0.0,1.0
Z01,2025-09-19 14:00:00,0,0.05435256,0.0,0.1236192025244236
Z02,2025-09-19 14:00:00,0,0.31608224,0.0,0.936262834072113
Z03,2025-09-19 14:00:00,0,0.04468663,0.0,0.11395327374339104
Z04,2025-09-19 14:00:00,0,0.011121933,0.0,0.0803885767236352
Z05,2025-09-19 14:00:00,0,0.07539889,0.006132248789072037,0.14466553553938866
Z06,2025-09-19 14:00:00,0,0.03800199,0.0,0.10726863518357277
Z07,2025-09-19 14:00:00,0,0.2900545,0.0,0.5879281759262085
Z08,2025-09-19 14:00:00,0,0.0431066,0.0,0.1123732440173626
Z09,2025-09-19 14:00:00,0,0.037097428,0.0,0.10636407136917114
Z10,2025-09-19 14:00:00,0,0.12678908,0.0,0.32093375325202944
Z01,2025-09-19 15:00:00,0,0.013459946,0.0,0.08272658940404654
Z02,2025-09-19 15:00:00,0,0.00875981,0.0,0.07802645303308964
Z03,2025-09-19 15:00:00,0,0.009189976,0.0,0.07845661975443363
Z04,2025-09-19 15:00:00,0,0.008775471,0.0,0.07804211415350437
Z05,2025-09-19 15:00:00,0,0.009195219,0.0,0.07846186216920614
Z06,2025-09-19 15:00:00,1,0.00894379,0.0,0.0782104330137372
Z07,2025-09-19 15:00:00,0,0.00997867,0.0,0.07924531307071447
Z08,2025-09-19 15:00:00,0,0.012042473,0.0,0.08130911644548178
Z09,2025-09-19 15:00:00,0,0.009212634,0.0,0.07847927697002888
Z10,2025-09-19 15:00:00,0,0.009418651,0.0,0.07868529483675957
Z01,2025-09-19 16:00:00,0,0.014861339,0.0,0.08412798214703798
Z02,2025-09-19 16:00:00,0,0.0150153125,0.0,0.08428195584565401
Z03,2025-09-19 16:00:00,0,0.009007897,0.0,0.07827454060316086
Z04,2025-09-19 16:00:00,0,0.0091970395,0.0,0.07846368290483952
Z05,2025-09-19 16:00:00,0,0.009013036,0.0,0.07827967964112759
Z06,2025-09-19 16:00:00,0,0.008775471,0.0,0.07804211415350437
Z07,2025-09-19 16:00:00,0,0.012997255,0.0,0.08226389810442924
Z08,2025-09-19 16:00:00,0,0.014092424,0.0,0.08335906732827425
Z09,2025-09-19 16:00:00,0,0.008684303,0.0,0.07795094605535269
Z10,2025-09-19 16:00:00,0,0.009149689,0.0,0.07841633260250092
Z01,2025-09-19 17:00:00,0,0.21318541,0.0,0.5110590904951096
Z02,2025-09-19 17:00:00,0,0.1333526,0.0,0.3274972677230835
Z03,2025-09-19 17:00:00,0,0.058021415,0.0,0.1272880584001541
Z04,2025-09-19 17:00:00,0,0.4484616,0.0,1.0
Z05,2025-09-19 17:00:00,0,0.05144111,0.0,0.12070775404572487
Z06,2025-09-19 17:00:00,0,0.03462827,0.0,0.1038949117064476
Z07,2025-09-19 17:00:00,0,0.07211181,0.0028451643884181976,0.14137845113873482
Z08,2025-09-19 17:00:00,0,0.11812129,0.0,0.31226596385240557
Z09,2025-09-19 17:00:00,0,0.041114032,0.0,0.11038067564368248
Z10,2025-09-19 17:00:00,0,0.04573945,0.0,0.11500609293580055
Z01,2025-09-19 18:00:00,0,0.12542388,0.0,0.3195685535669327
Z02,2025-09-19 18:00:00,0,0.05782366,0.0,0.12709030508995056
Z03,2025-09-19 18:00:00,0,0.039573334,0.0,0.1088399775326252
Z04,2025-09-19 18:00:00,0,0.033828016,0.0,0.1030946597456932
Z05,2025-09-19 18:00:00,0,0.06412216,0.0,0.13338880613446236
Z06,2025-09-19 18:00:00,0,0.40711427,0.0,0.9605806052684783
Z07,2025-09-19 18:00:00,0,0.057580676,0.0,0.12684731930494308
Z08,2025-09-19 18:00:00,0,0.07002124,0.0007545985281467438,0.13928788527846336
Z09,2025-09-19 18:00:00,0,0.053897858,0.0,0.12316450104117393
Z10,2025-09-19 18:00:00,0,0.0805839,0.011317256838083267,0.1498505435883999
Z01,2025-09-19 19:00:00,1,0.9164394,0.8316479802131652,1.0
Z02,2025-09-19 19:00:00,1,0.9307998,0.8460083484649658,1.0
Z03,2025-09-19 19:00:00,0,0.6788471,0.0,1.0
Z04,2025-09-19 19:00:00,1,0.89063126,0.01839890480041506,1.0
Z05,2025-09-19 19:00:00,1,0.9932035,0.9084120869636535,1.0
Z06,2025-09-19 19:00:00,1,0.96567386,0.880882430076599,1.0
Z07,2025-09-19 19:00:00,0,0.37345153,0.0,0.9936321258544921
Z08,2025-09-19 19:00:00,1,0.9897892,0.9049977540969848,1.0
Z09,2025-09-19 19:00:00,1,0.77113926,0.0,1.0
Z10,2025-09-19 19:00:00,0,0.44755134,0.0,1.0
Z01,2025-09-19 20:00:00,1,0.75688964,0.0,1.0
Z02,2025-09-19 20:00:00,1,0.9866788,0.9018873453140258,1.0
Z03,2025-09-19 20:00:00,1,0.921145,0.836353588104248,1.0
Z04,2025-09-19 20:00:00,1,0.9086566,0.8238651633262634,0.993448030948639
Z05,2025-09-19 20:00:00,1,0.9787635,0.893972086906433,1.0
Z06,2025-09-19 20:00:00,0,0.7889913,0.0028992891311645508,1.0
Z07,2025-09-19 20:00:00,1,0.9893552,0.9045637726783752,1.0
Z08,2025-09-19 20:00:00,1,0.98409605,0.8993046164512634,1.0
Z09,2025-09-19 20:00:00,1,0.99222684,0.907435405254364,1.0
Z10,2025-09-19 20:00:00,0,0.8294334,0.0,1.0
Z01,2025-09-19 21:00:00,0,0.5804927,0.0,1.0
Z02,2025-09-19 21:00:00,1,0.86157894,0.0,1.0
Z03,2025-09-19 21:00:00,0,0.36901867,0.0,0.9891992688179015
Z04,2025-09-19 21:00:00,0,0.35946938,0.0,0.9796499788761138
Z05,2025-09-19 21:00:00,1,0.6412197,0.0,1.0
Z06,2025-09-19 21:00:00,0,0.08217724,0.012910593301057816,0.15144388005137444
Z07,2025-09-19 21:00:00,0,0.65226805,0.0,1.0
Z08,2025-09-19 21:00:00,0,0.33339578,0.0,0.953576374053955
Z09,2025-09-19 21:00:00,1,0.651238,0.0,1.0
Z10,2025-09-19 21:00:00,0,0.3310859,0.0,0.9512664854526519
Z01,2025-09-19 22:00:00,0,0.12295776,0.0,0.3171024337410927
Z02,2025-09-19 22:00:00,0,0.16736704,0.0,0.36151171624660494
Z03,2025-09-19 22:00:00,0,0.3055193,0.0,0.925699907541275
Z04,2025-09-19 22:00:00,0,0.7772937,0.0,1.0
Z05,2025-09-19 22:00:00,0,0.92862207,0.8438306331634521,1.0
Z06,2025-09-19 22:00:00,0,0.33875823,0.0,0.9589388251304626
Z07,2025-09-19 22:00:00,0,0.039375324,0.0,0.10864196717739105
Z08,2025-09-19 22:00:00,0,0.09238063,0.023113984614610672,0.1616472713649273
Z09,2025-09-19 22:00:00,0,0.47037715,0.0,1.0
Z10,2025-09-19 22:00:00,0,0.04947312,0.0,0.118739765137434
Z01,2025-09-19 23:00:00,0,0.012863959,0.0,0.0821306025609374
Z02,2025-09-19 23:00:00,0,0.011332587,0.0,0.08059923071414232
Z03,2025-09-19 23:00:00,0,0.00875981,0.0,0.07802645303308964
Z04,2025-09-19 23:00:00,0,0.008775471,0.0,0.07804211415350437
Z05,2025-09-19 23:00:00,0,0.0109208645,0.0,0.08018750790506601
Z06,2025-09-19 23:00:00,0,0.008834481,0.0,0.07810112461447716
Z07,2025-09-19 23:00:00,0,0.009791256,0.0,0.0790578993037343
Z08,2025-09-19 23:00:00,0,0.010183765,0.0,0.07945040799677372
Z09,2025-09-19 23:00:00,0,0.012343155,0.0,0.08160979859530926
Z10,2025-09-19 23:00:00,0,0.010536655,0.0,0.079803298227489
Z01,2025-09-20 00:00:00,0,0.07324256,0.003975916653871536,0.14250920340418816
Z02,2025-09-20 00:00:00,0,0.011857756,0.0,0.08112439978867769
Z03,2025-09-20 00:00:00,0,0.015117496,0.0,0.08438413962721825
Z04,2025-09-20 00:00:00,0,0.0611386,0.0,0.130405243486166
Z05,2025-09-20 00:00:00,0,0.023939583,0.0,0.09320622682571411
Z06,2025-09-20 00:00:00,0,0.0312079,0.0,0.10047454386949539
Z07,2025-09-20 00:00:00,0,0.026382867,0.0,0.09564951062202454
Z08,2025-09-20 00:00:00,0,0.012372785,0.0,0.08163942862302065
Z09,2025-09-20 00:00:00,0,0.027744293,0.0,0.09701093658804893
Z10,2025-09-20 00:00:00,0,0.06865748,0.0,0.13792412355542183
Z01,2025-09-20 01:00:00,0,0.011016905,0.0,0.08028354868292809
Z02,2025-09-20 01:00:00,0,0.009578741,0.0,0.0788453845307231
Z03,2025-09-20 01:00:00,0,0.010440553,0.0,0.079707195982337
Z04,2025-09-20 01:00:00,0,0.011630121,0.0,0.08089676406234503
Z05,2025-09-20 01:00:00,0,0.011899745,0.0,0.08116638846695423
Z06,2025-09-20 01:00:00,0,0.084709525,0.015442881733179092,0.1539761684834957
Z07,2025-09-20 01:00:00,0,0.19793023,0.003785556554794317,0.3920749068260193
Z08,2025-09-20 01:00:00,0,0.011351066,0.0,0.08061770908534527
Z09,2025-09-20 01:00:00,0,0.011932972,0.0,0.08119961526244879
Z10,2025-09-20 01:00:00,0,0.012749281,0.0,0.08201592415571213
Z01,2025-09-20 02:00:00,0,0.025670873,0.0,0.09493751637637615
Z02,2025-09-20 02:00:00,0,0.031184042,0.0,0.10045068524777889
Z03,2025-09-20 02:00:00,0,0.009967812,0.0,0.0792344557121396
Z04,2025-09-20 02:00:00,0,0.011150611,0.0,0.08041725400835276
Z05,2025-09-20 02:00:00,0,0.054751318,0.0,0.12401796132326126
Z06,2025-09-20 02:00:00,0,0.01149366,0.0,0.08076030295342207
Z07,2025-09-20 02:00:00,0,0.13345495,0.0,0.32759962379932406
Z08,2025-09-20 02:00:00,0,0.058099594,0.0,0.12736623734235764
Z09,2025-09-20 02:00:00,0,0.01013874,0.0,0.07940538320690393
Z10,2025-09-20 02:00:00,0,0.02520233,0.0,0.09446897357702255
Z01,2025-09-20 03:00:00,0,0.021512026,0.0,0.09077866934239864
Z02,2025-09-20 03:00:00,0,0.010942131,0.0,0.08020877465605736
Z03,2025-09-20 03:00:00,0,0.010064087,0.0,0.07933073025196791
Z04,2025-09-20 03:00:00,0,0.010741823,0.0,0.08000846672803164
Z05,2025-09-20 03:00:00,0,0.049913436,0.0,0.11918007954955101
Z06,2025-09-20 03:00:00,0,0.010565627,0.0,0.07983227074146271
Z07,2025-09-20 03:00:00,0,0.062640525,0.0,0.1319071687757969
Z08,2025-09-20 03:00:00,0,0.012315463,0.0,0.08158210664987564
Z09,2025-09-20 03:00:00,0,0.01060362,0.0,0.07987026311457157
Z10,2025-09-20 03:00:00,0,0.14745386,0.0,0.34159853458404543
Z01,2025-09-20 04:00:00,0,0.0821237,0.012857053428888321,0.15139034017920494
Z02,2025-09-20 04:00:00,0,0.011391978,0.0,0.08065862115472555
Z03,2025-09-20 04:00:00,0,0.010340716,0.0,0.0796073591336608
Z04,2025-09-20 04:00:00,0,0.01251601,0.0,0.08178265299648046
Z05,2025-09-20 04:00:00,0,0.026240023,0.0,0.09550666622817516
Z06,2025-09-20 04:00:00,0,0.011987771,0.0,0.08125441428273916
Z07,2025-09-20 04:00:00,0,0.168229,0.0,0.36237367391586306
Z08,2025-09-20 04:00:00,0,0.031683277,0.0,0.10094992071390152
Z09,2025-09-20 04:00:00,0,0.011131304,0.0,0.08039794769138098
Z10,2025-09-20 04:00:00,0,0.08676467,0.01749802753329277,0.1560313142836094
Z01,2025-09-20 05:00:00,0,0.036020428,0.0,0.10528707131743431
Z02,2025-09-20 05:00:00,0,0.041620765,0.0,0.11088740825653076
Z03,2025-09-20 05:00:00,0,0.046100445,0.0,0.1153670884668827
Z04,2025-09-20 05:00:00,0,0.010633592,0.0,0.07990023493766785
Z05,2025-09-20 05:00:00,0,0.013028667,0.0,0.08229531068354845
Z06,2025-09-20 05:00:00,0,0.009903589,0.0,0.0791702326387167
Z07,2025-09-20 05:00:00,0,0.09164801,0.022381369024515152,0.16091465577483177
Z08,2025-09-20 05:00:00,0,0.010455767,0.0,0.07972241006791592
Z09,2025-09-20 05:00:00,0,0.012104051,0.0,0.08137069456279278
Z10,2025-09-20 05:00:00,0,0.07805795,0.008791308850049973,0.1473245956003666
Z01,2025-09-20 06:00:00,1,0.9663299,0.881538438796997,1.0
Z02,2025-09-20 06:00:00,1,0.9848257,0.9000342369079589,1.0
Z03,2025-09-20 06:00:00,1,0.98890287,0.9041114330291747,1.0
Z04,2025-09-20 06:00:00,1,0.95625025,0.8714588165283202,1.0
Z05,2025-09-20 06:00:00,1,0.9913071,0.9065156459808349,1.0
Z06,2025-09-20 06:00:00,1,0.9519475,0.8671560764312743,1.0
Z07,2025-09-20 06:00:00,1,0.97499406,0.8902026295661926,1.0
Z08,2025-09-20 06:00:00,1,0.9940158,0.9092243790626525,1.0
Z09,2025-09-20 06:00:00,1,0.9861457,0.9013542413711547,1.0
Z10,2025-09-20 06:00:00,1,0.99071735,0.9059259176254272,1.0
Z01,2025-09-20 07:00:00,1,0.99491113,0.9101197004318237,1.0
Z02,2025-09-20 07:00:00,1,0.99272984,0.9079384088516235,1.0
Z03,2025-09-20 07:00:00,1,0.99516946,0.9103780269622802,1.0
Z04,2025-09-20 07:00:00,1,0.9951375,0.9103460788726806,1.0
Z05,2025-09-20 07:00:00,1,0.9951375,0.9103460788726806,1.0
Z06,2025-09-20 07:00:00,1,0.99491996,0.9101285219192504,1.0
Z07,2025-09-20 07:00:00,1,0.99360526,0.9088138222694396,1.0
Z08,2025-09-20 07:00:00,1,0.99448746,0.9096960306167602,1.0
Z09,2025-09-20 07:00:00,1,0.9951375,0.9103460788726806,1.0
Z10,2025-09-20 07:00:00,1,0.993338,0.9085465550422668,1.0
Z01,2025-09-20 08:00:00,1,0.98554176,0.9007503271102905,1.0
Z02,2025-09-20 08:00:00,1,0.9928973,0.9081058382987975,1.0
Z03,2025-09-20 08:00:00,1,0.990067,0.9052755713462829,1.0
Z04,2025-09-20 08:00:00,1,0.99018973,0.9053982973098754,1.0
Z05,2025-09-20 08:00:00,1,0.99315506,0.9083636283874511,1.0
Z06,2025-09-20 08:00:00,1,0.99052036,0.9057289242744445,1.0
Z07,2025-09-20 08:00:00,1,0.99148625,0.9066948175430297,1.0
Z08,2025-09-20 08:00:00,1,0.99013644,0.9053450107574462,1.0
Z09,2025-09-20 08:00:00,1,0.9920998,0.9073083877563476,1.0
Z10,2025-09-20 08:00:00,1,0.994362,0.909570562839508,1.0
Z01,2025-09-20 09:00:00,1,0.99516946,0.9103780269622802,1.0
Z02,2025-09-20 09:00:00,1,0.99516946,0.9103780269622802,1.0
Z03,2025-09-20 09:00:00,1,0.99516946,0.9103780269622802,1.0
Z04,2025-09-20 09:00:00,1,0.99516946,0.9103780269622802,1.0
Z05,2025-09-20 09:00:00,1,0.99516946,0.9103780269622802,1.0
Z06,2025-09-20 09:00:00,1,0.99516946,0.9103780269622802,1.0
Z07,2025-09-20 09:00:00,1,0.99516946,0.9103780269622802,1.0
Z08,2025-09-20 09:00:00,1,0.99516946,0.9103780269622802,1.0
Z09,2025-09-20 09:00:00,1,0.99516946,0.9103780269622802,1.0
Z10,2025-09-20 09:00:00,1,0.99516946,0.9103780269622802,1.0
Z01,2025-09-20 10:00:00,0,0.4131171,0.0,0.9665834486484527
Z02,2025-09-20 10:00:00,1,0.84314865,0.0,1.0
Z03,2025-09-20 10:00:00,1,0.87016606,0.0,1.0
Z04,2025-09-20 10:00:00,0,0.55146384,0.0,1.0
Z05,2025-09-20 10:00:00,0,0.76753414,0.0,1.0
Z06,2025-09-20 10:00:00,0,0.49974418,0.0,1.0
Z07,2025-09-20 10:00:00,1,0.77558917,0.0,1.0
Z08,2025-09-20 10:00:00,1,0.7116185,0.0,1.0
Z09,2025-09-20 10:00:00,1,0.6309876,0.0,1.0
Z10,2025-09-20 10:00:00,1,0.98937607,0.9045846343040466,1.0
Z01,2025-09-20 11:00:00,0,0.013290549,0.0,0.0825571920722723
Z02,2025-09-20 11:00:00,0,0.013308707,0.0,0.08257535006850958
Z03,2025-09-20 11:00:00,0,0.12132471,0.0,0.31546938568353655
Z04,2025-09-20 11:00:00,0,0.13023755,0.0,0.32438222467899325
Z05,2025-09-20 11:00:00,0,0.02224122,0.0,0.09150786325335503
Z06,2025-09-20 11:00:00,0,0.024390329,0.0,0.09365697205066681
Z07,2025-09-20 11:00:00,0,0.028291225,0.0,0.09755786880850792
Z08,2025-09-20 11:00:00,0,0.018074315,0.0,0.08734095841646194
Z09,2025-09-20 11:00:00,0,0.011167937,0.0,0.0804345803335309
Z10,2025-09-20 11:00:00,0,0.46509644,0.0,1.0
Z01,2025-09-20 12:00:00,1,0.99516946,0.9103780269622802,1.0
Z02,2025-09-20 12:00:00,1,0.99516946,0.9103780269622802,1.0
Z03,2025-09-20 12:00:00,1,0.99516946,0.9103780269622802,1.0
Z04,2025-09-20 12:00:00,1,0.99491996,0.9101285219192504,1.0
Z05,2025-09-20 12:00:00,1,0.99516946,0.9103780269622802,1.0
Z06,2025-09-20 12:00:00,1,0.99516946,0.9103780269622802,1.0
Z07,2025-09-20 12:00:00,1,0.99516946,0.9103780269622802,1.0
Z08,2025-09-20 12:00:00,1,0.99491996,0.9101285219192504,1.0
Z09,2025-09-20 12:00:00,1,0.99516946,0.9103780269622802,1.0
Z10,2025-09-20 12:00:00,1,0.99491996,0.9101285219192504,1.0
Z01,2025-09-20 13:00:00,1,0.99434304,0.9095516085624694,1.0
Z02,2025-09-20 13:00:00,1,0.9940327,0.909241247177124,1.0
Z03,2025-09-20 13:00:00,1,0.99186,0.9070685386657714,1.0
Z04,2025-09-20 13:00:00,1,0.9942016,0.9094101667404174,1.0
Z05,2025-09-20 13:00:00,1,0.99439514,0.9096037030220031,1.0
Z06,2025-09-20 13:00:00,1,0.9941246,0.9093331575393676,1.0
Z07,2025-09-20 13:00:00,1,0.99181306,0.9070216298103332,1.0
Z08,2025-09-20 13:00:00,1,0.9837964,0.8990049839019775,1.0
Z09,2025-09-20 13:00:00,1,0.98688334,0.902091908454895,1.0
Z10,2025-09-20 13:00:00,1,0.9944149,0.9096234917640685,1.0
Z01,2025-09-20 14:00:00,1,0.9853137,0.9005222797393798,1.0
Z02,2025-09-20 14:00:00,1,0.98347837,0.898686933517456,1.0
Z03,2025-09-20 14:00:00,1,0.99434304,0.9095516085624694,1.0
Z04,2025-09-20 14:00:00,1,0.99444747,0.9096560359001159,1.0
Z05,2025-09-20 14:00:00,1,0.994467,0.9096755862236022,1.0
Z06,2025-09-20 14:00:00,1,0.9889221,0.9041306853294372,1.0
Z07,2025-09-20 14:00:00,1,0.9938467,0.9090552806854247,1.0
Z08,2025-09-20 14:00:00,1,0.9865307,0.9017392873764037,1.0
Z09,2025-09-20 14:00:00,1,0.99442554,0.9096341013908386,1.0
Z10,2025-09-20 14:00:00,1,0.9942356,0.9094441413879394,1.0
Z01,2025-09-20 15:00:00,1,0.3815646,0.0,1.0
Z02,2025-09-20 15:00:00,1,0.4975335,0.0,1.0
Z03,2025-09-20 15:00:00,0,0.071268946,0.0020023025572299957,0.14053558930754662
Z04,2025-09-20 15:00:00,0,0.6022436,0.0,1.0
Z05,2025-09-20 15:00:00,0,0.5208245,0.0,1.0
Z06,2025-09-20 15:00:00,1,0.24999678,0.0,0.5478704571723938
Z07,2025-09-20 15:00:00,1,0.47911072,0.0,1.0
Z08,2025-09-20 15:00:00,1,0.3949577,0.0,1.0
Z09,2025-09-20 15:00:00,0,0.02224117,0.0,0.091507812961936
Z10,2025-09-20 15:00:00,1,0.83337694,0.0,1.0
Z01,2025-09-20 16:00:00,1,0.99344057,0.9086491346359252,1.0
Z02,2025-09-20 16:00:00,1,0.6522127,0.0,1.0
Z03,2025-09-20 16:00:00,1,0.9839639,0.8991724729537963,1.0
Z04,2025-09-20 16:00:00,1,0.9924465,0.9076550483703613,1.0
Z05,2025-09-20 16:00:00,1,0.9935255,0.9087340712547302,1.0
Z06,2025-09-20 16:00:00,1,0.97723854,0.8924471020698547,1.0
Z07,2025-09-20 16:00:00,1,0.96119165,0.8764002203941345,1.0
Z08,2025-09-20 16:00:00,1,0.98362744,0.8988360047340392,1.0
Z09,2025-09-20 16:00:00,1,0.9943078,0.9095163822174072,1.0
Z10,2025-09-20 16:00:00,1,0.99412584,0.9093344092369079,1.0
Z01,2025-09-20 17:00:00,1,0.99248767,0.9076962351799011,1.0
Z02,2025-09-20 17:00:00,1,0.75903624,0.0,1.0
Z03,2025-09-20 17:00:00,1,0.88075006,0.008517706394195579,1.0
Z04,2025-09-20 17:00:00,1,0.9937023,0.908910858631134,1.0
Z05,2025-09-20 17:00:00,1,0.9925292,0.9077377796173095,1.0
Z06,2025-09-20 17:00:00,1,0.9883614,0.9035699844360351,1.0
Z07,2025-09-20 17:00:00,1,0.9931399,0.9083484888076782,1.0
Z08,2025-09-20 17:00:00,1,0.952031,0.8672395825386047,1.0
Z09,2025-09-20 17:00:00,1,0.9610702,0.8762787461280822,1.0
Z10,2025-09-20 17:00:00,1,0.9907528,0.9059613823890685,1.0
Z01,2025-09-20 18:00:00,1,0.993208,0.9084165573120117,1.0
Z02,2025-09-20 18:00:00,1,0.98085487,0.8960634350776672,1.0
Z03,2025-09-20 18:00:00,1,0.98660904,0.9018176078796386,1.0
Z04,2025-09-20 18:00:00,1,0.98881453,0.9040230989456176,1.0
Z05,2025-09-20 18:00:00,1,0.9912628,0.9064713597297668,1.0
Z06,2025-09-20 18:00:00,1,0.97706723,0.8922757983207702,1.0
Z07,2025-09-20 18:00:00,1,0.9934308,0.9086393594741821,1.0
Z08,2025-09-20 18:00:00,1,0.9896678,0.9048763394355773,1.0
Z09,2025-09-20 18:00:00,1,0.9900774,0.9052859425544738,1.0
Z10,2025-09-20 18:00:00,1,0.9801815,0.8953900814056396,1.0
Z01,2025-09-20 19:00:00,1,0.9947331,0.9099416613578796,1.0
Z02,2025-09-20 19:00:00,1,0.99446106,0.9096696257591247,1.0
Z03,2025-09-20 19:00:00,1,0.99452025,0.9097288131713867,1.0
Z04,2025-09-20 19:00:00,1,0.9947331,0.9099416613578796,1.0
Z05,2025-09-20 19:00:00,1,0.9933288,0.9085373759269714,1.0
Z06,2025-09-20 19:00:00,1,0.9946866,0.9098951697349548,1.0
Z07,2025-09-20 19:00:00,1,0.9946595,0.909868049621582,1.0
Z08,2025-09-20 19:00:00,1,0.9940963,0.9093048453330993,1.0
Z09,2025-09-20 19:00:00,1,0.9942365,0.9094450950622558,1.0
Z10,2025-09-20 19:00:00,1,0.99252266,0.9077312231063842,1.0
Z01,2025-09-20 20:00:00,1,0.99422294,0.909431505203247,1.0
Z02,2025-09-20 20:00:00,1,0.9928758,0.9080843806266784,1.0
Z03,2025-09-20 20:00:00,1,0.994222,0.9094305515289306,1.0
Z04,2025-09-20 20:00:00,1,0.99430794,0.9095165014266967,1.0
Z05,2025-09-20 20:00:00,1,0.99087256,0.9060811281204223,1.0
Z06,2025-09-20 20:00:00,1,0.99258775,0.9077963113784789,1.0
Z07,2025-09-20 20:00:00,1,0.99451303,0.9097216010093688,1.0
Z08,2025-09-20 20:00:00,1,0.9947771,0.9099856495857238,1.0
Z09,2025-09-20 20:00:00,1,0.99370533,0.9089138984680175,1.0
Z10,2025-09-20 20:00:00,1,0.99239993,0.9076084971427917,1.0
Z01,2025-09-20 21:00:00,1,0.99491113,0.9101197004318237,1.0
Z02,2025-09-20 21:00:00,1,0.99516946,0.9103780269622802,1.0
Z03,2025-09-20 21:00:00,1,0.99516946,0.9103780269622802,1.0
Z04,2025-09-20 21:00:00,1,0.99516946,0.9103780269622802,1.0
Z05,2025-09-20 21:00:00,1,0.99491113,0.9101197004318237,1.0
Z06,2025-09-20 21:00:00,1,0.9951375,0.9103460788726806,1.0
Z07,2025-09-20 21:00:00,1,0.99516946,0.9103780269622802,1.0
Z08,2025-09-20 21:00:00,1,0.99516946,0.9103780269622802,1.0
Z09,2025-09-20 21:00:00,1,0.99491185,0.910120415687561,1.0
Z10,2025-09-20 21:00:00,1,0.99491113,0.9101197004318237,1.0
Z01,2025-09-20 22:00:00,1,0.7469525,0.0,1.0
Z02,2025-09-20 22:00:00,0,0.52109504,0.0,1.0
Z03,2025-09-20 22:00:00,0,0.9852368,0.9004453897476196,1.0
Z04,2025-09-20 22:00:00,1,0.47469828,0.0,1.0
Z05,2025-09-20 22:00:00,1,0.99157155,0.9067801117897033,1.0
Z06,2025-09-20 22:00:00,1,0.8851552,0.012922847270965598,1.0
Z07,2025-09-20 22:00:00,1,0.9753921,0.8906006693840026,1.0
Z08,2025-09-20 22:00:00,1,0.98668474,0.9018933057785034,1.0
Z09,2025-09-20 22:00:00,1,0.98610824,0.9013168096542358,1.0
Z10,2025-09-20 22:00:00,0,0.7715546,0.0,1.0
Z01,2025-09-20 23:00:00,1,0.9934708,0.9086793541908263,1.0
Z02,2025-09-20 23:00:00,1,0.97761166,0.8928202271461486,1.0
Z03,2025-09-20 23:00:00,1,0.9851496,0.9003581881523132,1.0
Z04,2025-09-20 23:00:00,1,0.98631734,0.9015259027481078,1.0
Z05,2025-09-20 23:00:00,1,0.96412194,0.8793305039405822,1.0
Z06,2025-09-20 23:00:00,1,0.9796495,0.8948580503463744,1.0
Z07,2025-09-20 23:00:00,1,0.96380764,0.8790162086486816,1.0
Z08,2025-09-20 23:00:00,1,0.99366117,0.908869731426239,1.0
Z09,2025-09-20 23:00:00,1,0.9896834,0.9048919558525085,1.0
Z10,2025-09-20 23:00:00,1,0.99369615,0.9089047193527221,1.0
Z01,2025-09-21 00:00:00,0,0.011242885,0.0,0.08050952851772308
Z02,2025-09-21 00:00:00,0,0.009925841,0.0,0.07919248472899199
Z03,2025-09-21 00:00:00,0,0.010777031,0.0,0.0800436744466424
Z04,2025-09-21 00:00:00,0,0.028899893,0.0,0.09816653653979301
Z05,2025-09-21 00:00:00,0,0.024776813,0.0,0.09404345601797104
Z06,2025-09-21 00:00:00,0,0.011857718,0.0,0.08112436160445213
Z07,2025-09-21 00:00:00,0,0.025329897,0.0,0.09459654055535793
Z08,2025-09-21 00:00:00,0,0.010722884,0.0,0.07998952735215425
Z09,2025-09-21 00:00:00,0,0.028769841,0.0,0.09803648479282856
Z10,2025-09-21 00:00:00,0,0.06356286,0.0,0.13282950595021248
Z01,2025-09-21 01:00:00,0,0.012354089,0.0,0.08162073232233524
Z02,2025-09-21 01:00:00,0,0.016303381,0.0,0.08557002432644367
Z03,2025-09-21 01:00:00,0,0.01049375,0.0,0.07976039312779903
Z04,2025-09-21 01:00:00,0,0.0113989245,0.0,0.08066556788980961
Z05,2025-09-21 01:00:00,0,0.020621404,0.0,0.08988804742693901
Z06,2025-09-21 01:00:00,0,0.068860985,0.0,0.1381276287138462
Z07,2025-09-21 01:00:00,0,0.062386364,0.0,0.13165300711989403
Z08,2025-09-21 01:00:00,0,0.030853502,0.0,0.10012014582753181
Z09,2025-09-21 01:00:00,0,0.029508187,0.0,0.09877482987940311
Z10,2025-09-21 01:00:00,0,0.020349447,0.0,0.0896160900592804
Z01,2025-09-21 02:00:00,0,0.011519041,0.0,0.08078568428754807
Z02,2025-09-21 02:00:00,0,0.010510929,0.0,0.07977757230401039
Z03,2025-09-21 02:00:00,0,0.0106818685,0.0,0.07994851190596819
Z04,2025-09-21 02:00:00,0,0.010846724,0.0,0.08011336717754602
Z05,2025-09-21 02:00:00,0,0.06702873,0.0,0.1362953744828701
Z06,2025-09-21 02:00:00,0,0.028731557,0.0,0.09799819998443127
Z07,2025-09-21 02:00:00,0,0.08285478,0.013588134199380875,0.1521214209496975
Z08,2025-09-21 02:00:00,0,0.012304298,0.0,0.08157094102352858
Z09,2025-09-21 02:00:00,0,0.011692695,0.0,0.08095933869481087
Z10,2025-09-21 02:00:00,0,0.11013482,0.0,0.3042794927954674
Z01,2025-09-21 03:00:00,0,0.010559414,0.0,0.07982605695724487
Z02,2025-09-21 03:00:00,0,0.027946424,0.0,0.09721306711435318
Z03,2025-09-21 03:00:00,0,0.025050035,0.0,0.09431667812168598
Z04,2025-09-21 03:00:00,0,0.012801752,0.0,0.08206839580088854
Z05,2025-09-21 03:00:00,0,0.0224151,0.0,0.09168174304068089
Z06,2025-09-21 03:00:00,0,0.026886418,0.0,0.09615306183695793
Z07,2025-09-21 03:00:00,0,0.0750344,0.005767758935689926,0.14430104568600655
Z08,2025-09-21 03:00:00,0,0.015641842,0.0,0.08490848541259766
Z09,2025-09-21 03:00:00,0,0.010762812,0.0,0.08002945501357317
Z10,2025-09-21 03:00:00,0,0.011495734,0.0,0.08076237700879574
Z01,2025-09-21 04:00:00,0,0.029493669,0.0,0.09876031242311001
Z02,2025-09-21 04:00:00,0,0.028845476,0.0,0.09811211936175823
Z03,2025-09-21 04:00:00,0,0.0127593195,0.0,0.08202596288174391
Z04,2025-09-21 04:00:00,0,0.030766496,0.0,0.10003313980996609
Z05,2025-09-21 04:00:00,0,0.060538825,0.0,0.12980546802282333
Z06,2025-09-21 04:00:00,0,0.011556167,0.0,0.08082281053066254
Z07,2025-09-21 04:00:00,0,0.046136923,0.0,0.11540356650948524
Z08,2025-09-21 04:00:00,0,0.010455767,0.0,0.07972241006791592
Z09,2025-09-21 04:00:00,0,0.029272005,0.0,0.09853864833712578
Z10,2025-09-21 04:00:00,0,0.019337906,0.0,0.08860454894602299
Z01,2025-09-21 05:00:00,0,0.023478039,0.0,0.09274468198418617
Z02,2025-09-21 05:00:00,0,0.010685241,0.0,0.07995188422501087
Z03,2025-09-21 05:00:00,0,0.014931213,0.0,0.08419785648584366
Z04,2025-09-21 05:00:00,0,0.029208144,0.0,0.0984747875481844
Z05,2025-09-21 05:00:00,0,0.024778027,0.0,0.09404467046260834
Z06,2025-09-21 05:00:00,0,0.010509189,0.0,0.07977583259344101
Z07,2025-09-21 05:00:00,0,0.06702999,0.0,0.13629663363099098
Z08,2025-09-21 05:00:00,0,0.029667415,0.0,0.09893405809998512
Z09,2025-09-21 05:00:00,0,0.009664364,0.0,0.07893100753426552
Z10,2025-09-21 05:00:00,0,0.0633893,0.0,0.13265594467520714
Z01,2025-09-21 06:00:00,0,0.009992067,0.0,0.07925871014595032
Z02,2025-09-21 06:00:00,0,0.011989551,0.0,0.08125619404017925
Z03,2025-09-21 06:00:00,0,0.013919746,0.0,0.08318638894706964
Z04,2025-09-21 06:00:00,0,0.010645387,0.0,0.07991203013807535
Z05,2025-09-21 06:00:00,0,0.00967918,0.0,0.0789458230137825
Z06,2025-09-21 06:00:00,0,0.014532841,0.0,0.08379948418587446
Z07,2025-09-21 06:00:00,0,0.009772694,0.0,0.07903933711349964
Z08,2025-09-21 06:00:00,0,0.018108087,0.0,0.08737473003566265
Z09,2025-09-21 06:00:00,0,0.016323267,0.0,0.08558990992605686
Z10,2025-09-21 06:00:00,0,0.4921486,0.0,1.0
Z01,2025-09-21 07:00:00,0,0.024317747,0.0,0.09358439035713673
Z02,2025-09-21 07:00:00,0,0.05668032,0.0,0.12594696506857872
Z03,2025-09-21 07:00:00,0,0.056610048,0.0,0.12587669119238853
Z04,2025-09-21 07:00:00,0,0.21618158,0.0,0.5140552520751953
Z05,2025-09-21 07:00:00,0,0.081860654,0.012594010680913925,0.15112729743123055
Z06,2025-09-21 07:00:00,0,0.019162044,0.0,0.08842868730425835
Z07,2025-09-21 07:00:00,0,0.13114217,0.0,0.32528684437274935
Z08,2025-09-21 07:00:00,0,0.055686843,0.0,0.1249534860253334
Z09,2025-09-21 07:00:00,0,0.013294001,0.0,0.0825606444850564
Z10,2025-09-21 07:00:00,1,0.10418104,0.0,0.2983257114887238
Z01,2025-09-21 08:00:00,1,0.7700343,0.0,1.0
Z02,2025-09-21 08:00:00,0,0.6296345,0.0,1.0
Z03,2025-09-21 08:00:00,1,0.70434654,0.0,1.0
Z04,2025-09-21 08:00:00,1,0.83944523,0.0,1.0
Z05,2025-09-21 08:00:00,1,0.92991674,0.8451253056526183,1.0
Z06,2025-09-21 08:00:00,1,0.6935169,0.014636790752410866,1.0
Z07,2025-09-21 08:00:00,0,0.75723344,0.0,1.0
Z08,2025-09-21 08:00:00,1,0.76144826,0.0,1.0
Z09,2025-09-21 08:00:00,1,0.54105794,0.0,1.0
Z10,2025-09-21 08:00:00,0,0.9245168,0.839725363254547,1.0
Z01,2025-09-21 09:00:00,0,0.5610615,0.0,1.0
Z02,2025-09-21 09:00:00,1,0.75663596,0.0,1.0
Z03,2025-09-21 09:00:00,0,0.13213433,0.0,0.3262790083885193
Z04,2025-09-21 09:00:00,0,0.6378428,0.0,1.0
Z05,2025-09-21 09:00:00,1,0.93929094,0.8544995069503784,1.0
Z06,2025-09-21 09:00:00,1,0.8952351,0.023002767562866233,1.0
Z07,2025-09-21 09:00:00,1,0.9830429,0.898251461982727,1.0
Z08,2025-09-21 09:00:00,1,0.9456285,0.8608370900154113,1.0
Z09,2025-09-21 09:00:00,1,0.94056726,0.8557758212089538,1.0
Z10,2025-09-21 09:00:00,0,0.7573255,0.0,1.0
Z01,2025-09-21 10:00:00,0,0.23276193,0.0,0.5306356102228165
Z02,2025-09-21 10:00:00,0,0.043213066,0.0,0.11247970908880234
Z03,2025-09-21 10:00:00,0,0.17574967,0.0,0.36989434957504275
Z04,2025-09-21 10:00:00,0,0.0573179,0.0,0.12658454477787018
Z05,2025-09-21 10:00:00,0,0.053609762,0.0,0.12287640571594238
Z06,2025-09-21 10:00:00,1,0.26094958,0.0,0.5588232576847076
Z07,2025-09-21 10:00:00,0,0.07416199,0.004895348101854324,0.14342863485217094
Z08,2025-09-21 10:00:00,0,0.39049953,0.0,1.0
Z09,2025-09-21 10:00:00,0,0.28432414,0.0,0.5821978151798248
Z10,2025-09-21 10:00:00,0,0.14444068,0.0,0.3385853558778763
Z01,2025-09-21 11:00:00,0,0.009108983,0.0,0.07837562635540962
Z02,2025-09-21 11:00:00,0,0.010131201,0.0,0.07939784415066242
Z03,2025-09-21 11:00:00,0,0.008844521,0.0,0.07811116427183151
Z04,2025-09-21 11:00:00,0,0.10569302,0.0,0.2998376950621605
Z05,2025-09-21 11:00:00,0,0.022324318,0.0,0.09159096144139767
Z06,2025-09-21 11:00:00,0,0.008508825,0.0,0.07777546811848879
Z07,2025-09-21 11:00:00,0,0.009268228,0.0,0.07853487133979797
Z08,2025-09-21 11:00:00,0,0.011459087,0.0,0.0807257303968072
Z09,2025-09-21 11:00:00,0,0.008166482,0.0,0.07743312511593103
Z10,2025-09-21 11:00:00,0,0.009408713,0.0,0.07867535669356585
Z01,2025-09-21 12:00:00,0,0.29370654,0.0,0.5915802121162415
Z02,2025-09-21 12:00:00,1,0.8692365,0.0,1.0
Z03,2025-09-21 12:00:00,1,0.84954286,0.0,1.0
Z04,2025-09-21 12:00:00,0,0.24248457,0.0,0.5403582453727722
Z05,2025-09-21 12:00:00,0,0.047445156,0.0,0.1167117990553379
Z06,2025-09-21 12:00:00,0,0.52404886,0.0,1.0
Z07,2025-09-21 12:00:00,0,0.051136862,0.0,0.12040350586175919
Z08,2025-09-21 12:00:00,0,0.47684655,0.0,1.0
Z09,2025-09-21 12:00:00,1,0.74748075,0.0,1.0
Z10,2025-09-21 12:00:00,0,0.120847434,0.0,0.3149921089410782
Z01,2025-09-21 13:00:00,0,0.6357467,0.0,1.0
Z02,2025-09-21 13:00:00,0,0.17760526,0.0,0.3717499315738678
Z03,2025-09-21 13:00:00,0,0.44115555,0.0,0.9946218907833099
Z04,2025-09-21 13:00:00,0,0.33532986,0.0,0.9555104553699493
Z05,2025-09-21 13:00:00,0,0.4637313,0.0,1.0
Z06,2025-09-21 13:00:00,1,0.9451388,0.8603473782539367,1.0
Z07,2025-09-21 13:00:00,1,0.9551786,0.8703871846199035,1.0
Z08,2025-09-21 13:00:00,0,0.32780975,0.0,0.947990345954895
Z09,2025-09-21 13:00:00,0,0.09964389,0.030377250164747238,0.16891053691506386
Z10,2025-09-21 13:00:00,0,0.20197397,0.0,0.4998476505279541
Z01,2025-09-21 14:00:00,1,0.4162961,0.0,0.9697624325752258
Z02,2025-09-21 14:00:00,1,0.80827385,0.0,1.0
Z03,2025-09-21 14:00:00,0,0.77436525,0.0,1.0
Z04,2025-09-21 14:00:00,0,0.38554263,0.0,1.0
Z05,2025-09-21 14:00:00,0,0.8171212,0.0,1.0
Z06,2025-09-21 14:00:00,1,0.94310164,0.8583102107048034,1.0
Z07,2025-09-21 14:00:00,0,0.11114543,0.0,0.30529010444879534
Z08,2025-09-21 14:00:00,1,0.94466454,0.8598731040954589,1.0
Z09,2025-09-21 14:00:00,0,0.053123422,0.0,0.12239006534218788
Z10,2025-09-21 14:00:00,0,0.51580584,0.0,1.0
Z01,2025-09-21 15:00:00,0,0.012057272,0.0,0.08132391516119242
Z02,2025-09-21 15:00:00,0,0.014715168,0.0,0.08398181106895208
Z03,2025-09-21 15:00:00,0,0.094422214,0.02515557035803795,0.16368885710835457
Z04,2025-09-21 15:00:00,0,0.0091377655,0.0,0.07840440887957811
Z05,2025-09-21 15:00:00,0,0.009440926,0.0,0.07870756927877665
Z06,2025-09-21 15:00:00,0,0.013479944,0.0,0.08274658769369125
Z07,2025-09-21 15:00:00,0,0.015551866,0.0,0.08481850940734148
Z08,2025-09-21 15:00:00,0,0.01880507,0.0,0.08807171322405338
Z09,2025-09-21 15:00:00,0,0.012114626,0.0,0.08138126973062754
Z10,2025-09-21 15:00:00,0,0.009569283,0.0,0.0788359260186553
Z01,2025-09-21 16:00:00,0,0.011320338,0.0,0.0805869810283184
Z02,2025-09-21 16:00:00,0,0.013025693,0.0,0.08229233603924513
Z03,2025-09-21 16:00:00,0,0.012726596,0.0,0.08199323900043964
Z04,2025-09-21 16:00:00,0,0.009330605,0.0,0.078597248531878
Z05,2025-09-21 16:00:00,0,0.010067617,0.0,0.0793342599645257
Z06,2025-09-21 16:00:00,0,0.022958873,0.0,0.09222551621496677
Z07,2025-09-21 16:00:00,0,0.56968486,0.0,1.0
Z08,2025-09-21 16:00:00,0,0.00852012,0.0,0.07778676319867373
Z09,2025-09-21 16:00:00,0,0.008980869,0.0,0.07824751269072294
Z10,2025-09-21 16:00:00,0,0.00914265,0.0,0.07840929366648197
Z01,2025-09-21 17:00:00,0,0.21105391,0.0,0.508927583694458
Z02,2025-09-21 17:00:00,0,0.05190694,0.0,0.12117358297109604
Z03,2025-09-21 17:00:00,0,0.14986624,0.0,0.3440109133720398
Z04,2025-09-21 17:00:00,0,0.039103772,0.0,0.10837041586637497
Z05,2025-09-21 17:00:00,0,0.19398047,0.0,0.3881251454353333
Z06,2025-09-21 17:00:00,0,0.77338094,0.0,1.0
Z07,2025-09-21 17:00:00,0,0.6183108,0.0,1.0
Z08,2025-09-21 17:00:00,0,0.037623353,0.0,0.1068899966776371
Z09,2025-09-21 17:00:00,0,0.2737888,0.0,0.5716624855995178
Z10,2025-09-21 17:00:00,0,0.3564821,0.0,0.9766626834869384
Z01,2025-09-21 18:00:00,0,0.1712349,0.0,0.3653795808553696
Z02,2025-09-21 18:00:00,0,0.06518286,0.0,0.13444950059056282
Z03,2025-09-21 18:00:00,0,0.3166349,0.0,0.9368154883384704
Z04,2025-09-21 18:00:00,1,0.17916626,0.0,0.3733109325170517
Z05,2025-09-21 18:00:00,0,0.034275446,0.0,0.10354208946228027
Z06,2025-09-21 18:00:00,0,0.44415203,0.0,0.9976183652877807
Z07,2025-09-21 18:00:00,0,0.1346101,0.0,0.3287547767162323
Z08,2025-09-21 18:00:00,0,0.42238533,0.0,0.9758516728878021
Z09,2025-09-21 18:00:00,0,0.37105718,0.0,0.9912377774715423
Z10,2025-09-21 18:00:00,0,0.12039385,0.0,0.3145385250449181
Z01,2025-09-21 19:00:00,1,0.98597544,0.9011840105056762,1.0
Z02,2025-09-21 19:00:00,1,0.99343526,0.9086438298225402,1.0
Z03,2025-09-21 19:00:00,1,0.939481,0.8546895861625671,1.0
Z04,2025-09-21 19:00:00,1,0.9927577,0.9079662442207336,1.0
Z05,2025-09-21 19:00:00,1,0.99410385,0.9093124151229858,1.0
Z06,2025-09-21 19:00:00,1,0.9820015,0.8972100496292114,1.0
Z07,2025-09-21 19:00:00,1,0.78192717,0.0,1.0
Z08,2025-09-21 19:00:00,1,0.97027224,0.8854808092117309,1.0
Z09,2025-09-21 19:00:00,1,0.9236062,0.8388147830963134,1.0
Z10,2025-09-21 19:00:00,1,0.9919991,0.9072076559066772,1.0
Z01,2025-09-21 20:00:00,1,0.9802388,0.8954473614692687,1.0
Z02,2025-09-21 20:00:00,1,0.94092995,0.856138515472412,1.0
Z03,2025-09-21 20:00:00,1,0.99155605,0.9067646145820617,1.0
Z04,2025-09-21 20:00:00,1,0.97851074,0.8937193036079406,1.0
Z05,2025-09-21 20:00:00,1,0.9938168,0.9090253591537475,1.0
Z06,2025-09-21 20:00:00,1,0.9923711,0.9075796484947204,1.0
Z07,2025-09-21 20:00:00,1,0.95971656,0.8749251246452331,1.0
Z08,2025-09-21 20:00:00,0,0.83994734,0.0,1.0
Z09,2025-09-21 20:00:00,1,0.9893378,0.9045463681221008,1.0
Z10,2025-09-21 20:00:00,1,0.98791903,0.9031275987625121,1.0
Z01,2025-09-21 21:00:00,0,0.5531103,0.0,1.0
Z02,2025-09-21 21:00:00,1,0.87058717,0.0,1.0
Z03,2025-09-21 21:00:00,1,0.9044675,0.8196760892868041,0.9892589569091798
Z04,2025-09-21 21:00:00,1,0.987294,0.9025025844573974,1.0
Z05,2025-09-21 21:00:00,0,0.2139396,0.0,0.5118132829666138
Z06,2025-09-21 21:00:00,1,0.34255502,0.0,0.9627356112003326
Z07,2025-09-21 21:00:00,0,0.32845584,0.0,0.9486364305019378
Z08,2025-09-21 21:00:00,1,0.8893006,0.017068231105804466,1.0
Z09,2025-09-21 21:00:00,1,0.9924629,0.9076714396476745,1.0
Z10,2025-09-21 21:00:00,1,0.5039214,0.0,1.0
Z01,2025-09-21 22:00:00,1,0.9867633,0.9019718647003173,1.0
Z02,2025-09-21 22:00:00,1,0.96611893,0.8813274979591369,1.0
Z03,2025-09-21 22:00:00,1,0.8440799,0.0,1.0
Z04,2025-09-21 22:00:00,1,0.8060046,0.0,1.0
Z05,2025-09-21 22:00:00,1,0.7032741,0.0,1.0
Z06,2025-09-21 22:00:00,1,0.97333795,0.8885465145111083,1.0
Z07,2025-09-21 22:00:00,0,0.074805744,0.005539100617170334,0.14407238736748695
Z08,2025-09-21 22:00:00,0,0.7750289,0.0,1.0
Z09,2025-09-21 22:00:00,1,0.96711016,0.8823187232017516,1.0
Z10,2025-09-21 22:00:00,0,0.1228356,0.0,0.31698027402162554
Z01,2025-09-21 23:00:00,0,0.01719251,0.0,0.08645915426313877
Z02,2025-09-21 23:00:00,0,0.010279342,0.0,0.07954598497599363
Z03,2025-09-21 23:00:00,0,0.010279342,0.0,0.07954598497599363
Z04,2025-09-21 23:00:00,0,0.00905247,0.0,0.07831911370158195
Z05,2025-09-21 23:00:00,0,0.03427497,0.0,0.10354161262512207
Z06,2025-09-21 23:00:00,0,0.00893842,0.0,0.07820506300777197
Z07,2025-09-21 23:00:00,0,0.011517461,0.0,0.08078410476446152
Z08,2025-09-21 23:00:00,0,0.010771151,0.0,0.08003779407590628
Z09,2025-09-21 23:00:00,0,0.1786873,0.0,0.37283197939395907
Z10,2025-09-21 23:00:00,0,0.009596563,0.0,0.07886320631951094
Z01,2025-09-22 00:00:00,0,0.01129541,0.0,0.08056205324828625
Z02,2025-09-22 00:00:00,0,0.02821407,0.0,0.09748071245849133
Z03,2025-09-22 00:00:00,0,0.010910311,0.0,0.08017695415765047
Z04,2025-09-22 00:00:00,0,0.011248453,0.0,0.08051509596407413
Z05,2025-09-22 00:00:00,0,0.02109184,0.0,0.09035848267376423
Z06,2025-09-22 00:00:00,0,0.010951434,0.0,0.08021807763725519
Z07,2025-09-22 00:00:00,0,0.17441632,0.0,0.36856099367141726
Z08,2025-09-22 00:00:00,0,0.011105427,0.0,0.08037206996232271
Z09,2025-09-22 00:00:00,0,0.01127601,0.0,0.080542653799057
Z10,2025-09-22 00:00:00,0,0.060583916,0.0,0.12985055893659592
Z01,2025-09-22 01:00:00,0,0.030325675,0.0,0.09959231875836849
Z02,2025-09-22 01:00:00,0,0.029861528,0.0,0.09912817180156708
Z03,2025-09-22 01:00:00,0,0.009896321,0.0,0.0791629645973444
Z04,2025-09-22 01:00:00,0,0.011238036,0.0,0.08050467912107706
Z05,2025-09-22 01:00:00,0,0.0117861815,0.0,0.08105282485485077
Z06,2025-09-22 01:00:00,0,0.010986389,0.0,0.08025303203612566
Z07,2025-09-22 01:00:00,0,0.04994549,0.0,0.11921213194727898
Z08,2025-09-22 01:00:00,0,0.011806843,0.0,0.08107348624616861
Z09,2025-09-22 01:00:00,0,0.027231878,0.0,0.09649852104485035
Z10,2025-09-22 01:00:00,0,0.01179172,0.0,0.08105836343020201
Z01,2025-09-22 02:00:00,0,0.026820287,0.0,0.09608693048357964
Z02,2025-09-22 02:00:00,0,0.063260704,0.0,0.13252734765410423
Z03,2025-09-22 02:00:00,0,0.00980858,0.0,0.0790752237662673
Z04,2025-09-22 02:00:00,0,0.032093715,0.0,0.10136035829782486
Z05,2025-09-22 02:00:00,0,0.022964137,0.0,0.0922307800501585
Z06,2025-09-22 02:00:00,0,0.011718512,0.0,0.08098515495657921
Z07,2025-09-22 02:00:00,0,0.06791594,0.0,0.1371825821697712
Z08,2025-09-22 02:00:00,0,0.0114509165,0.0,0.08071755990386009
Z09,2025-09-22 02:00:00,0,0.064929225,0.0,0.13419586792588234
Z10,2025-09-22 02:00:00,0,0.011404358,0.0,0.08067100122570992
Z01,2025-09-22 03:00:00,0,0.0109979585,0.0,0.08026460185647011
Z02,2025-09-22 03:00:00,0,0.010733906,0.0,0.08000054955482483
Z03,2025-09-22 03:00:00,1,0.034561783,0.0,0.10382842645049095
Z04,2025-09-22 03:00:00,0,0.02960066,0.0,0.09886730276048183
Z05,2025-09-22 03:00:00,0,0.020798588,0.0,0.0900652315467596
Z06,2025-09-22 03:00:00,0,0.060530465,0.0,0.12979710847139359
Z07,2025-09-22 03:00:00,0,0.014783983,0.0,0.08405062649399042
Z08,2025-09-22 03:00:00,0,0.062178988,0.0,0.13144563138484955
Z09,2025-09-22 03:00:00,0,0.011488059,0.0,0.08075470197945833
Z10,2025-09-22 03:00:00,0,0.012900742,0.0,0.08216738514602184
Z01,2025-09-22 04:00:00,0,0.010802911,0.0,0.08006955403834581
Z02,2025-09-22 04:00:00,0,0.039124776,0.0,0.1083914190530777
Z03,2025-09-22 04:00:00,0,0.013573579,0.0,0.08284022193402052
Z04,2025-09-22 04:00:00,0,0.03091945,0.0,0.10018609277904034
Z05,2025-09-22 04:00:00,0,0.053950373,0.0,0.12321701645851135
Z06,2025-09-22 04:00:00,0,0.010943318,0.0,0.08020996116101742
Z07,2025-09-22 04:00:00,0,0.14172144,0.0,0.335866117477417
Z08,2025-09-22 04:00:00,0,0.012284436,0.0,0.08155107963830233
Z09,2025-09-22 04:00:00,0,0.052978124,0.0,0.12224476784467697
Z10,2025-09-22 04:00:00,0,0.023775086,0.0,0.09304172918200493
Z01,2025-09-22 05:00:00,0,0.08339961,0.014132965356111526,0.15266625210642815
Z02,2025-09-22 05:00:00,0,0.0301817,0.0,0.09944834373891354
Z03,2025-09-22 05:00:00,0,0.015111775,0.0,0.08437841851264238
Z04,2025-09-22 05:00:00,0,0.08599128,0.016724634915590286,0.1552579216659069
Z05,2025-09-22 05:00:00,0,0.07744456,0.008177917450666428,0.14671120420098305
Z06,2025-09-22 05:00:00,0,0.012173273,0.0,0.08143991604447365
Z07,2025-09-22 05:00:00,0,0.08152304,0.012256395071744919,0.15078968182206154
Z08,2025-09-22 05:00:00,0,0.014050304,0.0,0.08331694733351469
Z09,2025-09-22 05:00:00,0,0.029138217,0.0,0.09840486012399197
Z10,2025-09-22 05:00:00,0,0.010813133,0.0,0.0800797762349248
Z01,2025-09-22 06:00:00,0,0.012354059,0.0,0.08162070252001286
Z02,2025-09-22 06:00:00,0,0.009459102,0.0,0.07872574497014284
Z03,2025-09-22 06:00:00,0,0.008862045,0.0,0.07812868803739548
Z04,2025-09-22 06:00:00,0,0.009517203,0.0,0.0787838464602828
Z05,2025-09-22 06:00:00,0,0.010055334,0.0,0.07932197768241167
Z06,2025-09-22 06:00:00,0,0.017659802,0.0,0.08692644536495209
Z07,2025-09-22 06:00:00,0,0.0108833695,0.0,0.080150012858212
Z08,2025-09-22 06:00:00,0,0.008888389,0.0,0.07815503235906363
Z09,2025-09-22 06:00:00,0,0.009984245,0.0,0.07925088796764612
Z10,2025-09-22 06:00:00,0,0.0087157665,0.0,0.0779824098572135
Z01,2025-09-22 07:00:00,0,0.015594542,0.0,0.08486118540167809
Z02,2025-09-22 07:00:00,0,0.010620656,0.0,0.07988729979842901
Z03,2025-09-22 07:00:00,0,0.016611474,0.0,0.08587811700999737
Z04,2025-09-22 07:00:00,0,0.11647774,0.0,0.31062241792678835
Z05,2025-09-22 07:00:00,0,0.012188351,0.0,0.08145499415695667
Z06,2025-09-22 07:00:00,0,0.009876437,0.0,0.07914307992905378
Z07,2025-09-22 07:00:00,0,0.0107294675,0.0,0.07999611087143421
Z08,2025-09-22 07:00:00,0,0.05687454,0.0,0.12614118307828903
Z09,2025-09-22 07:00:00,0,0.010980685,0.0,0.08024732861667871
Z10,2025-09-22 07:00:00,0,0.013479944,0.0,0.08274658769369125
Z01,2025-09-22 08:00:00,0,0.397233,0.0,1.0
Z02,2025-09-22 08:00:00,0,0.2308802,0.0,0.5287538766860962
Z03,2025-09-22 08:00:00,1,0.6856524,0.0067722558975219505,1.0
Z04,2025-09-22 08:00:00,0,0.08407896,0.014812316745519638,0.15334560349583626
Z05,2025-09-22 08:00:00,1,0.77716106,0.0,1.0
Z06,2025-09-22 08:00:00,0,0.07431258,0.005045939236879349,0.14357922598719597
Z07,2025-09-22 08:00:00,0,0.16108301,0.0,0.35522768795490267
Z08,2025-09-22 08:00:00,0,0.16662869,0.0,0.3607733637094498
Z09,2025-09-22 08:00:00,0,0.58529973,0.0,1.0
Z10,2025-09-22 08:00:00,1,0.96374565,0.8789542198181152,1.0
Z01,2025-09-22 09:00:00,0,0.70326465,0.0,1.0
Z02,2025-09-22 09:00:00,0,0.7083955,0.0,1.0
Z03,2025-09-22 09:00:00,0,0.2838712,0.0,0.5817448794841766
Z04,2025-09-22 09:00:00,1,0.11909849,0.0,0.3132431671023369
Z05,2025-09-22 09:00:00,0,0.3082717,0.0,0.9284523010253906
Z06,2025-09-22 09:00:00,0,0.071657375,0.0023907311260700226,0.14092401787638664
Z07,2025-09-22 09:00:00,0,0.08066656,0.01139991357922554,0.14993320032954216
Z08,2025-09-22 09:00:00,0,0.51115775,0.0,1.0
Z09,2025-09-22 09:00:00,0,0.5004359,0.0,1.0
Z10,2025-09-22 09:00:00,0,0.07776335,0.008496705442667007,0.14702999219298363
Z01,2025-09-22 10:00:00,0,0.07078595,0.0015193037688732147,0.14005259051918983
Z02,2025-09-22 10:00:00,0,0.037690844,0.0,0.10695748776197433
Z03,2025-09-22 10:00:00,0,0.046530075,0.0,0.11579671874642372
Z04,2025-09-22 10:00:00,0,0.029068919,0.0,0.09833556227385998
Z05,2025-09-22 10:00:00,0,0.09057489,0.02130824699997902,0.15984153375029564
Z06,2025-09-22 10:00:00,0,0.19793329,0.003788611292839056,0.39207796156406405
Z07,2025-09-22 10:00:00,0,0.11991392,0.0,0.31405859589576723
Z08,2025-09-22 10:00:00,0,0.14019217,0.0,0.3343368411064148
Z09,2025-09-22 10:00:00,0,0.05632635,0.0,0.12559299170970917
Z10,2025-09-22 10:00:00,1,0.8755725,0.003340148925781272,1.0
Z01,2025-09-22 11:00:00,0,0.009552116,0.0,0.07881875894963741
Z02,2025-09-22 11:00:00,0,0.014349515,0.0,0.08361615799367428
Z03,2025-09-22 11:00:00,0,0.009319588,0.0,0.0785862309858203
Z04,2025-09-22 11:00:00,0,0.009065779,0.0,0.07833242230117321
Z05,2025-09-22 11:00:00,0,0.010271292,0.0,0.07953793555498123
Z06,2025-09-22 11:00:00,0,0.009866635,0.0,0.07913327869027853
Z07,2025-09-22 11:00:00,0,0.009543498,0.0,0.0788101414218545
Z08,2025-09-22 11:00:00,0,0.009114472,0.0,0.0783811155706644
Z09,2025-09-22 11:00:00,0,0.008631846,0.0,0.07789848931133747
Z10,2025-09-22 11:00:00,0,0.009289181,0.0,0.07855582423508167
Z01,2025-09-22 12:00:00,0,0.019015871,0.0,0.0882825143635273
Z02,2025-09-22 12:00:00,0,0.6529742,0.0,1.0
Z03,2025-09-22 12:00:00,0,0.054810513,0.0,0.12407715618610382
Z04,2025-09-22 12:00:00,0,0.020277621,0.0,0.0895442645996809
Z05,2025-09-22 12:00:00,0,0.08551077,0.016244124621152878,0.1547774113714695
Z06,2025-09-22 12:00:00,0,0.1359541,0.0,0.3300987720489502
Z07,2025-09-22 12:00:00,1,0.8590698,0.0,1.0
Z08,2025-09-22 12:00:00,0,0.38316247,0.0,1.0
Z09,2025-09-22 12:00:00,0,0.053881902,0.0,0.12314854562282562
Z10,2025-09-22 12:00:00,0,0.082524456,0.013257812708616257,0.15179109945893288
Z01,2025-09-22 13:00:00,1,0.773165,0.0,1.0
Z02,2025-09-22 13:00:00,0,0.6270915,0.0,1.0
Z03,2025-09-22 13:00:00,0,0.052660428,0.0,0.12192707136273384
Z04,2025-09-22 13:00:00,0,0.2036599,0.0,0.5015335828065872
Z05,2025-09-22 13:00:00,0,0.033144567,0.0,0.10241121053695679
Z06,2025-09-22 13:00:00,0,0.024537094,0.0,0.09380373731255531
Z07,2025-09-22 13:00:00,0,0.08306981,0.013803165405988693,0.1523364521563053
Z08,2025-09-22 13:00:00,0,0.2852174,0.0,0.5830910801887512
Z09,2025-09-22 13:00:00,0,0.060700238,0.0,0.1299668811261654
Z10,2025-09-22 13:00:00,0,0.2138154,0.0,0.511689081788063
Z01,2025-09-22 14:00:00,1,0.63088626,0.0,1.0
Z02,2025-09-22 14:00:00,0,0.13530825,0.0,0.3294529259204865
Z03,2025-09-22 14:00:00,0,0.1673326,0.0,0.36147727966308596
Z04,2025-09-22 14:00:00,1,0.8283486,0.0,1.0
Z05,2025-09-22 14:00:00,0,0.64519054,0.0,1.0
Z06,2025-09-22 14:00:00,0,0.18071136,0.0,0.3748560339212418
Z07,2025-09-22 14:00:00,1,0.35070518,0.0,0.9708857715129852
Z08,2025-09-22 14:00:00,0,0.32876614,0.0,0.9489467322826385
Z09,2025-09-22 14:00:00,1,0.88929766,0.01706531047821047,1.0
Z10,2025-09-22 14:00:00,0,0.32807916,0.0,0.9482597589492797
Z01,2025-09-22 15:00:00,0,0.009200251,0.0,0.07846689410507679
Z02,2025-09-22 15:00:00,0,0.010042869,0.0,0.07930951192975044
Z03,2025-09-22 15:00:00,0,0.010054638,0.0,0.07932128105312586
Z04,2025-09-22 15:00:00,0,0.008720617,0.0,0.0779872601851821
Z05,2025-09-22 15:00:00,0,0.008611334,0.0,0.07787797693163157
Z06,2025-09-22 15:00:00,0,0.009577674,0.0,0.07884431723505259
Z07,2025-09-22 15:00:00,0,0.009354481,0.0,0.07862112391740084
Z08,2025-09-22 15:00:00,0,0.026238855,0.0,0.0955054983496666
Z09,2025-09-22 15:00:00,0,0.008655422,0.0,0.07792206574231386
Z10,2025-09-22 15:00:00,0,0.009289181,0.0,0.07855582423508167
Z01,2025-09-22 16:00:00,0,0.009252871,0.0,0.07851951476186514
Z02,2025-09-22 16:00:00,0,0.008906706,0.0,0.07817334961146116
Z03,2025-09-22 16:00:00,0,0.012546711,0.0,0.08181335404515266
Z04,2025-09-22 16:00:00,0,0.009133052,0.0,0.07839969545602798
Z05,2025-09-22 16:00:00,0,0.0091686305,0.0,0.07843527384102345
Z06,2025-09-22 16:00:00,0,0.009479447,0.0,0.07874609064310789
Z07,2025-09-22 16:00:00,0,0.010559209,0.0,0.07982585206627846
Z08,2025-09-22 16:00:00,0,0.008796488,0.0,0.07806313131004572
Z09,2025-09-22 16:00:00,0,0.012540255,0.0,0.08180689811706543
Z10,2025-09-22 16:00:00,0,0.009476999,0.0,0.07874364219605923
Z01,2025-09-22 17:00:00,1,0.19583029,0.0016856104135513361,0.38997496068477633
Z02,2025-09-22 17:00:00,0,0.057722922,0.0,0.12698956578969955
Z03,2025-09-22 17:00:00,0,0.19592747,0.0017827957868576105,0.3900721460580826
Z04,2025-09-22 17:00:00,1,0.63818824,0.0,1.0
Z05,2025-09-22 17:00:00,0,0.09258938,0.023322734981775284,0.1618560217320919
Z06,2025-09-22 17:00:00,0,0.20081592,0.0,0.49868959188461304
Z07,2025-09-22 17:00:00,0,0.24414083,0.0,0.5420145094394684
Z08,2025-09-22 17:00:00,0,0.15045495,0.0,0.34459962844848635
Z09,2025-09-22 17:00:00,0,0.087712094,0.0184454508125782,0.15697873756289482
Z10,2025-09-22 17:00:00,0,0.043627102,0.0,0.11289374530315399
Z01,2025-09-22 18:00:00,0,0.073652886,0.004386242479085922,0.14291952922940254
Z02,2025-09-22 18:00:00,0,0.048992544,0.0,0.11825918778777122
Z03,2025-09-22 18:00:00,0,0.057774648,0.0,0.1270412914454937
Z04,2025-09-22 18:00:00,0,0.048932254,0.0,0.11819889768958092
Z05,2025-09-22 18:00:00,0,0.1800693,0.0,0.3742139726877213
Z06,2025-09-22 18:00:00,0,0.13829875,0.0,0.33244342505931856
Z07,2025-09-22 18:00:00,0,0.9446568,0.8598653554916381,1.0
Z08,2025-09-22 18:00:00,0,0.029699134,0.0,0.09896577708423138
Z09,2025-09-22 18:00:00,0,0.044108603,0.0,0.11337524652481079
Z10,2025-09-22 18:00:00,0,0.09767193,0.028405290096998215,0.16693857684731483
Z01,2025-09-22 19:00:00,1,0.8720129,0.0,1.0
Z02,2025-09-22 19:00:00,1,0.91491586,0.8301244258880615,0.9997072935104371
Z03,2025-09-22 19:00:00,1,0.97082484,0.8860334038734435,1.0
Z04,2025-09-22 19:00:00,0,0.9070608,0.8222693681716918,0.9918522357940674
Z05,2025-09-22 19:00:00,1,0.97986686,0.8950754284858703,1.0
Z06,2025-09-22 19:00:00,1,0.76733387,0.0,1.0
Z07,2025-09-22 19:00:00,1,0.9067379,0.8219464898109435,0.9915293574333192
Z08,2025-09-22 19:00:00,1,0.975149,0.8903575420379638,1.0
Z09,2025-09-22 19:00:00,1,0.9052758,0.8204843878746032,0.9900672554969788
Z10,2025-09-22 19:00:00,1,0.8225357,0.0,1.0
Z01,2025-09-22 20:00:00,1,0.97355247,0.888761031627655,1.0
Z02,2025-09-22 20:00:00,0,0.7862167,0.0001246929168701172,1.0
Z03,2025-09-22 20:00:00,1,0.93727434,0.8524829030036926,1.0
Z04,2025-09-22 20:00:00,1,0.93727714,0.852485704421997,1.0
Z05,2025-09-22 20:00:00,1,0.97941965,0.8946282148361205,1.0
Z06,2025-09-22 20:00:00,1,0.88319,0.010957622528076194,1.0
Z07,2025-09-22 20:00:00,0,0.7937861,0.007694125175476074,1.0
Z08,2025-09-22 20:00:00,1,0.97163594,0.886844503879547,1.0
Z09,2025-09-22 20:00:00,0,0.76984936,0.0,1.0
Z10,2025-09-22 20:00:00,1,0.9861735,0.9013820767402648,1.0
Z01,2025-09-22 21:00:00,0,0.8172339,0.0,1.0
Z02,2025-09-22 21:00:00,0,0.48410738,0.0,1.0
Z03,2025-09-22 21:00:00,0,0.13579336,0.0,0.3299380332231522
Z04,2025-09-22 21:00:00,0,0.12978572,0.0,0.3239303916692734
Z05,2025-09-22 21:00:00,1,0.9659573,0.881165850162506,1.0
Z06,2025-09-22 21:00:00,0,0.3730176,0.0,0.9931982040405273
Z07,2025-09-22 21:00:00,0,0.01650012,0.0,0.0857667624950409
Z08,2025-09-22 21:00:00,0,0.535845,0.0,1.0
Z09,2025-09-22 21:00:00,1,0.9210116,0.8362201929092407,1.0
Z10,2025-09-22 21:00:00,0,0.61345696,0.0,1.0
Z01,2025-09-22 22:00:00,1,0.828357,0.0,1.0
Z02,2025-09-22 22:00:00,0,0.62466264,0.0,1.0
Z03,2025-09-22 22:00:00,1,0.2822975,0.0,0.5801711678504944
Z04,2025-09-22 22:00:00,0,0.49354288,0.0,1.0
Z05,2025-09-22 22:00:00,0,0.55280775,0.0,1.0
Z06,2025-09-22 22:00:00,0,0.13030235,0.0,0.3244470298290253
Z07,2025-09-22 22:00:00,1,0.86434436,0.0,1.0
Z08,2025-09-22 22:00:00,1,0.88378537,0.011553013324737571,1.0
Z09,2025-09-22 22:00:00,0,0.8534925,0.0,1.0
Z10,2025-09-22 22:00:00,0,0.79228485,0.0061928629875183105,1.0
Z01,2025-09-22 23:00:00,0,0.0087157665,0.0,0.0779824098572135
Z02,2025-09-22 23:00:00,0,0.009190207,0.0,0.07845685072243214
Z03,2025-09-22 23:00:00,0,0.0098166885,0.0,0.0790833318606019
Z04,2025-09-22 23:00:00,0,0.008931967,0.0,0.07819861080497503
Z05,2025-09-22 23:00:00,0,0.01612187,0.0,0.08538851328194141
Z06,2025-09-22 23:00:00,0,0.008927001,0.0,0.07819364406168461
Z07,2025-09-22 23:00:00,0,0.015699288,0.0,0.08496593125164509
Z08,2025-09-22 23:00:00,0,0.008912353,0.0,0.07817899622023106
Z09,2025-09-22 23:00:00,0,0.009541209,0.0,0.07880785223096609
Z10,2025-09-22 23:00:00,0,0.009013314,0.0,0.07827995717525482
Z01,2025-09-23 00:00:00,0,0.011032373,0.0,0.0802990160882473
Z02,2025-09-23 00:00:00,0,0.032066945,0.0,0.10133358836174011
Z03,2025-09-23 00:00:00,0,0.010355444,0.0,0.07962208706885576
Z04,2025-09-23 00:00:00,0,0.011467154,0.0,0.08073379751294851
Z05,2025-09-23 00:00:00,0,0.06670497,0.0,0.13597161695361137
Z06,2025-09-23 00:00:00,0,0.011206343,0.0,0.0804729862138629
Z07,2025-09-23 00:00:00,0,0.06649329,0.0,0.13575993105769157
Z08,2025-09-23 00:00:00,0,0.027053583,0.0,0.09632022678852081
Z09,2025-09-23 00:00:00,0,0.011350515,0.0,0.08061715867370367
Z10,2025-09-23 00:00:00,0,0.01888914,0.0,0.08815578371286392
Z01,2025-09-23 01:00:00,0,0.011606597,0.0,0.08087324071675539
Z02,2025-09-23 01:00:00,0,0.08243003,0.013163384050130844,0.15169667080044746
Z03,2025-09-23 01:00:00,0,0.00970965,0.0,0.0789762930944562
Z04,2025-09-23 01:00:00,0,0.022975512,0.0,0.09224215522408485
Z05,2025-09-23 01:00:00,0,0.14939709,0.0,0.3435417652130127
Z06,2025-09-23 01:00:00,0,0.16288185,0.0,0.3570265263319016
Z07,2025-09-23 01:00:00,0,0.051068768,0.0,0.1203354112803936
Z08,2025-09-23 01:00:00,0,0.010256701,0.0,0.07952334452420473
Z09,2025-09-23 01:00:00,0,0.031202018,0.0,0.10046866163611412
Z10,2025-09-23 01:00:00,0,0.03816645,0.0,0.10743309184908867
Z01,2025-09-23 02:00:00,0,0.020840997,0.0,0.0901076402515173
Z02,2025-09-23 02:00:00,0,0.013685937,0.0,0.08295258041471243
Z03,2025-09-23 02:00:00,0,0.034817383,0.0,0.10408402606844902
Z04,2025-09-23 02:00:00,0,0.030111838,0.0,0.09937848150730133
Z05,2025-09-23 02:00:00,0,0.0131194815,0.0,0.08238612487912178
Z06,2025-09-23 02:00:00,0,0.10992402,0.0,0.30406869351863863
Z07,2025-09-23 02:00:00,0,0.19848943,0.004344752430915838,0.39263410270214083
Z08,2025-09-23 02:00:00,0,0.02804665,0.0,0.09731329418718815
Z09,2025-09-23 02:00:00,0,0.02914044,0.0,0.09840708412230015
Z10,2025-09-23 02:00:00,0,0.06494631,0.0,0.13421295210719109
Z01,2025-09-23 03:00:00,0,0.041919604,0.0,0.11118624731898308
Z02,2025-09-23 03:00:00,0,0.030360784,0.0,0.09962742775678635
Z03,2025-09-23 03:00:00,0,0.028566513,0.0,0.09783315658569336
Z04,2025-09-23 03:00:00,0,0.011263174,0.0,0.08052981738001108
Z05,2025-09-23 03:00:00,1,0.02140106,0.0,0.09066770412027836
Z06,2025-09-23 03:00:00,0,0.011018605,0.0,0.08028524834662676
Z07,2025-09-23 03:00:00,0,0.19692276,0.002778089046478277,0.39106743931770327
Z08,2025-09-23 03:00:00,0,0.055105582,0.0,0.1243722252547741
Z09,2025-09-23 03:00:00,0,0.010261132,0.0,0.07952777575701475
Z10,2025-09-23 03:00:00,0,0.061567295,0.0,0.1308339387178421
Z01,2025-09-23 04:00:00,0,0.010479727,0.0,0.07974637020379305
Z02,2025-09-23 04:00:00,0,0.18985839,0.0,0.3840030670166016
Z03,2025-09-23 04:00:00,0,0.0140198385,0.0,0.08328648190945387
Z04,2025-09-23 04:00:00,0,0.029264877,0.0,0.09853151999413967
Z05,2025-09-23 04:00:00,0,0.057505153,0.0,0.12677179649472237
Z06,2025-09-23 04:00:00,0,0.027288424,0.0,0.0965550672262907
Z07,2025-09-23 04:00:00,0,0.07343233,0.004165682941675186,0.1426989696919918
Z08,2025-09-23 04:00:00,0,0.028306087,0.0,0.09757273085415363
Z09,2025-09-23 04:00:00,0,0.034519065,0.0,0.10378570854663849
Z10,2025-09-23 04:00:00,0,0.06592894,0.0,0.13519558683037758
Z01,2025-09-23 05:00:00,0,0.011130936,0.0,0.080397579818964
Z02,2025-09-23 05:00:00,0,0.027804896,0.0,0.09707153961062431
Z03,2025-09-23 05:00:00,0,0.015930407,0.0,0.08519705012440681
Z04,2025-09-23 05:00:00,0,0.029144388,0.0,0.09841103106737137
Z05,2025-09-23 05:00:00,0,0.17335492,0.0,0.3674995988607407
Z06,2025-09-23 05:00:00,0,0.028611775,0.0,0.09787841886281967
Z07,2025-09-23 05:00:00,0,0.04698061,0.0,0.1162472516298294
Z08,2025-09-23 05:00:00,0,0.011602337,0.0,0.08086897991597652
Z09,2025-09-23 05:00:00,0,0.048535645,0.0,0.11780228838324547
Z10,2025-09-23 05:00:00,0,0.011601325,0.0,0.08086796849966049
Z01,2025-09-23 06:00:00,0,0.010281311,0.0,0.07954795472323895
Z02,2025-09-23 06:00:00,0,0.009437279,0.0,0.07870392221957445
Z03,2025-09-23 06:00:00,0,0.008901114,0.0,0.0781677570194006
Z04,2025-09-23 06:00:00,0,0.009133052,0.0,0.07839969545602798
Z05,2025-09-23 06:00:00,0,0.01734382,0.0,0.08661046251654625
Z06,2025-09-23 06:00:00,0,0.009821839,0.0,0.07908848207443953
Z07,2025-09-23 06:00:00,0,0.011431577,0.0,0.08069822005927563
Z08,2025-09-23 06:00:00,0,0.010004976,0.0,0.07927161920815706
Z09,2025-09-23 06:00:00,0,0.009112595,0.0,0.07837923802435398
Z10,2025-09-23 06:00:00,0,0.014062405,0.0,0.08332904800772667
Z01,2025-09-23 07:00:00,0,0.019859549,0.0,0.08912619203329086
Z02,2025-09-23 07:00:00,0,0.058436986,0.0,0.12770362943410873
Z03,2025-09-23 07:00:00,0,0.019322399,0.0,0.08858904242515564
Z04,2025-09-23 07:00:00,0,0.024731359,0.0,0.09399800188839436
Z05,2025-09-23 07:00:00,1,0.24204943,0.0,0.5399231016635895
Z06,2025-09-23 07:00:00,0,0.028303208,0.0,0.09756985120475292
Z07,2025-09-23 07:00:00,0,0.009832247,0.0,0.07909889053553343
Z08,2025-09-23 07:00:00,0,0.01648478,0.0,0.08575142361223698
Z09,2025-09-23 07:00:00,0,0.032526504,0.0,0.10179314762353897
Z10,2025-09-23 07:00:00,0,0.011293972,0.0,0.08056061528623104
Z01,2025-09-23 08:00:00,1,0.9221762,0.8373847484588622,1.0
Z02,2025-09-23 08:00:00,0,0.31289312,0.0,0.9330737173557281
Z03,2025-09-23 08:00:00,0,0.49077448,0.0,1.0
Z04,2025-09-23 08:00:00,0,0.080355175,0.011088531464338303,0.14962181821465492
Z05,2025-09-23 08:00:00,1,0.6936556,0.0147754907608032,1.0
Z06,2025-09-23 08:00:00,1,0.22314158,0.0,0.5210152566432953
Z07,2025-09-23 08:00:00,0,0.15644489,0.0,0.35058956742286684
Z08,2025-09-23 08:00:00,0,0.056715123,0.0,0.12598176673054695
Z09,2025-09-23 08:00:00,0,0.088314496,0.019047852605581284,0.1575811393558979
Z10,2025-09-23 08:00:00,1,0.8861487,0.01391633749008181,1.0
Z01,2025-09-23 09:00:00,0,0.03207176,0.0,0.10133840516209602
Z02,2025-09-23 09:00:00,0,0.5288607,0.0,1.0
Z03,2025-09-23 09:00:00,0,0.5878527,0.0007315278053283691,1.0
Z04,2025-09-23 09:00:00,0,0.73630446,0.0,1.0
Z05,2025-09-23 09:00:00,0,0.3329654,0.0,0.9531459987163543
Z06,2025-09-23 09:00:00,1,0.6156713,0.0,1.0
Z07,2025-09-23 09:00:00,1,0.8546814,0.0,1.0
Z08,2025-09-23 09:00:00,1,0.74288565,0.0,1.0
Z09,2025-09-23 09:00:00,0,0.05006152,0.0,0.11932816356420517
Z10,2025-09-23 09:00:00,0,0.09916286,0.029896218329668045,0.16842950507998466
Z01,2025-09-23 10:00:00,0,0.30642515,0.0,0.926605749130249
Z02,2025-09-23 10:00:00,0,0.07080387,0.0015372298657894135,0.14007051661610603
Z03,2025-09-23 10:00:00,0,0.09035496,0.021088313311338425,0.15962160006165504
Z04,2025-09-23 10:00:00,0,0.103051975,0.0,0.29719665050506594
Z05,2025-09-23 10:00:00,0,0.3592312,0.0,0.9794117987155914
Z06,2025-09-23 10:00:00,0,0.11061391,0.0,0.3047585874795914
Z07,2025-09-23 10:00:00,0,0.08596083,0.01669418439269066,0.15522747114300728
Z08,2025-09-23 10:00:00,0,0.11518985,0.0,0.3093345254659653
Z09,2025-09-23 10:00:00,0,0.060054626,0.0,0.12932126969099045
Z10,2025-09-23 10:00:00,0,0.09217628,0.022909637540578842,0.16144292429089546
Z01,2025-09-23 11:00:00,0,0.009289181,0.0,0.07855582423508167
Z02,2025-09-23 11:00:00,0,0.0120176105,0.0,0.08128425385802984
Z03,2025-09-23 11:00:00,0,0.008972801,0.0,0.07823944464325905
Z04,2025-09-23 11:00:00,0,0.009065779,0.0,0.07833242230117321
Z05,2025-09-23 11:00:00,0,0.009721569,0.0,0.07898821216076612
Z06,2025-09-23 11:00:00,0,0.00942056,0.0,0.07868720311671495
Z07,2025-09-23 11:00:00,0,0.019079851,0.0,0.08834649436175823
Z08,2025-09-23 11:00:00,0,0.009444989,0.0,0.07871163263916969
Z09,2025-09-23 11:00:00,0,0.008795805,0.0,0.07806244865059853
Z10,2025-09-23 11:00:00,0,0.009296332,0.0,0.07856297492980957
Z01,2025-09-23 12:00:00,0,0.48999223,0.0,1.0
Z02,2025-09-23 12:00:00,0,0.024291847,0.0,0.09355849027633667
Z03,2025-09-23 12:00:00,0,0.11959337,0.0,0.3137380421161652
Z04,2025-09-23 12:00:00,0,0.06720364,0.0,0.13647028431296349
Z05,2025-09-23 12:00:00,0,0.039122775,0.0,0.10838941857218742
Z06,2025-09-23 12:00:00,0,0.20057957,0.0,0.4984532445669174
Z07,2025-09-23 12:00:00,0,0.16681485,0.0,0.36095952391624453
Z08,2025-09-23 12:00:00,0,0.3013863,0.0,0.921566891670227
Z09,2025-09-23 12:00:00,0,0.10997252,0.0,0.3041171967983246
Z10,2025-09-23 12:00:00,0,0.3795712,0.0,0.9997517943382263
Z01,2025-09-23 13:00:00,0,0.13896388,0.0,0.33310855329036715
Z02,2025-09-23 13:00:00,0,0.036988407,0.0,0.10625505074858665
Z03,2025-09-23 13:00:00,0,0.30866638,0.0,0.9288469731807708
Z04,2025-09-23 13:00:00,0,0.25831577,0.0,0.5561894476413727
Z05,2025-09-23 13:00:00,0,0.6598886,0.0,1.0
Z06,2025-09-23 13:00:00,0,0.30004278,0.0,0.9202233731746673
Z07,2025-09-23 13:00:00,0,0.19857298,0.004428303241729742,0.39271765351295473
Z08,2025-09-23 13:00:00,0,0.11916492,0.0,0.3133095964789391
Z09,2025-09-23 13:00:00,1,0.71415967,0.0,1.0
Z10,2025-09-23 13:00:00,0,0.013575469,0.0,0.08284211251884699
Z01,2025-09-23 14:00:00,0,0.11387252,0.0,0.3080171957612038
Z02,2025-09-23 14:00:00,0,0.018938169,0.0,0.08820481225848198
Z03,2025-09-23 14:00:00,0,0.49825,0.0,1.0
Z04,2025-09-23 14:00:00,0,0.030874614,0.0,0.1001412570476532
Z05,2025-09-23 14:00:00,1,0.42435315,0.0,0.9778194904327392
Z06,2025-09-23 14:00:00,1,0.97603434,0.8912429094314575,1.0
Z07,2025-09-23 14:00:00,0,0.024779353,0.0,0.09404599666595459
Z08,2025-09-23 14:00:00,0,0.25373566,0.0,0.5516093373298645
Z09,2025-09-23 14:00:00,0,0.08076791,0.011501263827085495,0.15003455057740211
Z10,2025-09-23 14:00:00,0,0.6555236,0.0,1.0
Z01,2025-09-23 15:00:00,0,0.009764479,0.0,0.07903112191706896
Z02,2025-09-23 15:00:00,0,0.0105315205,0.0,0.07979816384613514
Z03,2025-09-23 15:00:00,0,0.01123132,0.0,0.08049796335399151
Z04,2025-09-23 15:00:00,0,0.009874338,0.0,0.07914098165929317
Z05,2025-09-23 15:00:00,0,0.013915525,0.0,0.08318216819316149
Z06,2025-09-23 15:00:00,0,0.008806833,0.0,0.07807347644120455
Z07,2025-09-23 15:00:00,0,0.010289622,0.0,0.07955626491457224
Z08,2025-09-23 15:00:00,0,0.009117234,0.0,0.07838387694209814
Z09,2025-09-23 15:00:00,0,0.037791636,0.0,0.10705827921628952
Z10,2025-09-23 15:00:00,0,0.0106540285,0.0,0.07992067188024521
Z01,2025-09-23 16:00:00,0,0.016155927,0.0,0.08542256988584995
Z02,2025-09-23 16:00:00,0,0.009114472,0.0,0.0783811155706644
Z03,2025-09-23 16:00:00,0,0.013692717,0.0,0.08295936044305563
Z04,2025-09-23 16:00:00,0,0.009050208,0.0,0.07831685151904821
Z05,2025-09-23 16:00:00,0,0.04568537,0.0,0.11495201289653778
Z06,2025-09-23 16:00:00,0,0.009876437,0.0,0.07914307992905378
Z07,2025-09-23 16:00:00,0,0.011713598,0.0,0.08098024129867554
Z08,2025-09-23 16:00:00,0,0.009050208,0.0,0.07831685151904821
Z09,2025-09-23 16:00:00,0,0.008485893,0.0,0.07775253616273403
Z10,2025-09-23 16:00:00,0,0.008927001,0.0,0.07819364406168461
Z01,2025-09-23 17:00:00,0,0.03751352,0.0,0.10678016394376755
Z02,2025-09-23 17:00:00,0,0.041555546,0.0,0.11082218959927559
Z03,2025-09-23 17:00:00,0,0.03517723,0.0,0.10444387421011925
Z04,2025-09-23 17:00:00,0,0.05793727,0.0,0.12720391154289246
Z05,2025-09-23 17:00:00,0,0.17741133,0.0,0.3715560078620911
Z06,2025-09-23 17:00:00,0,0.28228995,0.0,0.5801636278629303
Z07,2025-09-23 17:00:00,0,0.094184354,0.024917710572481155,0.16345099732279778
Z08,2025-09-23 17:00:00,0,0.038584135,0.0,0.10785077884793282
Z09,2025-09-23 17:00:00,0,0.042580426,0.0,0.11184706911444664
Z10,2025-09-23 17:00:00,0,0.04632029,0.0,0.11558693274855614
Z01,2025-09-23 18:00:00,0,0.058267936,0.0,0.12753457948565483
Z02,2025-09-23 18:00:00,0,0.03565323,0.0,0.10491987317800522
Z03,2025-09-23 18:00:00,0,0.04979033,0.0,0.11905697360634804
Z04,2025-09-23 18:00:00,0,0.030833313,0.0,0.1000999566167593
Z05,2025-09-23 18:00:00,0,0.29027608,0.0,0.588149756193161
Z06,2025-09-23 18:00:00,0,0.039762992,0.0,0.10902963578701019
Z07,2025-09-23 18:00:00,0,0.10221853,0.0,0.29636320620775225
Z08,2025-09-23 18:00:00,0,0.78730214,0.0012101531028747559,1.0
Z09,2025-09-23 18:00:00,0,0.075433284,0.006166640669107437,0.14469992741942406
Z10,2025-09-23 18:00:00,0,0.080334514,0.011067871004343033,0.14960115775465965
Z01,2025-09-23 19:00:00,0,0.91004884,0.8252574086189269,0.9948402762413026
Z02,2025-09-23 19:00:00,1,0.9839002,0.8991087555885314,1.0
Z03,2025-09-23 19:00:00,1,0.9391336,0.8543421506881713,1.0
Z04,2025-09-23 19:00:00,1,0.97515965,0.8903682112693786,1.0
Z05,2025-09-23 19:00:00,1,0.98221487,0.8974234342575073,1.0
Z06,2025-09-23 19:00:00,1,0.8018362,0.0,1.0
Z07,2025-09-23 19:00:00,0,0.7759547,0.0,1.0
Z08,2025-09-23 19:00:00,1,0.81370425,0.0,1.0
Z09,2025-09-23 19:00:00,0,0.9533855,0.8685940384864806,1.0
Z10,2025-09-23 19:00:00,1,0.92831296,0.8435215234756469,1.0
Z01,2025-09-23 20:00:00,1,0.9676283,0.8828368663787841,1.0
Z02,2025-09-23 20:00:00,0,0.89674777,0.024515414237976096,1.0
Z03,2025-09-23 20:00:00,1,0.8731957,0.0009633541107177956,1.0
Z04,2025-09-23 20:00:00,1,0.95034426,0.8655528306961059,1.0
Z05,2025-09-23 20:00:00,0,0.5136175,0.0,1.0
Z06,2025-09-23 20:00:00,0,0.791035,0.0049430131912231445,1.0
Z07,2025-09-23 20:00:00,1,0.98516476,0.9003733277320861,1.0
Z08,2025-09-23 20:00:00,1,0.98962504,0.9048336029052734,1.0
Z09,2025-09-23 20:00:00,1,0.9758656,0.8910741686820983,1.0
Z10,2025-09-23 20:00:00,0,0.7356149,0.0,1.0
Z01,2025-09-23 21:00:00,0,0.118438974,0.0,0.3125836491584778
Z02,2025-09-23 21:00:00,0,0.3235431,0.0,0.9437236964702606
Z03,2025-09-23 21:00:00,0,0.3927212,0.0,1.0
Z04,2025-09-23 21:00:00,0,0.16231413,0.0,0.35645880699157717
Z05,2025-09-23 21:00:00,1,0.8593858,0.0,1.0
Z06,2025-09-23 21:00:00,1,0.85952675,0.0,1.0
Z07,2025-09-23 21:00:00,0,0.70056266,0.0,1.0
Z08,2025-09-23 21:00:00,1,0.62781453,0.0,1.0
Z09,2025-09-23 21:00:00,0,0.37357837,0.0,0.9937589645385742
Z10,2025-09-23 21:00:00,0,0.41254997,0.0,0.9660163104534149
Z01,2025-09-23 22:00:00,1,0.46814495,0.0,1.0
Z02,2025-09-23 22:00:00,0,0.041049227,0.0,0.11031587049365044
Z03,2025-09-23 22:00:00,0,0.53845584,0.0,1.0
Z04,2025-09-23 22:00:00,0,0.14682217,0.0,0.34096684455871584
Z05,2025-09-23 22:00:00,0,0.10948472,0.0,0.3036293923854828
Z06,2025-09-23 22:00:00,1,0.9729487,0.8881572365760803,1.0
Z07,2025-09-23 22:00:00,0,0.8626048,0.0,1.0
Z08,2025-09-23 22:00:00,0,0.2198466,0.0,0.5177202820777893
Z09,2025-09-23 22:00:00,0,0.21551599,0.0,0.5133896619081497
Z10,2025-09-23 22:00:00,0,0.047263842,0.0,0.11653048545122147
Z01,2025-09-23 23:00:00,0,0.014361193,0.0,0.08362783677875996
Z02,2025-09-23 23:00:00,0,0.0098166885,0.0,0.0790833318606019
Z03,2025-09-23 23:00:00,0,0.009546541,0.0,0.07881318405270576
Z04,2025-09-23 23:00:00,0,0.009433344,0.0,0.0786999873816967
Z05,2025-09-23 23:00:00,0,0.016508726,0.0,0.08577536977827549
Z06,2025-09-23 23:00:00,0,0.009474631,0.0,0.07874127477407455
Z07,2025-09-23 23:00:00,0,0.010355078,0.0,0.07962172105908394
Z08,2025-09-23 23:00:00,0,0.017108452,0.0,0.08637509495019913
Z09,2025-09-23 23:00:00,0,0.009118401,0.0,0.07838504482060671
Z10,2025-09-23 23:00:00,0,0.009664756,0.0,0.07893139962106943
Z01,2025-09-24 00:00:00,0,0.06688526,0.0,0.13615190610289574
Z02,2025-09-24 00:00:00,0,0.029709153,0.0,0.09897579625248909
Z03,2025-09-24 00:00:00,0,0.016501721,0.0,0.08576836436986923
Z04,2025-09-24 00:00:00,0,0.015245178,0.0,0.0845118211582303
Z05,2025-09-24 00:00:00,0,0.02234636,0.0,0.09161300398409367
Z06,2025-09-24 00:00:00,0,0.01129541,0.0,0.08056205324828625
Z07,2025-09-24 00:00:00,0,0.02531337,0.0,0.0945800133049488
Z08,2025-09-24 00:00:00,0,0.011105427,0.0,0.08037206996232271
Z09,2025-09-24 00:00:00,0,0.067795746,0.0,0.13706238940358162
Z10,2025-09-24 00:00:00,0,0.025463386,0.0,0.09473002888262272
Z01,2025-09-24 01:00:00,0,0.07227702,0.0030103735625743866,0.141543660312891
Z02,2025-09-24 01:00:00,0,0.07483342,0.005566779524087906,0.14410006627440453
Z03,2025-09-24 01:00:00,0,0.010636005,0.0,0.07990264799445868
Z04,2025-09-24 01:00:00,0,0.012187667,0.0,0.0814543105661869
Z05,2025-09-24 01:00:00,0,0.07333686,0.004070218652486801,0.14260350540280342
Z06,2025-09-24 01:00:00,0,0.03192053,0.0,0.10118717327713966
Z07,2025-09-24 01:00:00,0,0.21526976,0.0,0.5131434351205826
Z08,2025-09-24 01:00:00,0,0.009415152,0.0,0.07868179492652416
Z09,2025-09-24 01:00:00,0,0.030687904,0.0,0.09995454736053944
Z10,2025-09-24 01:00:00,0,0.011525846,0.0,0.08079248946160078
Z01,2025-09-24 02:00:00,0,0.057646967,0.0,0.12691361084580421
Z02,2025-09-24 02:00:00,0,0.010798694,0.0,0.08006533700972795
Z03,2025-09-24 02:00:00,0,0.017286044,0.0,0.0865526869893074
Z04,2025-09-24 02:00:00,0,0.034597035,0.0,0.1038636788725853
Z05,2025-09-24 02:00:00,0,0.04850122,0.0,0.11776786297559738
Z06,2025-09-24 02:00:00,0,0.06796887,0.0,0.13723551109433174
Z07,2025-09-24 02:00:00,0,0.059682496,0.0,0.1289491392672062
Z08,2025-09-24 02:00:00,0,0.03494509,0.0,0.1042117327451706
Z09,2025-09-24 02:00:00,0,0.011186931,0.0,0.08045357465744019
Z10,2025-09-24 02:00:00,0,0.023732701,0.0,0.09299934469163418
Z01,2025-09-24 03:00:00,0,0.02223053,0.0,0.09149717353284359
Z02,2025-09-24 03:00:00,0,0.01059089,0.0,0.07985753379762173
Z03,2025-09-24 03:00:00,1,0.01445461,0.0,0.08372125308960676
Z04,2025-09-24 03:00:00,0,0.011130659,0.0,0.08039730228483677
Z05,2025-09-24 03:00:00,0,0.079129696,0.009863052517175674,0.1483963392674923
Z06,2025-09-24 03:00:00,0,0.027693288,0.0,0.09695993177592754
Z07,2025-09-24 03:00:00,0,0.056363624,0.0,0.12563026696443558
Z08,2025-09-24 03:00:00,0,0.058959305,0.0,0.12822594866156578
Z09,2025-09-24 03:00:00,0,0.031306326,0.0,0.10057296976447105
Z10,2025-09-24 03:00:00,0,0.012373023,0.0,0.08163966611027718
Z01,2025-09-24 04:00:00,0,0.021778435,0.0,0.0910450778901577
Z02,2025-09-24 04:00:00,0,0.0114509165,0.0,0.08071755990386009
Z03,2025-09-24 04:00:00,0,0.016639367,0.0,0.0859060101211071
Z04,2025-09-24 04:00:00,0,0.0274283,0.0,0.0966949425637722
Z05,2025-09-24 04:00:00,0,0.022097012,0.0,0.09136365540325642
Z06,2025-09-24 04:00:00,0,0.028169772,0.0,0.09743641503155231
Z07,2025-09-24 04:00:00,0,0.21350026,0.0,0.5113739371299744
Z08,2025-09-24 04:00:00,0,0.012284436,0.0,0.08155107963830233
Z09,2025-09-24 04:00:00,0,0.010751567,0.0,0.08001821022480726
Z10,2025-09-24 04:00:00,0,0.011732398,0.0,0.08099904097616673
Z01,2025-09-24 05:00:00,0,0.0763309,0.007064256817102432,0.14559754356741905
Z02,2025-09-24 05:00:00,0,0.031230418,0.0,0.10049706138670444
Z03,2025-09-24 05:00:00,0,0.012308575,0.0,0.08157521858811378
Z04,2025-09-24 05:00:00,0,0.029127425,0.0,0.09839406795799732
Z05,2025-09-24 05:00:00,0,0.023259083,0.0,0.09252572618424892
Z06,2025-09-24 05:00:00,0,0.029017529,0.0,0.0982841718941927
Z07,2025-09-24 05:00:00,0,0.068020225,0.0,0.13728686794638634
Z08,2025-09-24 05:00:00,0,0.029439857,0.0,0.09870650060474873
Z09,2025-09-24 05:00:00,0,0.07227025,0.0030036084353923798,0.141536895185709
Z10,2025-09-24 05:00:00,0,0.063118935,0.0,0.13238557800650597
Z01,2025-09-24 06:00:00,0,0.010477275,0.0,0.07974391803145409
Z02,2025-09-24 06:00:00,0,0.014367892,0.0,0.08363453578203917
Z03,2025-09-24 06:00:00,0,0.008881549,0.0,0.07814819272607565
Z04,2025-09-24 06:00:00,0,0.008796488,0.0,0.07806313131004572
Z05,2025-09-24 06:00:00,0,0.009807914,0.0,0.07907455693930387
Z06,2025-09-24 06:00:00,0,0.0130335735,0.0,0.08230021689087152
Z07,2025-09-24 06:00:00,0,0.015235059,0.0,0.08450170233845711
Z08,2025-09-24 06:00:00,0,0.016727582,0.0,0.08599422499537468
Z09,2025-09-24 06:00:00,0,0.009292797,0.0,0.0785594405606389
Z10,2025-09-24 06:00:00,0,0.009653613,0.0,0.07892025634646416
Z01,2025-09-24 07:00:00,0,0.014076155,0.0,0.08334279805421829
Z02,2025-09-24 07:00:00,0,0.02620416,0.0,0.09547080285847187
Z03,2025-09-24 07:00:00,0,0.009439357,0.0,0.07870600000023842
Z04,2025-09-24 07:00:00,0,0.02296142,0.0,0.09222806245088577
Z05,2025-09-24 07:00:00,0,0.05919126,0.0,0.1284579038619995
Z06,2025-09-24 07:00:00,0,0.009234893,0.0,0.07850153651088476
Z07,2025-09-24 07:00:00,0,0.009910862,0.0,0.07917750533670187
Z08,2025-09-24 07:00:00,0,0.21700932,0.0,0.5148829966783524
Z09,2025-09-24 07:00:00,0,0.016047614,0.0,0.08531425707042217
Z10,2025-09-24 07:00:00,0,0.013887247,0.0,0.08315389044582844
Z01,2025-09-24 08:00:00,0,0.41542774,0.0,0.9688940823078155
Z02,2025-09-24 08:00:00,0,0.10076839,0.0,0.29491306245327
Z03,2025-09-24 08:00:00,1,0.6469076,0.0,1.0
Z04,2025-09-24 08:00:00,0,0.10175461,0.0,0.2958992883563042
Z05,2025-09-24 08:00:00,0,0.31617022,0.0,0.9363508105278014
Z06,2025-09-24 08:00:00,0,0.64003664,0.0,1.0
Z07,2025-09-24 08:00:00,1,0.94373304,0.8589416027069091,1.0
Z08,2025-09-24 08:00:00,0,0.15333486,0.0,0.3474795311689377
Z09,2025-09-24 08:00:00,1,0.26174116,0.0,0.5596148371696472
Z10,2025-09-24 08:00:00,0,0.1918222,0.0,0.3859668761491776
Z01,2025-09-24 09:00:00,1,0.76520306,0.0,1.0
Z02,2025-09-24 09:00:00,0,0.6150929,0.0,1.0
Z03,2025-09-24 09:00:00,0,0.030901197,0.0,0.10016784071922302
Z04,2025-09-24 09:00:00,0,0.45446044,0.0,1.0
Z05,2025-09-24 09:00:00,0,0.2656433,0.0,0.5635169744491577
Z06,2025-09-24 09:00:00,1,0.43055826,0.0,0.9840246021747588
Z07,2025-09-24 09:00:00,0,0.10307496,0.0,0.29721963554620745
Z08,2025-09-24 09:00:00,0,0.029015029,0.0,0.09828167222440243
Z09,2025-09-24 09:00:00,0,0.6601444,0.0,1.0
Z10,2025-09-24 09:00:00,0,0.9619219,0.8771304368972778,1.0
Z01,2025-09-24 10:00:00,0,0.10237978,0.0,0.2965244516730309
Z02,2025-09-24 10:00:00,0,0.07164005,0.0023734085261821747,0.1409066952764988
Z03,2025-09-24 10:00:00,0,0.038200773,0.0,0.1074674166738987
Z04,2025-09-24 10:00:00,0,0.025967197,0.0,0.095233840867877
Z05,2025-09-24 10:00:00,0,0.075619794,0.006353151053190231,0.14488643780350685
Z06,2025-09-24 10:00:00,0,0.034652486,0.0,0.1039191298186779
Z07,2025-09-24 10:00:00,0,0.22034578,0.0,0.518219456076622
Z08,2025-09-24 10:00:00,0,0.05361971,0.0,0.12288635224103928
Z09,2025-09-24 10:00:00,0,0.063896835,0.0,0.1331634782254696
Z10,2025-09-24 10:00:00,0,0.05109426,0.0,0.12036090344190598
Z01,2025-09-24 11:00:00,0,0.012792066,0.0,0.08205870911478996
Z02,2025-09-24 11:00:00,0,0.00964067,0.0,0.07890731375664473
Z03,2025-09-24 11:00:00,0,0.010120557,0.0,0.07938720006495714
Z04,2025-09-24 11:00:00,0,0.017223977,0.0,0.08649061992764473
Z05,2025-09-24 11:00:00,0,0.010011165,0.0,0.07927780877798796
Z06,2025-09-24 11:00:00,0,0.011875241,0.0,0.08114188443869352
Z07,2025-09-24 11:00:00,0,0.0109971855,0.0,0.08026382885873318
Z08,2025-09-24 11:00:00,0,0.009065779,0.0,0.07833242230117321
Z09,2025-09-24 11:00:00,0,0.008830336,0.0,0.07809697929769754
Z10,2025-09-24 11:00:00,0,0.009766918,0.0,0.07903356105089188
Z01,2025-09-24 12:00:00,1,0.31939012,0.0,0.9395707130432128
Z02,2025-09-24 12:00:00,0,0.13106821,0.0,0.3252128899097443
Z03,2025-09-24 12:00:00,0,0.21425803,0.0,0.5121317058801651
Z04,2025-09-24 12:00:00,0,0.13485742,0.0,0.3290020912885666
Z05,2025-09-24 12:00:00,0,0.018619236,0.0,0.08788587898015976
Z06,2025-09-24 12:00:00,0,0.03656797,0.0,0.10583461448550224
Z07,2025-09-24 12:00:00,1,0.05685307,0.0,0.126119714230299
Z08,2025-09-24 12:00:00,1,0.21467382,0.0,0.512547492980957
Z09,2025-09-24 12:00:00,0,0.014850507,0.0,0.08411714993417263
Z10,2025-09-24 12:00:00,0,0.05124329,0.0,0.12050993368029594
Z01,2025-09-24 13:00:00,0,0.23090386,0.0,0.528777539730072
Z02,2025-09-24 13:00:00,0,0.31836876,0.0,0.9385493576526641
Z03,2025-09-24 13:00:00,0,0.13336095,0.0,0.32750562727451327
Z04,2025-09-24 13:00:00,1,0.8320015,0.0,1.0
Z05,2025-09-24 13:00:00,0,0.46876255,0.0,1.0
Z06,2025-09-24 13:00:00,0,0.402058,0.0,0.9555243432521819
Z07,2025-09-24 13:00:00,0,0.6949916,0.016111469268798806,1.0
Z08,2025-09-24 13:00:00,0,0.47616208,0.0,1.0
Z09,2025-09-24 13:00:00,0,0.051456235,0.0,0.12072287872433662
Z10,2025-09-24 13:00:00,0,0.18583801,0.0,0.3799826890230179
Z01,2025-09-24 14:00:00,0,0.030132176,0.0,0.09939881972968578
Z02,2025-09-24 14:00:00,0,0.1407645,0.0,0.3349091798067093
Z03,2025-09-24 14:00:00,0,0.4968584,0.0,1.0
Z04,2025-09-24 14:00:00,0,0.21683045,0.0,0.5147041231393814
Z05,2025-09-24 14:00:00,0,0.08271874,0.013452094048261642,0.15198538079857826
Z06,2025-09-24 14:00:00,0,0.22751497,0.0,0.5253886431455612
Z07,2025-09-24 14:00:00,0,0.5792839,0.0,1.0
Z08,2025-09-24 14:00:00,1,0.39997226,0.0,1.0
Z09,2025-09-24 14:00:00,1,0.85708755,0.0,1.0
Z10,2025-09-24 14:00:00,0,0.24020681,0.0,0.538080483675003
Z01,2025-09-24 15:00:00,0,0.0112358695,0.0,0.0805025128647685
Z02,2025-09-24 15:00:00,0,0.009859874,0.0,0.07912651728838682
Z03,2025-09-24 15:00:00,0,0.008972801,0.0,0.07823944464325905
Z04,2025-09-24 15:00:00,0,0.0141435275,0.0,0.08341017086058855
Z05,2025-09-24 15:00:00,0,0.0105297165,0.0,0.07979635987430811
Z06,2025-09-24 15:00:00,0,0.009477934,0.0,0.07874457724392414
Z07,2025-09-24 15:00:00,0,0.010153437,0.0,0.07942008040845394
Z08,2025-09-24 15:00:00,0,0.0094707655,0.0,0.07873740885406733
Z09,2025-09-24 15:00:00,0,0.008887306,0.0,0.07815394923090935
Z10,2025-09-24 15:00:00,0,0.0087157665,0.0,0.0779824098572135
Z01,2025-09-24 16:00:00,0,0.010191915,0.0,0.07945855800062418
Z02,2025-09-24 16:00:00,0,0.015432447,0.0,0.08469909057021141
Z03,2025-09-24 16:00:00,0,0.00983357,0.0,0.07910021301358938
Z04,2025-09-24 16:00:00,0,0.015278681,0.0,0.08454532455652952
Z05,2025-09-24 16:00:00,0,0.010107853,0.0,0.07937449682503939
Z06,2025-09-24 16:00:00,0,0.009289181,0.0,0.07855582423508167
Z07,2025-09-24 16:00:00,0,0.009354481,0.0,0.07862112391740084
Z08,2025-09-24 16:00:00,0,0.009117234,0.0,0.07838387694209814
Z09,2025-09-24 16:00:00,0,0.02013199,0.0,0.08939863368868828
Z10,2025-09-24 16:00:00,0,0.009493297,0.0,0.078759940341115
Z01,2025-09-24 17:00:00,0,0.040435705,0.0,0.10970234870910645
Z02,2025-09-24 17:00:00,0,0.04451938,0.0,0.11378602311015129
Z03,2025-09-24 17:00:00,0,0.047756534,0.0,0.11702317744493484
Z04,2025-09-24 17:00:00,0,0.56168675,0.0,1.0
Z05,2025-09-24 17:00:00,0,0.06890613,0.0,0.13817277178168297
Z06,2025-09-24 17:00:00,0,0.122501,0.0,0.3166456758975983
Z07,2025-09-24 17:00:00,0,0.11582248,0.0,0.3099671542644501
Z08,2025-09-24 17:00:00,0,0.09544837,0.026181723922491074,0.1647150106728077
Z09,2025-09-24 17:00:00,0,0.43065438,0.0,0.9841207146644592
Z10,2025-09-24 17:00:00,0,0.09137689,0.02211024984717369,0.1606435365974903
Z01,2025-09-24 18:00:00,0,0.05328204,0.0,0.12254868447780609
Z02,2025-09-24 18:00:00,0,0.055982213,0.0,0.12524885684251785
Z03,2025-09-24 18:00:00,0,0.06798636,0.0,0.13725300505757332
Z04,2025-09-24 18:00:00,0,0.11723986,0.0,0.3113845378160477
Z05,2025-09-24 18:00:00,0,0.10028441,0.0,0.294429087638855
Z06,2025-09-24 18:00:00,0,0.047138914,0.0,0.11640555784106255
Z07,2025-09-24 18:00:00,0,0.08274788,0.013481233268976212,0.15201452001929283
Z08,2025-09-24 18:00:00,0,0.04107092,0.0,0.11033756285905838
Z09,2025-09-24 18:00:00,0,0.10300248,0.0,0.2971471562981606
Z10,2025-09-24 18:00:00,0,0.05469969,0.0,0.12396633252501488
Z01,2025-09-24 19:00:00,0,0.76958525,0.0,1.0
Z02,2025-09-24 19:00:00,1,0.9773377,0.8925462841987609,1.0
Z03,2025-09-24 19:00:00,1,0.7865579,0.0004659295082092285,1.0
Z04,2025-09-24 19:00:00,1,0.9419418,0.8571503639221191,1.0
Z05,2025-09-24 19:00:00,1,0.70858467,0.0,1.0
Z06,2025-09-24 19:00:00,1,0.9897975,0.9050060391426086,1.0
Z07,2025-09-24 19:00:00,1,0.8896229,0.017390573024749778,1.0
Z08,2025-09-24 19:00:00,1,0.79771096,0.011618971824645996,1.0
Z09,2025-09-24 19:00:00,0,0.11698231,0.0,0.31112698614597323
Z10,2025-09-24 19:00:00,1,0.9721887,0.887397277355194,1.0
Z01,2025-09-24 20:00:00,1,0.91237587,0.827584433555603,0.9971673011779786
Z02,2025-09-24 20:00:00,1,0.9559393,0.871147859096527,1.0
Z03,2025-09-24 20:00:00,0,0.6484216,0.0,1.0
Z04,2025-09-24 20:00:00,1,0.9838194,0.8990279912948608,1.0
Z05,2025-09-24 20:00:00,1,0.71390843,0.0,1.0
Z06,2025-09-24 20:00:00,1,0.95811325,0.8733218193054199,1.0
Z07,2025-09-24 20:00:00,1,0.91652393,0.8317324995994567,1.0
Z08,2025-09-24 20:00:00,0,0.9643731,0.8795816779136657,1.0
Z09,2025-09-24 20:00:00,1,0.953085,0.8682935714721679,1.0
Z10,2025-09-24 20:00:00,1,0.8243552,0.0,1.0
Z01,2025-09-24 21:00:00,0,0.4582742,0.0,1.0
Z02,2025-09-24 21:00:00,0,0.06825816,0.0,0.1375248022377491
Z03,2025-09-24 21:00:00,1,0.8871149,0.014882528781890891,1.0
Z04,2025-09-24 21:00:00,0,0.7587669,0.0,1.0
Z05,2025-09-24 21:00:00,1,0.67996746,0.0010873436927795188,1.0
Z06,2025-09-24 21:00:00,1,0.90935016,0.8245587229728698,0.9941415905952454
Z07,2025-09-24 21:00:00,0,0.4287423,0.0,0.982208627462387
Z08,2025-09-24 21:00:00,0,0.22172095,0.0,0.5195946246385574
Z09,2025-09-24 21:00:00,0,0.64398354,0.0,1.0
Z10,2025-09-24 21:00:00,0,0.6551548,0.0,1.0
Z01,2025-09-24 22:00:00,1,0.9183985,0.8336070656776428,1.0
Z02,2025-09-24 22:00:00,0,0.39189836,0.0,1.0
Z03,2025-09-24 22:00:00,0,0.3773935,0.0,0.997574108839035
Z04,2025-09-24 22:00:00,0,0.07282731,0.0035606659948825836,0.1420939527451992
Z05,2025-09-24 22:00:00,1,0.9049162,0.8201247930526733,0.9897076606750489
Z06,2025-09-24 22:00:00,1,0.7792124,0.0,1.0
Z07,2025-09-24 22:00:00,0,0.37002143,0.0,0.9902020275592803
Z08,2025-09-24 22:00:00,0,0.1670566,0.0,0.3612012803554535
Z09,2025-09-24 22:00:00,1,0.8550219,0.0,1.0
Z10,2025-09-24 22:00:00,1,0.7706072,0.0,1.0
Z01,2025-09-24 23:00:00,0,0.009268512,0.0,0.07853515539318323
Z02,2025-09-24 23:00:00,0,0.01904379,0.0,0.08831043355166912
Z03,2025-09-24 23:00:00,0,0.009605369,0.0,0.07887201197445393
Z04,2025-09-24 23:00:00,0,0.009073497,0.0,0.07834014017134905
Z05,2025-09-24 23:00:00,0,0.009257258,0.0,0.07852390129119158
Z06,2025-09-24 23:00:00,0,0.008927001,0.0,0.07819364406168461
Z07,2025-09-24 23:00:00,0,0.010012629,0.0,0.07927927281707525
Z08,2025-09-24 23:00:00,0,0.009250909,0.0,0.07851755246520042
Z09,2025-09-24 23:00:00,0,0.00869513,0.0,0.07796177361160517
Z10,2025-09-24 23:00:00,0,0.009265939,0.0,0.07853258214890957
Z01,2025-09-25 00:00:00,0,0.02291608,0.0,0.09218272380530834
Z02,2025-09-25 00:00:00,0,0.014302538,0.0,0.0835691811516881
Z03,2025-09-25 00:00:00,0,0.016341062,0.0,0.08560770563781261
Z04,2025-09-25 00:00:00,0,0.013675385,0.0,0.08294202852994204
Z05,2025-09-25 00:00:00,0,0.023342516,0.0,0.09260915964841843
Z06,2025-09-25 00:00:00,0,0.0772094,0.00794275477528572,0.14647604152560234
Z07,2025-09-25 00:00:00,0,0.02383266,0.0,0.09309930354356766
Z08,2025-09-25 00:00:00,0,0.032819,0.0,0.102085642516613
Z09,2025-09-25 00:00:00,0,0.011416073,0.0,0.080682716332376
Z10,2025-09-25 00:00:00,0,0.059287835,0.0,0.12855447828769684
Z01,2025-09-25 01:00:00,0,0.02320864,0.0,0.0924752838909626
Z02,2025-09-25 01:00:00,0,0.027417986,0.0,0.09668462909758091
Z03,2025-09-25 01:00:00,0,0.01298559,0.0,0.08225223328918219
Z04,2025-09-25 01:00:00,0,0.011914303,0.0,0.08118094597011805
Z05,2025-09-25 01:00:00,0,0.07096529,0.0016986466944217682,0.1402319334447384
Z06,2025-09-25 01:00:00,0,0.053853363,0.0,0.1231200061738491
Z07,2025-09-25 01:00:00,0,0.024925878,0.0,0.09419252164661884
Z08,2025-09-25 01:00:00,0,0.010529001,0.0,0.0797956446185708
Z09,2025-09-25 01:00:00,0,0.027282164,0.0,0.09654880687594414
Z10,2025-09-25 01:00:00,0,0.026299125,0.0,0.09556576795876026
Z01,2025-09-25 02:00:00,0,0.028067393,0.0,0.09733403660356998
Z02,2025-09-25 02:00:00,0,0.011352457,0.0,0.08061910048127174
Z03,2025-09-25 02:00:00,0,0.014003021,0.0,0.08326966408640146
Z04,2025-09-25 02:00:00,0,0.03122302,0.0,0.1004896629601717
Z05,2025-09-25 02:00:00,0,0.0703549,0.0010882578790187836,0.1396215446293354
Z06,2025-09-25 02:00:00,0,0.011336964,0.0,0.08060360699892044
Z07,2025-09-25 02:00:00,0,0.07222394,0.0029572956264019012,0.14149058237671852
Z08,2025-09-25 02:00:00,0,0.02809635,0.0,0.09736299328505993
Z09,2025-09-25 02:00:00,0,0.0984219,0.02915525808930397,0.1676885448396206
Z10,2025-09-25 02:00:00,0,0.021968074,0.0,0.0912347175180912
Z01,2025-09-25 03:00:00,0,0.021602191,0.0,0.09086883440613747
Z02,2025-09-25 03:00:00,0,0.014529297,0.0,0.08379594050347805
Z03,2025-09-25 03:00:00,0,0.0103883045,0.0,0.0796549478545785
Z04,2025-09-25 03:00:00,0,0.010989466,0.0,0.08025610912591219
Z05,2025-09-25 03:00:00,0,0.1442123,0.0,0.3383569806814194
Z06,2025-09-25 03:00:00,0,0.018782431,0.0,0.08804907463490963
Z07,2025-09-25 03:00:00,0,0.060890015,0.0,0.13015665858983994
Z08,2025-09-25 03:00:00,0,0.049327664,0.0,0.11859430745244026
Z09,2025-09-25 03:00:00,0,0.011524433,0.0,0.08079107664525509
Z10,2025-09-25 03:00:00,0,0.023641381,0.0,0.09290802478790283
Z01,2025-09-25 04:00:00,0,0.028675187,0.0,0.09794183075428009
Z02,2025-09-25 04:00:00,0,0.04346194,0.0,0.11272858455777168
Z03,2025-09-25 04:00:00,0,0.010021747,0.0,0.07928839046508074
Z04,2025-09-25 04:00:00,0,0.010203052,0.0,0.079469695687294
Z05,2025-09-25 04:00:00,0,0.024147209,0.0,0.09341385215520859
Z06,2025-09-25 04:00:00,0,0.029472861,0.0,0.09873950481414795
Z07,2025-09-25 04:00:00,0,0.08700988,0.01774323359131813,0.15627652034163475
Z08,2025-09-25 04:00:00,0,0.011969728,0.0,0.08123637177050114
Z09,2025-09-25 04:00:00,0,0.054481708,0.0,0.12374835088849068
Z10,2025-09-25 04:00:00,0,0.07608976,0.0068231187760829926,0.1453564055263996
Z01,2025-09-25 05:00:00,0,0.024736669,0.0,0.09400331228971481
Z02,2025-09-25 05:00:00,0,0.013618075,0.0,0.0828847186639905
Z03,2025-09-25 05:00:00,0,0.013193301,0.0,0.08245994430035353
Z04,2025-09-25 05:00:00,0,0.027640637,0.0,0.09690728038549423
Z05,2025-09-25 05:00:00,0,0.071337305,0.002070661634206772,0.1406039483845234
Z06,2025-09-25 05:00:00,0,0.011289713,0.0,0.08055635634809732
Z07,2025-09-25 05:00:00,0,0.076904625,0.007637981325387955,0.14617126807570457
Z08,2025-09-25 05:00:00,0,0.058210712,0.0,0.12747735530138016
Z09,2025-09-25 05:00:00,0,0.035595383,0.0,0.1048620268702507
Z10,2025-09-25 05:00:00,0,0.020712322,0.0,0.08997896499931812
Z01,2025-09-25 06:00:00,0,0.008837041,0.0,0.07810368482023478
Z02,2025-09-25 06:00:00,0,0.008707832,0.0,0.07797447498887777
Z03,2025-09-25 06:00:00,0,0.008798816,0.0,0.07806545961648226
Z04,2025-09-25 06:00:00,0,0.008922491,0.0,0.07818913459777832
Z05,2025-09-25 06:00:00,0,0.009173119,0.0,0.07843976281583309
Z06,2025-09-25 06:00:00,0,0.010597238,0.0,0.0798638816922903
Z07,2025-09-25 06:00:00,0,0.013510676,0.0,0.08277731947600842
Z08,2025-09-25 06:00:00,0,0.00905752,0.0,0.07832416333258152
Z09,2025-09-25 06:00:00,0,0.008614118,0.0,0.07788076158612967
Z10,2025-09-25 06:00:00,0,0.012883963,0.0,0.08215060643851757
Z01,2025-09-25 07:00:00,0,0.10130153,0.0,0.29544620364904406
Z02,2025-09-25 07:00:00,0,0.46448168,0.0,1.0
Z03,2025-09-25 07:00:00,0,0.039475296,0.0,0.10874193906784058
Z04,2025-09-25 07:00:00,0,0.32684273,0.0,0.947023320198059
Z05,2025-09-25 07:00:00,0,0.01948573,0.0,0.0887523740530014
Z06,2025-09-25 07:00:00,0,0.02306565,0.0,0.09233229421079159
Z07,2025-09-25 07:00:00,0,0.017285775,0.0,0.08655241876840591
Z08,2025-09-25 07:00:00,0,0.031706844,0.0,0.10097348690032959
Z09,2025-09-25 07:00:00,0,0.021564385,0.0,0.09083102829754353
Z10,2025-09-25 07:00:00,0,0.112468116,0.0,0.30661279112100603
Z01,2025-09-25 08:00:00,1,0.2841506,0.0,0.5820242762565613
Z02,2025-09-25 08:00:00,0,0.28885633,0.0,0.5867300033569336
Z03,2025-09-25 08:00:00,0,0.04443856,0.0,0.11370520293712616
Z04,2025-09-25 08:00:00,0,0.0722377,0.0029710568487644196,0.14150434359908104
Z05,2025-09-25 08:00:00,0,0.3897843,0.0,1.0
Z06,2025-09-25 08:00:00,0,0.42119816,0.0,0.9746644973754882
Z07,2025-09-25 08:00:00,1,0.20216218,0.0,0.5000358521938324
Z08,2025-09-25 08:00:00,0,0.23830917,0.0,0.5361828505992889
Z09,2025-09-25 08:00:00,0,0.13131242,0.0,0.32545709013938906
Z10,2025-09-25 08:00:00,0,0.3429967,0.0,0.9631772816181182
Z01,2025-09-25 09:00:00,0,0.66419053,0.0,1.0
Z02,2025-09-25 09:00:00,0,0.026477657,0.0,0.0957443006336689
Z03,2025-09-25 09:00:00,0,0.27145088,0.0,0.5693245530128479
Z04,2025-09-25 09:00:00,0,0.2916603,0.0,0.5895339846611023
Z05,2025-09-25 09:00:00,0,0.07434903,0.0050823874771595,0.14361567422747612
Z06,2025-09-25 09:00:00,0,0.6428579,0.0,1.0
Z07,2025-09-25 09:00:00,0,0.16435428,0.0,0.35849895477294924
Z08,2025-09-25 09:00:00,0,0.056961797,0.0,0.1262284405529499
Z09,2025-09-25 09:00:00,0,0.14455865,0.0,0.338703328371048
Z10,2025-09-25 09:00:00,0,0.6500225,0.0,1.0
Z01,2025-09-25 10:00:00,0,0.07145921,0.0021925680339336395,0.14072585478425026
Z02,2025-09-25 10:00:00,0,0.028094305,0.0,0.09736094810068607
Z03,2025-09-25 10:00:00,0,0.034201134,0.0,0.10346777737140656
Z04,2025-09-25 10:00:00,0,0.08593303,0.016666386276483536,0.15519967302680016
Z05,2025-09-25 10:00:00,1,0.3342554,0.0,0.9544359922409057
Z06,2025-09-25 10:00:00,0,0.20855175,0.0,0.5064254254102707
Z07,2025-09-25 10:00:00,0,0.02506781,0.0,0.09433445334434509
Z08,2025-09-25 10:00:00,0,0.037029564,0.0,0.10629620775580406
Z09,2025-09-25 10:00:00,0,0.15654726,0.0,0.3506919384002686
Z10,2025-09-25 10:00:00,0,0.087439224,0.018172580748796463,0.15670586749911308
Z01,2025-09-25 11:00:00,0,0.008988979,0.0,0.0782556226477027
Z02,2025-09-25 11:00:00,0,0.009061201,0.0,0.0783278439193964
Z03,2025-09-25 11:00:00,0,0.009402303,0.0,0.07866894640028477
Z04,2025-09-25 11:00:00,0,0.009107564,0.0,0.07837420701980591
Z05,2025-09-25 11:00:00,0,0.009654429,0.0,0.07892107218503952
Z06,2025-09-25 11:00:00,0,0.008627918,0.0,0.07789456099271774
Z07,2025-09-25 11:00:00,0,0.009840797,0.0,0.0791074400767684
Z08,2025-09-25 11:00:00,0,0.009699939,0.0,0.07896658219397068
Z09,2025-09-25 11:00:00,0,0.008786082,0.0,0.07805272564291954
Z10,2025-09-25 11:00:00,0,0.009554642,0.0,0.07882128562778234
Z01,2025-09-25 12:00:00,0,0.060133196,0.0,0.1293998397886753
Z02,2025-09-25 12:00:00,0,0.07930964,0.010042998939752579,0.1485762856900692
Z03,2025-09-25 12:00:00,0,0.036830958,0.0,0.10609760135412216
Z04,2025-09-25 12:00:00,0,0.41275823,0.0,0.9662245690822601
Z05,2025-09-25 12:00:00,0,0.27228552,0.0,0.5701591968536377
Z06,2025-09-25 12:00:00,0,0.099694274,0.030427630990743637,0.16896091774106026
Z07,2025-09-25 12:00:00,0,0.71733755,0.0,1.0
Z08,2025-09-25 12:00:00,0,0.48224425,0.0,1.0
Z09,2025-09-25 12:00:00,1,0.3186444,0.0,0.9388249993324279
Z10,2025-09-25 12:00:00,0,0.030456433,0.0,0.0997230764478445
Z01,2025-09-25 13:00:00,0,0.014548877,0.0,0.08381552062928677
Z02,2025-09-25 13:00:00,0,0.2404496,0.0,0.5383232831954956
Z03,2025-09-25 13:00:00,0,0.244055,0.0,0.5419286787509918
Z04,2025-09-25 13:00:00,0,0.8333738,0.0,1.0
Z05,2025-09-25 13:00:00,0,0.033731796,0.0,0.10299843922257423
Z06,2025-09-25 13:00:00,0,0.13578773,0.0,0.3299324005842209
Z07,2025-09-25 13:00:00,0,0.07593482,0.006668176501989365,0.14520146325230598
Z08,2025-09-25 13:00:00,0,0.79858446,0.012492477893829346,1.0
Z09,2025-09-25 13:00:00,0,0.01631366,0.0,0.08558030426502228
Z10,2025-09-25 13:00:00,0,0.754843,0.0,1.0
Z01,2025-09-25 14:00:00,0,0.049078934,0.0,0.11834557726979256
Z02,2025-09-25 14:00:00,1,0.48843902,0.0,1.0
Z03,2025-09-25 14:00:00,0,0.16596234,0.0,0.3601070135831833
Z04,2025-09-25 14:00:00,0,0.07262363,0.003356989473104477,0.1418902762234211
Z05,2025-09-25 14:00:00,0,0.1355366,0.0,0.329681271314621
Z06,2025-09-25 14:00:00,0,0.07375293,0.004486288875341415,0.14301957562565804
Z07,2025-09-25 14:00:00,0,0.45427316,0.0,1.0
Z08,2025-09-25 14:00:00,0,0.10007789,0.0,0.29422256499528887
Z09,2025-09-25 14:00:00,0,0.30004284,0.0,0.9202234327793121
Z10,2025-09-25 14:00:00,0,0.666306,0.0,1.0
Z01,2025-09-25 15:00:00,0,0.013001544,0.0,0.08226818777620792
Z02,2025-09-25 15:00:00,0,0.009625072,0.0,0.07889171503484249
Z03,2025-09-25 15:00:00,0,0.0100817885,0.0,0.07934843190014362
Z04,2025-09-25 15:00:00,0,0.008932043,0.0,0.07819868624210358
Z05,2025-09-25 15:00:00,0,0.010157013,0.0,0.07942365668714046
Z06,2025-09-25 15:00:00,0,0.009060879,0.0,0.07832752261310816
Z07,2025-09-25 15:00:00,1,0.47000122,0.0,1.0
Z08,2025-09-25 15:00:00,0,0.008766652,0.0,0.07803329546004534
Z09,2025-09-25 15:00:00,0,0.008741032,0.0,0.07800767570734024
Z10,2025-09-25 15:00:00,0,0.009060879,0.0,0.07832752261310816
Z01,2025-09-25 16:00:00,0,0.008711364,0.0,0.07797800749540329
Z02,2025-09-25 16:00:00,0,0.010167349,0.0,0.07943399250507355
Z03,2025-09-25 16:00:00,0,0.008882385,0.0,0.07814902812242508
Z04,2025-09-25 16:00:00,0,0.008299731,0.0,0.07756637409329414
Z05,2025-09-25 16:00:00,0,0.009143881,0.0,0.07841052394360304
Z06,2025-09-25 16:00:00,0,0.0101322,0.0,0.07939884345978498
Z07,2025-09-25 16:00:00,0,0.010374456,0.0,0.07964109908789396
Z08,2025-09-25 16:00:00,0,0.009171581,0.0,0.07843822427093983
Z09,2025-09-25 16:00:00,0,0.009766719,0.0,0.07903336267918348
Z10,2025-09-25 16:00:00,0,0.009876437,0.0,0.07914307992905378
Z01,2025-09-25 17:00:00,0,0.115252905,0.0,0.30939757972955706
Z02,2025-09-25 17:00:00,0,0.19069159,0.0,0.3848362654447556
Z03,2025-09-25 17:00:00,0,0.06200217,0.0,0.13126881420612335
Z04,2025-09-25 17:00:00,0,0.03265406,0.0,0.1019207015633583
Z05,2025-09-25 17:00:00,0,0.35766372,0.0,0.9778443157672881
Z06,2025-09-25 17:00:00,0,0.11671253,0.0,0.3108572080731392
Z07,2025-09-25 17:00:00,0,0.5004311,0.0,1.0
Z08,2025-09-25 17:00:00,0,0.079264335,0.009997691959142685,0.1485309787094593
Z09,2025-09-25 17:00:00,0,0.07016516,0.0008985139429569244,0.13943180069327354
Z10,2025-09-25 17:00:00,0,0.07012483,0.0008581839501857758,0.1393914707005024
Z01,2025-09-25 18:00:00,0,0.03614095,0.0,0.10540759190917015
Z02,2025-09-25 18:00:00,0,0.09497905,0.025712404400110245,0.16424569115042686
Z03,2025-09-25 18:00:00,0,0.19488995,0.0007452726364135798,0.38903462290763857
Z04,2025-09-25 18:00:00,0,0.059742365,0.0,0.12900900840759277
Z05,2025-09-25 18:00:00,0,0.038202427,0.0,0.10746907070279121
Z06,2025-09-25 18:00:00,0,0.1545621,0.0,0.3487067759037018
Z07,2025-09-25 18:00:00,0,0.0427089,0.0,0.1119755432009697
Z08,2025-09-25 18:00:00,0,0.03617622,0.0,0.10544286295771599
Z09,2025-09-25 18:00:00,0,0.042082645,0.0,0.11134928837418556
Z10,2025-09-25 18:00:00,0,0.09663721,0.027370568364858627,0.16590385511517525
Z01,2025-09-25 19:00:00,1,0.836229,0.0,1.0
Z02,2025-09-25 19:00:00,1,0.8764133,0.004180932044982932,1.0
Z03,2025-09-25 19:00:00,0,0.8067347,0.0,1.0
Z04,2025-09-25 19:00:00,1,0.9630243,0.8782328844070434,1.0
Z05,2025-09-25 19:00:00,1,0.9159895,0.8311980843544006,1.0
Z06,2025-09-25 19:00:00,1,0.5099729,0.0,1.0
Z07,2025-09-25 19:00:00,1,0.92112386,0.8363324284553527,1.0
Z08,2025-09-25 19:00:00,1,0.93453,0.849738585948944,1.0
Z09,2025-09-25 19:00:00,1,0.99103445,0.9062430143356323,1.0
Z10,2025-09-25 19:00:00,0,0.33335564,0.0,0.9535362303256988
Z01,2025-09-25 20:00:00,0,0.8955551,0.02332272529602053,1.0
Z02,2025-09-25 20:00:00,1,0.9596837,0.8748922824859618,1.0
Z03,2025-09-25 20:00:00,1,0.95844555,0.8736541152000427,1.0
Z04,2025-09-25 20:00:00,0,0.8240444,0.0,1.0
Z05,2025-09-25 20:00:00,1,0.9838001,0.8990086793899535,1.0
Z06,2025-09-25 20:00:00,1,0.919786,0.8349945425987243,1.0
Z07,2025-09-25 20:00:00,1,0.98297715,0.8981857180595397,1.0
Z08,2025-09-25 20:00:00,1,0.97116,0.8863685607910156,1.0
Z09,2025-09-25 20:00:00,1,0.9756093,0.8908178687095641,1.0
Z10,2025-09-25 20:00:00,1,0.95887536,0.874083924293518,1.0
Z01,2025-09-25 21:00:00,1,0.8348833,0.0,1.0
Z02,2025-09-25 21:00:00,0,0.13006216,0.0,0.32420683801174166
Z03,2025-09-25 21:00:00,1,0.8412394,0.0,1.0
Z04,2025-09-25 21:00:00,0,0.65658754,0.0,1.0
Z05,2025-09-25 21:00:00,0,0.6435405,0.0,1.0
Z06,2025-09-25 21:00:00,1,0.8197045,0.0,1.0
Z07,2025-09-25 21:00:00,1,0.42140764,0.0,0.9748739778995513
Z08,2025-09-25 21:00:00,0,0.064759046,0.0,0.134025689214468
Z09,2025-09-25 21:00:00,0,0.18862121,0.0,0.3827658832073212
Z10,2025-09-25 21:00:00,0,0.64208335,0.0,1.0
Z01,2025-09-25 22:00:00,1,0.2967801,0.0,0.5946537852287292
Z02,2025-09-25 22:00:00,1,0.847848,0.0,1.0
Z03,2025-09-25 22:00:00,1,0.91771287,0.8329214334487914,1.0
Z04,2025-09-25 22:00:00,0,0.3094005,0.0,0.9295810937881469
Z05,2025-09-25 22:00:00,1,0.35521662,0.0,0.9753972172737121
Z06,2025-09-25 22:00:00,1,0.103621684,0.0,0.2977663591504097
Z07,2025-09-25 22:00:00,0,0.30687398,0.0,0.9270545721054076
Z08,2025-09-25 22:00:00,0,0.44931072,0.0,1.0
Z09,2025-09-25 22:00:00,0,0.5796692,0.0,1.0
Z10,2025-09-25 22:00:00,1,0.6092,0.0,1.0
Z01,2025-09-25 23:00:00,0,0.008837041,0.0,0.07810368482023478
Z02,2025-09-25 23:00:00,0,0.010183621,0.0,0.07945026457309723
Z03,2025-09-25 23:00:00,0,0.010652149,0.0,0.07991879247128963
Z04,2025-09-25 23:00:00,0,0.009379205,0.0,0.07864584866911173
Z05,2025-09-25 23:00:00,0,0.3330815,0.0,0.9532621085643768
Z06,2025-09-25 23:00:00,0,0.008837041,0.0,0.07810368482023478
Z07,2025-09-25 23:00:00,0,0.010183544,0.0,0.07945018727332354
Z08,2025-09-25 23:00:00,0,0.009374789,0.0,0.0786414323374629
Z09,2025-09-25 23:00:00,0,0.009614286,0.0,0.07888092938810587
Z10,2025-09-25 23:00:00,0,0.00998993,0.0,0.07925657369196415
Z01,2025-09-26 00:00:00,0,0.034404725,0.0,0.1036713682115078
Z02,2025-09-26 00:00:00,0,0.012022135,0.0,0.08128877822309732
Z03,2025-09-26 00:00:00,0,0.010536029,0.0,0.07980267237871885
Z04,2025-09-26 00:00:00,0,0.012784956,0.0,0.08205159939825535
Z05,2025-09-26 00:00:00,0,0.10078598,0.0,0.2949306532740593
Z06,2025-09-26 00:00:00,0,0.0122571755,0.0,0.08152381889522076
Z07,2025-09-26 00:00:00,0,0.07443775,0.005171108990907669,0.1437043957412243
Z08,2025-09-26 00:00:00,0,0.0103459675,0.0,0.07961261086165905
Z09,2025-09-26 00:00:00,0,0.010007607,0.0,0.07927425019443035
Z10,2025-09-26 00:00:00,0,0.03159219,0.0,0.10085883364081383
Z01,2025-09-26 01:00:00,0,0.057971407,0.0,0.12723805010318756
Z02,2025-09-26 01:00:00,0,0.010942131,0.0,0.08020877465605736
Z03,2025-09-26 01:00:00,0,0.010876632,0.0,0.08014327567070723
Z04,2025-09-26 01:00:00,0,0.012282799,0.0,0.08154944237321615
Z05,2025-09-26 01:00:00,0,0.019418182,0.0,0.08868482522666454
Z06,2025-09-26 01:00:00,0,0.010565627,0.0,0.07983227074146271
Z07,2025-09-26 01:00:00,0,0.013070532,0.0,0.08233717549592257
Z08,2025-09-26 01:00:00,0,0.012866,0.0,0.08213264308869839
Z09,2025-09-26 01:00:00,0,0.03289557,0.0,0.10216221213340759
Z10,2025-09-26 01:00:00,0,0.0730168,0.0037501566112041473,0.14228344336152077
Z01,2025-09-26 02:00:00,0,0.08227466,0.013008017092943192,0.1515413038432598
Z02,2025-09-26 02:00:00,0,0.01642824,0.0,0.08569488301873207
Z03,2025-09-26 02:00:00,0,0.010633426,0.0,0.07990006916224957
Z04,2025-09-26 02:00:00,0,0.011519041,0.0,0.08078568428754807
Z05,2025-09-26 02:00:00,0,0.060560703,0.0,0.1298273466527462
Z06,2025-09-26 02:00:00,0,0.075173154,0.005906511098146439,0.14443979784846306
Z07,2025-09-26 02:00:00,0,0.23704845,0.0,0.5349221229553223
Z08,2025-09-26 02:00:00,0,0.010980799,0.0,0.08024744223803282
Z09,2025-09-26 02:00:00,0,0.07837928,0.009112637490034103,0.14764592424035072
Z10,2025-09-26 02:00:00,0,0.030821865,0.0,0.10008850879967213
Z01,2025-09-26 03:00:00,0,0.025595743,0.0,0.09486238658428192
Z02,2025-09-26 03:00:00,0,0.070682816,0.001416172832250595,0.13994945958256721
Z03,2025-09-26 03:00:00,0,0.012487153,0.0,0.081753795966506
Z04,2025-09-26 03:00:00,0,0.01244432,0.0,0.08171096350997686
Z05,2025-09-26 03:00:00,0,0.19655879,0.002414113283157354,0.39070346355438235
Z06,2025-09-26 03:00:00,0,0.011323492,0.0,0.08059013541787863
Z07,2025-09-26 03:00:00,0,0.08692646,0.01765981689095497,0.1561931036412716
Z08,2025-09-26 03:00:00,0,0.010515732,0.0,0.07978237513452768
Z09,2025-09-26 03:00:00,0,0.03157615,0.0,0.10084279254078865
Z10,2025-09-26 03:00:00,0,0.029568363,0.0,0.09883500635623932
Z01,2025-09-26 04:00:00,0,0.011338449,0.0,0.08060509245842695
Z02,2025-09-26 04:00:00,0,0.018592397,0.0,0.08785904012620449
Z03,2025-09-26 04:00:00,0,0.034057114,0.0,0.10332375764846802
Z04,2025-09-26 04:00:00,0,0.0153506035,0.0,0.08461724687367678
Z05,2025-09-26 04:00:00,0,0.020817544,0.0,0.09008418768644333
Z06,2025-09-26 04:00:00,0,0.08872642,0.019459780305624008,0.15799306705594063
Z07,2025-09-26 04:00:00,0,0.06950691,0.00024027004837989807,0.13877355679869652
Z08,2025-09-26 04:00:00,0,0.015247311,0.0,0.08451395481824875
Z09,2025-09-26 04:00:00,0,0.023239413,0.0,0.09250605665147305
Z10,2025-09-26 04:00:00,0,0.03120201,0.0,0.10046865418553352
Z01,2025-09-26 05:00:00,0,0.03169139,0.0,0.10095803439617157
Z02,2025-09-26 05:00:00,0,0.032227673,0.0,0.10149431601166725
Z03,2025-09-26 05:00:00,0,0.02582302,0.0,0.09508966282010078
Z04,2025-09-26 05:00:00,0,0.012070071,0.0,0.08133671432733536
Z05,2025-09-26 05:00:00,0,0.021203192,0.0,0.09046983532607555
Z06,2025-09-26 05:00:00,0,0.026807709,0.0,0.09607435204088688
Z07,2025-09-26 05:00:00,0,0.06639408,0.0,0.13566072657704353
Z08,2025-09-26 05:00:00,0,0.014540307,0.0,0.08380695059895515
Z09,2025-09-26 05:00:00,0,0.009615808,0.0,0.07888245116919279
Z10,2025-09-26 05:00:00,0,0.019393383,0.0,0.08866002596914768
Z01,2025-09-26 06:00:00,0,0.012543031,0.0,0.08180967438966036
Z02,2025-09-26 06:00:00,0,0.008465485,0.0,0.07773212809115648
Z03,2025-09-26 06:00:00,0,0.008651659,0.0,0.07791830226778984
Z04,2025-09-26 06:00:00,0,0.017150285,0.0,0.0864169280976057
Z05,2025-09-26 06:00:00,0,0.009382852,0.0,0.07864949572831392
Z06,2025-09-26 06:00:00,0,0.009373448,0.0,0.07864009123295546
Z07,2025-09-26 06:00:00,0,0.084415734,0.015149090439081192,0.1536823771893978
Z08,2025-09-26 06:00:00,0,0.008465485,0.0,0.07773212809115648
Z09,2025-09-26 06:00:00,0,0.012301725,0.0,0.08156836871057749
Z10,2025-09-26 06:00:00,0,0.069645025,0.0003783814609050751,0.1389116682112217
Z01,2025-09-26 07:00:00,0,0.034535002,0.0,0.10380164533853531
Z02,2025-09-26 07:00:00,0,0.018202858,0.0,0.08746950142085552
Z03,2025-09-26 07:00:00,0,0.016035188,0.0,0.08530183136463165
Z04,2025-09-26 07:00:00,0,0.011936801,0.0,0.08120344392955303
Z05,2025-09-26 07:00:00,0,0.033731796,0.0,0.10299843922257423
Z06,2025-09-26 07:00:00,0,0.04043514,0.0,0.10970178246498108
Z07,2025-09-26 07:00:00,0,0.055775374,0.0,0.12504201754927635
Z08,2025-09-26 07:00:00,0,0.053897988,0.0,0.12316463142633438
Z09,2025-09-26 07:00:00,0,0.021878751,0.0,0.09114539436995983
Z10,2025-09-26 07:00:00,0,0.015690418,0.0,0.08495706133544445
Z01,2025-09-26 08:00:00,0,0.09186087,0.02259422466158867,0.1611275114119053
Z02,2025-09-26 08:00:00,0,0.2494948,0.0,0.5473684817552567
Z03,2025-09-26 08:00:00,0,0.140367,0.0,0.33451167643070223
Z04,2025-09-26 08:00:00,0,0.5872095,8.83340835571289e-05,1.0
Z05,2025-09-26 08:00:00,0,0.5008964,0.0,1.0
Z06,2025-09-26 08:00:00,0,0.31952,0.0,0.9397005915641784
Z07,2025-09-26 08:00:00,0,0.10411804,0.0,0.2982627168297768
Z08,2025-09-26 08:00:00,0,0.7761413,0.0,1.0
Z09,2025-09-26 08:00:00,0,0.6736184,0.0,1.0
Z10,2025-09-26 08:00:00,1,0.6415137,0.0,1.0
Z01,2025-09-26 09:00:00,0,0.07997447,0.010707829147577286,0.1492411158978939
Z02,2025-09-26 09:00:00,0,0.077212535,0.007945891469717026,0.14647917822003365
Z03,2025-09-26 09:00:00,0,0.07228012,0.003013473004102707,0.14154675975441933
Z04,2025-09-26 09:00:00,0,0.1253667,0.0,0.3195113778114319
Z05,2025-09-26 09:00:00,0,0.816523,0.0,1.0
Z06,2025-09-26 09:00:00,0,0.08234942,0.013082776218652725,0.15161606296896935
Z07,2025-09-26 09:00:00,0,0.24698123,0.0,0.5448549091815948
Z08,2025-09-26 09:00:00,0,0.9108156,0.8260241627693176,0.9956070303916932
Z09,2025-09-26 09:00:00,0,0.4731567,0.0,1.0
Z10,2025-09-26 09:00:00,0,0.09834382,0.02907717600464821,0.16761046275496483
Z01,2025-09-26 10:00:00,0,0.053073946,0.0,0.12234058976173401
Z02,2025-09-26 10:00:00,0,0.039763976,0.0,0.10903061926364899
Z03,2025-09-26 10:00:00,0,0.05913526,0.0,0.12840190157294273
Z04,2025-09-26 10:00:00,0,0.07604811,0.006781470030546188,0.1453147567808628
Z05,2025-09-26 10:00:00,0,0.07663139,0.007364746183156967,0.1458980329334736
Z06,2025-09-26 10:00:00,0,0.107835755,0.0,0.30198042988777163
Z07,2025-09-26 10:00:00,1,0.5733976,0.0,1.0
Z08,2025-09-26 10:00:00,0,0.029140327,0.0,0.09840697050094604
Z09,2025-09-26 10:00:00,0,0.048049137,0.0,0.11731578037142754
Z10,2025-09-26 10:00:00,0,0.30072403,0.0,0.9209046244621276
Z01,2025-09-26 11:00:00,0,0.014413245,0.0,0.08367988839745522
Z02,2025-09-26 11:00:00,0,0.08171131,0.012444663792848587,0.1509779505431652
Z03,2025-09-26 11:00:00,0,0.008975112,0.0,0.07824175525456667
Z04,2025-09-26 11:00:00,0,0.009212225,0.0,0.07847886811941862
Z05,2025-09-26 11:00:00,0,0.010067617,0.0,0.0793342599645257
Z06,2025-09-26 11:00:00,0,0.009762972,0.0,0.07902961503714323
Z07,2025-09-26 11:00:00,0,0.009971946,0.0,0.07923858892172575
Z08,2025-09-26 11:00:00,0,0.0091338465,0.0,0.07840048987418413
Z09,2025-09-26 11:00:00,0,0.009347594,0.0,0.07861423771828413
Z10,2025-09-26 11:00:00,0,0.008775471,0.0,0.07804211415350437
Z01,2025-09-26 12:00:00,0,0.04221537,0.0,0.11148201301693916
Z02,2025-09-26 12:00:00,0,0.5471972,0.0,1.0
Z03,2025-09-26 12:00:00,0,0.1409184,0.0,0.33506307899951937
Z04,2025-09-26 12:00:00,0,0.024940673,0.0,0.09420731663703918
Z05,2025-09-26 12:00:00,1,0.76270545,0.0,1.0
Z06,2025-09-26 12:00:00,0,0.023835596,0.0,0.09310223907232285
Z07,2025-09-26 12:00:00,1,0.9411751,0.8563836693763732,1.0
Z08,2025-09-26 12:00:00,0,0.38630036,0.0,1.0
Z09,2025-09-26 12:00:00,0,0.08599624,0.016729597002267838,0.15526288375258446
Z10,2025-09-26 12:00:00,0,0.12970293,0.0,0.3238476008176804
Z01,2025-09-26 13:00:00,0,0.056455225,0.0,0.12572186812758446
Z02,2025-09-26 13:00:00,0,0.055810314,0.0,0.12507695704698563
Z03,2025-09-26 13:00:00,0,0.3131577,0.0,0.933338302373886
Z04,2025-09-26 13:00:00,0,0.12931181,0.0,0.32345649003982546
Z05,2025-09-26 13:00:00,1,0.39993605,0.0,1.0
Z06,2025-09-26 13:00:00,1,0.2818568,0.0,0.5797304809093475
Z07,2025-09-26 13:00:00,1,0.5930937,0.005972504615783691,1.0
Z08,2025-09-26 13:00:00,0,0.24579489,0.0,0.5436685681343079
Z09,2025-09-26 13:00:00,0,0.41644382,0.0,0.9699101626873016
Z10,2025-09-26 13:00:00,0,0.4917711,0.0,1.0
Z01,2025-09-26 14:00:00,0,0.090432785,0.02116614207625389,0.1596994288265705
Z02,2025-09-26 14:00:00,0,0.1449299,0.0,0.3390745759010315
Z03,2025-09-26 14:00:00,0,0.143779,0.0,0.3379236698150635
Z04,2025-09-26 14:00:00,0,0.24699485,0.0,0.544868528842926
Z05,2025-09-26 14:00:00,0,0.077833876,0.008567232638597488,0.1471005193889141
Z06,2025-09-26 14:00:00,1,0.8107069,0.0,1.0
Z07,2025-09-26 14:00:00,0,0.1522417,0.0,0.34638638198375704
Z08,2025-09-26 14:00:00,0,0.31604406,0.0,0.9362246572971343
Z09,2025-09-26 14:00:00,0,0.116840556,0.0,0.31098523139953616
Z10,2025-09-26 14:00:00,0,0.26315463,0.0,0.5610283017158508
Z01,2025-09-26 15:00:00,0,0.008775471,0.0,0.07804211415350437
Z02,2025-09-26 15:00:00,0,0.009775213,0.0,0.07904185634106398
Z03,2025-09-26 15:00:00,0,0.023402985,0.0,0.09266962856054306
Z04,2025-09-26 15:00:00,0,0.009108983,0.0,0.07837562635540962
Z05,2025-09-26 15:00:00,0,0.009549306,0.0,0.0788159491494298
Z06,2025-09-26 15:00:00,0,0.008780043,0.0,0.07804668601602316
Z07,2025-09-26 15:00:00,0,0.012059823,0.0,0.08132646605372429
Z08,2025-09-26 15:00:00,0,0.0085135605,0.0,0.07778020389378071
Z09,2025-09-26 15:00:00,0,0.009627549,0.0,0.07889419235289097
Z10,2025-09-26 15:00:00,0,0.010286388,0.0,0.07955303136259317
Z01,2025-09-26 16:00:00,0,0.008994974,0.0,0.0782616175711155
Z02,2025-09-26 16:00:00,0,0.009038955,0.0,0.07830559834837914
Z03,2025-09-26 16:00:00,0,0.009394595,0.0,0.07866123877465725
Z04,2025-09-26 16:00:00,0,0.009431477,0.0,0.0786981200799346
Z05,2025-09-26 16:00:00,0,0.04910902,0.0,0.11837566271424294
Z06,2025-09-26 16:00:00,0,0.009133294,0.0,0.07839993759989738
Z07,2025-09-26 16:00:00,0,0.01415127,0.0,0.08341791294515133
Z08,2025-09-26 16:00:00,0,0.008916443,0.0,0.07818308658897877
Z09,2025-09-26 16:00:00,0,0.009067038,0.0,0.07833368144929409
Z10,2025-09-26 16:00:00,0,0.017841376,0.0,0.08710801973938942
Z01,2025-09-26 17:00:00,0,0.30481714,0.0,0.9249977350234985
Z02,2025-09-26 17:00:00,0,0.042469263,0.0,0.11173590645194054
Z03,2025-09-26 17:00:00,0,0.05883952,0.0,0.12810616195201874
Z04,2025-09-26 17:00:00,0,0.096430376,0.027163732796907425,0.16569701954722404
Z05,2025-09-26 17:00:00,0,0.050735094,0.0,0.12000173702836037
Z06,2025-09-26 17:00:00,0,0.08427226,0.01500561460852623,0.15353890135884285
Z07,2025-09-26 17:00:00,0,0.11049115,0.0,0.3046358242630959
Z08,2025-09-26 17:00:00,0,0.045060504,0.0,0.11432714760303497
Z09,2025-09-26 17:00:00,0,0.22872631,0.0,0.5265999883413315
Z10,2025-09-26 17:00:00,0,0.06502728,0.0,0.13429392501711845
Z01,2025-09-26 18:00:00,0,0.12069784,0.0,0.31484251618385317
Z02,2025-09-26 18:00:00,0,0.04394311,0.0,0.11320975422859192
Z03,2025-09-26 18:00:00,0,0.14431734,0.0,0.3384620189666748
Z04,2025-09-26 18:00:00,0,0.5784352,0.0,1.0
Z05,2025-09-26 18:00:00,0,0.07052497,0.0012583248317241669,0.1397916115820408
Z06,2025-09-26 18:00:00,0,0.052916206,0.0,0.12218284979462624
Z07,2025-09-26 18:00:00,0,0.16235508,0.0,0.35649975538253786
Z08,2025-09-26 18:00:00,0,0.24289213,0.0,0.5407658070325851
Z09,2025-09-26 18:00:00,0,0.039331224,0.0,0.10859786719083786
Z10,2025-09-26 18:00:00,0,0.06621929,0.0,0.1354859359562397
Z01,2025-09-26 19:00:00,1,0.8492224,0.0,1.0
Z02,2025-09-26 19:00:00,1,0.98488533,0.9000939011573791,1.0
Z03,2025-09-26 19:00:00,1,0.9837937,0.8990022420883178,1.0
Z04,2025-09-26 19:00:00,1,0.98109907,0.896307635307312,1.0
Z05,2025-09-26 19:00:00,1,0.90854317,0.8237517356872558,0.9933346033096314
Z06,2025-09-26 19:00:00,1,0.78232783,0.0,1.0
Z07,2025-09-26 19:00:00,1,0.97685677,0.8920653343200683,1.0
Z08,2025-09-26 19:00:00,0,0.94130343,0.8565119981765746,1.0
Z09,2025-09-26 19:00:00,1,0.6041774,0.0,1.0
Z10,2025-09-26 19:00:00,0,0.8152556,0.0,1.0
Z01,2025-09-26 20:00:00,1,0.93554217,0.8507507324218749,1.0
Z02,2025-09-26 20:00:00,1,0.9886757,0.9038842797279357,1.0
Z03,2025-09-26 20:00:00,1,0.90727544,0.822484004497528,0.9920668721199036
Z04,2025-09-26 20:00:00,0,0.89723605,0.025003695487976096,1.0
Z05,2025-09-26 20:00:00,0,0.97851264,0.8937212109565734,1.0
Z06,2025-09-26 20:00:00,1,0.97077763,0.8859861969947814,1.0
Z07,2025-09-26 20:00:00,0,0.068807006,0.0,0.1380736492574215
Z08,2025-09-26 20:00:00,1,0.99413717,0.9093457341194152,1.0
Z09,2025-09-26 20:00:00,0,0.9321607,0.8473692417144775,1.0
Z10,2025-09-26 20:00:00,1,0.9791956,0.8944041609764098,1.0
Z01,2025-09-26 21:00:00,0,0.64208335,0.0,1.0
Z02,2025-09-26 21:00:00,0,0.25949922,0.0,0.5573728978633881
Z03,2025-09-26 21:00:00,0,0.12962781,0.0,0.3237724840641022
Z04,2025-09-26 21:00:00,1,0.9735014,0.8887099504470825,1.0
Z05,2025-09-26 21:00:00,1,0.98451984,0.8997284054756164,1.0
Z06,2025-09-26 21:00:00,0,0.1353978,0.0,0.3295424818992615
Z07,2025-09-26 21:00:00,0,0.56409234,0.0,1.0
Z08,2025-09-26 21:00:00,1,0.86864847,0.0,1.0
Z09,2025-09-26 21:00:00,0,0.4481565,0.0,1.0
Z10,2025-09-26 21:00:00,0,0.7611676,0.0,1.0
Z01,2025-09-26 22:00:00,0,0.12865436,0.0,0.3227990359067917
Z02,2025-09-26 22:00:00,0,0.08542818,0.016161534935235977,0.1546948216855526
Z03,2025-09-26 22:00:00,0,0.62304354,0.0,1.0
Z04,2025-09-26 22:00:00,0,0.450938,0.0,1.0
Z05,2025-09-26 22:00:00,0,0.83310115,0.0,1.0
Z06,2025-09-26 22:00:00,0,0.049078077,0.0,0.11834472045302391
Z07,2025-09-26 22:00:00,1,0.8454856,0.0,1.0
Z08,2025-09-26 22:00:00,0,0.08166911,0.01240246370434761,0.15093575045466423
Z09,2025-09-26 22:00:00,1,0.42026192,0.0,0.9737282574176788
Z10,2025-09-26 22:00:00,0,0.68971235,0.010832226276397683,1.0
Z01,2025-09-26 23:00:00,0,0.008775471,0.0,0.07804211415350437
Z02,2025-09-26 23:00:00,0,0.009094985,0.0,0.07836162857711315
Z03,2025-09-26 23:00:00,0,0.00875981,0.0,0.07802645303308964
Z04,2025-09-26 23:00:00,0,0.008834481,0.0,0.07810112461447716
Z05,2025-09-26 23:00:00,0,0.01720081,0.0,0.08646745420992374
Z06,2025-09-26 23:00:00,0,0.008775471,0.0,0.07804211415350437
Z07,2025-09-26 23:00:00,0,0.021156587,0.0,0.09042323008179665
Z08,2025-09-26 23:00:00,0,0.017227245,0.0,0.08649388886988163
Z09,2025-09-26 23:00:00,0,0.009004663,0.0,0.07827130611985922
Z10,2025-09-26 23:00:00,0,0.00905511,0.0,0.07832175306975842
Z01,2025-09-27 00:00:00,0,0.011873322,0.0,0.08113996498286724
Z02,2025-09-27 00:00:00,0,0.01061687,0.0,0.07988351304084063
Z03,2025-09-27 00:00:00,0,0.011029825,0.0,0.08029646798968315
Z04,2025-09-27 00:00:00,0,0.030578468,0.0,0.09984511137008667
Z05,2025-09-27 00:00:00,0,0.08414189,0.014875244349241257,0.15340853109955788
Z06,2025-09-27 00:00:00,0,0.011007319,0.0,0.08027396257966757
Z07,2025-09-27 00:00:00,0,0.027379287,0.0,0.09664593078196049
Z08,2025-09-27 00:00:00,0,0.19512409,0.000979414582252508,0.3892687648534775
Z09,2025-09-27 00:00:00,0,0.010174598,0.0,0.07944124098867178
Z10,2025-09-27 00:00:00,0,0.058787674,0.0,0.12805431708693504
Z01,2025-09-27 01:00:00,0,0.010741823,0.0,0.08000846672803164
Z02,2025-09-27 01:00:00,0,0.02934163,0.0,0.09860827401280403
Z03,2025-09-27 01:00:00,0,0.010792607,0.0,0.08005925081670284
Z04,2025-09-27 01:00:00,0,0.011831548,0.0,0.08109819144010544
Z05,2025-09-27 01:00:00,0,0.047218446,0.0,0.11648508906364441
Z06,2025-09-27 01:00:00,0,0.011672314,0.0,0.08093895763158798
Z07,2025-09-27 01:00:00,0,0.013593494,0.0,0.0828601373359561
Z08,2025-09-27 01:00:00,0,0.08208976,0.012823116034269333,0.15135640278458595
Z09,2025-09-27 01:00:00,0,0.011415024,0.0,0.08068166766315699
Z10,2025-09-27 01:00:00,0,0.05458839,0.0,0.12385503202676773
Z01,2025-09-27 02:00:00,0,0.011519041,0.0,0.08078568428754807
Z02,2025-09-27 02:00:00,0,0.011067953,0.0,0.08033459633588791
Z03,2025-09-27 02:00:00,0,0.011391978,0.0,0.08065862115472555
Z04,2025-09-27 02:00:00,0,0.028919578,0.0,0.09818622097373009
Z05,2025-09-27 02:00:00,0,0.07402262,0.004755977541208267,0.1432892642915249
Z06,2025-09-27 02:00:00,0,0.010902122,0.0,0.08016876503825188
Z07,2025-09-27 02:00:00,0,0.067600474,0.0,0.13686711713671684
Z08,2025-09-27 02:00:00,0,0.012339215,0.0,0.08160585816949606
Z09,2025-09-27 02:00:00,0,0.029159442,0.0,0.09842608496546745
Z10,2025-09-27 02:00:00,0,0.020795481,0.0,0.09006212465465069
Z01,2025-09-27 03:00:00,0,0.060860083,0.0,0.1301267258822918
Z02,2025-09-27 03:00:00,0,0.010515732,0.0,0.07978237513452768
Z03,2025-09-27 03:00:00,0,0.010164964,0.0,0.07943160738795996
Z04,2025-09-27 03:00:00,0,0.03178511,0.0,0.10105175152420998
Z05,2025-09-27 03:00:00,0,0.052655667,0.0,0.1219223104417324
Z06,2025-09-27 03:00:00,0,0.030652223,0.0,0.09991886653006077
Z07,2025-09-27 03:00:00,0,0.02866105,0.0,0.09792769327759743
Z08,2025-09-27 03:00:00,0,0.010560529,0.0,0.07982717268168926
Z09,2025-09-27 03:00:00,0,0.01043906,0.0,0.07970570307224989
Z10,2025-09-27 03:00:00,0,0.011480549,0.0,0.08074719272553921
Z01,2025-09-27 04:00:00,0,0.011831548,0.0,0.08109819144010544
Z02,2025-09-27 04:00:00,0,0.028366826,0.0,0.0976334698498249
Z03,2025-09-27 04:00:00,0,0.010521676,0.0,0.07978831976652145
Z04,2025-09-27 04:00:00,0,0.011586702,0.0,0.08085334580391645
Z05,2025-09-27 04:00:00,0,0.020418046,0.0,0.08968468941748142
Z06,2025-09-27 04:00:00,0,0.031006314,0.0,0.10027295723557472
Z07,2025-09-27 04:00:00,0,0.19394986,0.0,0.3880945384502411
Z08,2025-09-27 04:00:00,0,0.028910039,0.0,0.09817668236792088
Z09,2025-09-27 04:00:00,0,0.010193209,0.0,0.0794598525390029
Z10,2025-09-27 04:00:00,0,0.028705398,0.0,0.09797204099595547
Z01,2025-09-27 05:00:00,0,0.0111433575,0.0,0.08041000086814165
Z02,2025-09-27 05:00:00,0,0.010558133,0.0,0.07982477638870478
Z03,2025-09-27 05:00:00,0,0.015511262,0.0,0.0847779056057334
Z04,2025-09-27 05:00:00,0,0.16073649,0.0,0.35488116145133974
Z05,2025-09-27 05:00:00,0,0.027448604,0.0,0.09671524725854397
Z06,2025-09-27 05:00:00,0,0.0122142695,0.0,0.08148091286420822
Z07,2025-09-27 05:00:00,0,0.16031747,0.0,0.35446214079856875
Z08,2025-09-27 05:00:00,0,0.030251117,0.0,0.09951776079833508
Z09,2025-09-27 05:00:00,0,0.02290414,0.0,0.09217078424990177
Z10,2025-09-27 05:00:00,1,0.05806178,0.0,0.12732842192053795
Z01,2025-09-27 06:00:00,0,0.012910832,0.0,0.08217747509479523
Z02,2025-09-27 06:00:00,0,0.024199096,0.0,0.09346573986113071
Z03,2025-09-27 06:00:00,0,0.009981111,0.0,0.07924775406718254
Z04,2025-09-27 06:00:00,0,0.008893302,0.0,0.07815994508564472
Z05,2025-09-27 06:00:00,0,0.009734086,0.0,0.07900072913616896
Z06,2025-09-27 06:00:00,0,0.0085911285,0.0,0.07785777188837528
Z07,2025-09-27 06:00:00,0,0.011373488,0.0,0.08064013160765171
Z08,2025-09-27 06:00:00,0,0.060350753,0.0,0.12961739674210548
Z09,2025-09-27 06:00:00,0,0.014223923,0.0,0.08349056635051966
Z10,2025-09-27 06:00:00,0,0.23872507,0.0,0.5365987420082092
Z01,2025-09-27 07:00:00,0,0.036131483,0.0,0.10539812594652176
Z02,2025-09-27 07:00:00,0,0.06951495,0.0002483092248439789,0.1387815959751606
Z03,2025-09-27 07:00:00,0,0.037380453,0.0,0.10664709657430649
Z04,2025-09-27 07:00:00,0,0.06360255,0.0,0.1328691951930523
Z05,2025-09-27 07:00:00,0,0.7892143,0.0031223297119140625,1.0
Z06,2025-09-27 07:00:00,0,0.03723895,0.0,0.10650559514760971
Z07,2025-09-27 07:00:00,0,0.07780014,0.008533496409654617,0.14706678315997124
Z08,2025-09-27 07:00:00,0,0.17499195,0.0,0.3691366255283356
Z09,2025-09-27 07:00:00,0,0.020214992,0.0,0.08948163501918316
Z10,2025-09-27 07:00:00,0,0.20867541,0.0,0.5065490901470184
Z01,2025-09-27 08:00:00,1,0.6755361,0.0,1.0
Z02,2025-09-27 08:00:00,1,0.7535486,0.0,1.0
Z03,2025-09-27 08:00:00,1,0.50430095,0.0,1.0
Z04,2025-09-27 08:00:00,1,0.709407,0.0,1.0
Z05,2025-09-27 08:00:00,1,0.92158896,0.8367975234985351,1.0
Z06,2025-09-27 08:00:00,1,0.74979174,0.0,1.0
Z07,2025-09-27 08:00:00,0,0.80873746,0.0,1.0
Z08,2025-09-27 08:00:00,0,0.13201489,0.0,0.3261595606803894
Z09,2025-09-27 08:00:00,1,0.71239203,0.0,1.0
Z10,2025-09-27 08:00:00,1,0.5048782,0.0,1.0
Z01,2025-09-27 09:00:00,1,0.94901794,0.8642265081405639,1.0
Z02,2025-09-27 09:00:00,0,0.30569,0.0,0.9258705854415893
Z03,2025-09-27 09:00:00,1,0.81369036,0.0,1.0
Z04,2025-09-27 09:00:00,0,0.7048118,0.0,1.0
Z05,2025-09-27 09:00:00,1,0.9354842,0.8506927371025085,1.0
Z06,2025-09-27 09:00:00,0,0.11204287,0.0,0.306187541782856
Z07,2025-09-27 09:00:00,0,0.5990704,0.011949241161346436,1.0
Z08,2025-09-27 09:00:00,0,0.25969923,0.0,0.5575729012489319
Z09,2025-09-27 09:00:00,0,0.2983354,0.0004617273807525635,0.5962090790271759
Z10,2025-09-27 09:00:00,1,0.98301536,0.8982239246368408,1.0
Z01,2025-09-27 10:00:00,0,0.041959602,0.0,0.11122624576091766
Z02,2025-09-27 10:00:00,0,0.11723048,0.0,0.31137515753507616
Z03,2025-09-27 10:00:00,0,0.057718955,0.0,0.1269855983555317
Z04,2025-09-27 10:00:00,0,0.025025561,0.0,0.09429220482707024
Z05,2025-09-27 10:00:00,0,0.07234713,0.00308048352599144,0.14161377027630806
Z06,2025-09-27 10:00:00,0,0.14464903,0.0,0.3387937039136887
Z07,2025-09-27 10:00:00,1,0.67794156,0.0,1.0
Z08,2025-09-27 10:00:00,0,0.056872275,0.0,0.12613891810178757
Z09,2025-09-27 10:00:00,0,0.05275136,0.0,0.122018001973629
Z10,2025-09-27 10:00:00,0,0.09185564,0.02258899435400963,0.16112228110432625
Z01,2025-09-27 11:00:00,0,0.009660071,0.0,0.07892671413719654
Z02,2025-09-27 11:00:00,0,0.014248067,0.0,0.08351470995694399
Z03,2025-09-27 11:00:00,0,0.008844521,0.0,0.07811116427183151
Z04,2025-09-27 11:00:00,0,0.0548659,0.0,0.12413254380226135
Z05,2025-09-27 11:00:00,0,0.009350558,0.0,0.07861720118671656
Z06,2025-09-27 11:00:00,0,0.009104177,0.0,0.0783708207309246
Z07,2025-09-27 11:00:00,0,0.011225814,0.0,0.08049245737493038
Z08,2025-09-27 11:00:00,0,0.01477529,0.0,0.08404193352907896
Z09,2025-09-27 11:00:00,0,0.015490684,0.0,0.08475732710212469
Z10,2025-09-27 11:00:00,0,0.009391189,0.0,0.0786578319966793
Z01,2025-09-27 12:00:00,0,0.27662465,0.0,0.574498325586319
Z02,2025-09-27 12:00:00,0,0.6792399,0.00035980939865110084,1.0
Z03,2025-09-27 12:00:00,1,0.71826303,0.0,1.0
Z04,2025-09-27 12:00:00,1,0.7866898,0.000597834587097168,1.0
Z05,2025-09-27 12:00:00,0,0.4501955,0.0,1.0
Z06,2025-09-27 12:00:00,1,0.983679,0.89888756275177,1.0
Z07,2025-09-27 12:00:00,1,0.9835169,0.8987254381179809,1.0
Z08,2025-09-27 12:00:00,1,0.9747809,0.8899894833564758,1.0
Z09,2025-09-27 12:00:00,1,0.69294834,0.014068222045898415,1.0
Z10,2025-09-27 12:00:00,0,0.6588783,0.0,1.0
Z01,2025-09-27 13:00:00,1,0.76866716,0.0,1.0
Z02,2025-09-27 13:00:00,1,0.88671243,0.014480078220367454,1.0
Z03,2025-09-27 13:00:00,0,0.397675,0.0,1.0
Z04,2025-09-27 13:00:00,0,0.13778874,0.0,0.33193341791629793
Z05,2025-09-27 13:00:00,0,0.086934425,0.017667781561613083,0.1562010683119297
Z06,2025-09-27 13:00:00,0,0.81367946,0.0,1.0
Z07,2025-09-27 13:00:00,0,0.17301722,0.0,0.3671618938446045
Z08,2025-09-27 13:00:00,0,0.2031196,0.0,0.5009932816028595
Z09,2025-09-27 13:00:00,0,0.14015724,0.0,0.33430191278457644
Z10,2025-09-27 13:00:00,1,0.97983515,0.8950437188148498,1.0
Z01,2025-09-27 14:00:00,0,0.5164569,0.0,1.0
Z02,2025-09-27 14:00:00,0,0.67242306,0.0,1.0
Z03,2025-09-27 14:00:00,0,0.63328975,0.0,1.0
Z04,2025-09-27 14:00:00,0,0.16091421,0.0,0.35505888760089876
Z05,2025-09-27 14:00:00,1,0.96749395,0.8827025175094604,1.0
Z06,2025-09-27 14:00:00,0,0.16787577,0.0,0.3620204418897629
Z07,2025-09-27 14:00:00,1,0.568059,0.0,1.0
Z08,2025-09-27 14:00:00,0,0.5276172,0.0,1.0
Z09,2025-09-27 14:00:00,0,0.08175334,0.012486699968576431,0.15101998671889305
Z10,2025-09-27 14:00:00,1,0.42049327,0.0,0.9739596128463744
Z01,2025-09-27 15:00:00,0,0.05057574,0.0,0.11984238401055336
Z02,2025-09-27 15:00:00,0,0.01646301,0.0,0.08572965301573277
Z03,2025-09-27 15:00:00,0,0.015314089,0.0,0.08458073250949383
Z04,2025-09-27 15:00:00,0,0.048105262,0.0,0.11737190559506416
Z05,2025-09-27 15:00:00,0,0.024272945,0.0,0.09353958815336227
Z06,2025-09-27 15:00:00,0,0.018224524,0.0,0.08749116770923138
Z07,2025-09-27 15:00:00,0,0.011580899,0.0,0.08084754273295403
Z08,2025-09-27 15:00:00,0,0.034893226,0.0,0.1041598692536354
Z09,2025-09-27 15:00:00,0,0.008374357,0.0,0.07764100003987551
Z10,2025-09-27 15:00:00,0,0.009876437,0.0,0.07914307992905378
Z01,2025-09-27 16:00:00,0,0.016456394,0.0,0.0857230369001627
Z02,2025-09-27 16:00:00,0,0.0085135605,0.0,0.07778020389378071
Z03,2025-09-27 16:00:00,0,0.009038955,0.0,0.07830559834837914
Z04,2025-09-27 16:00:00,0,0.017383777,0.0,0.08665041998028755
Z05,2025-09-27 16:00:00,0,0.009741632,0.0,0.07900827564299107
Z06,2025-09-27 16:00:00,0,0.0140844295,0.0,0.08335107285529375
Z07,2025-09-27 16:00:00,0,0.023313435,0.0,0.09258007816970348
Z08,2025-09-27 16:00:00,0,0.011273772,0.0,0.0805404158309102
Z09,2025-09-27 16:00:00,0,0.047941398,0.0,0.11720804125070572
Z10,2025-09-27 16:00:00,0,0.009508055,0.0,0.07877469807863235
Z01,2025-09-27 17:00:00,0,0.26311874,0.0,0.560992419719696
Z02,2025-09-27 17:00:00,1,0.30387315,0.0,0.9240537464618682
Z03,2025-09-27 17:00:00,0,0.15671885,0.0,0.35086352527141573
Z04,2025-09-27 17:00:00,0,0.02523395,0.0,0.0945005938410759
Z05,2025-09-27 17:00:00,0,0.06091956,0.0,0.13018620386719704
Z06,2025-09-27 17:00:00,0,0.04098227,0.0,0.11024891212582588
Z07,2025-09-27 17:00:00,0,0.5137689,0.0,1.0
Z08,2025-09-27 17:00:00,0,0.090966366,0.021699722856283188,0.1602330096065998
Z09,2025-09-27 17:00:00,0,0.09461678,0.025350134819746017,0.16388342157006264
Z10,2025-09-27 17:00:00,0,0.25038406,0.0,0.5482577383518219
Z01,2025-09-27 18:00:00,0,0.039275523,0.0,0.10854216665029526
Z02,2025-09-27 18:00:00,0,0.03488543,0.0,0.10415207222104073
Z03,2025-09-27 18:00:00,0,0.48558393,0.0,1.0
Z04,2025-09-27 18:00:00,0,0.041663457,0.0,0.11093010008335114
Z05,2025-09-27 18:00:00,0,0.23642519,0.0,0.5342988669872284
Z06,2025-09-27 18:00:00,0,0.03540441,0.0,0.10467105358839035
Z07,2025-09-27 18:00:00,0,0.31712374,0.0,0.9373043358325958
Z08,2025-09-27 18:00:00,0,0.07862277,0.009356129914522171,0.1478894166648388
Z09,2025-09-27 18:00:00,0,0.11579199,0.0,0.3099366664886475
Z10,2025-09-27 18:00:00,0,0.060281005,0.0,0.12954764813184738
Z01,2025-09-27 19:00:00,1,0.9909251,0.9061336398124694,1.0
Z02,2025-09-27 19:00:00,1,0.98750234,0.9027109026908874,1.0
Z03,2025-09-27 19:00:00,1,0.84643435,0.0,1.0
Z04,2025-09-27 19:00:00,1,0.9751736,0.890382158756256,1.0
Z05,2025-09-27 19:00:00,1,0.9914622,0.9066707372665405,1.0
Z06,2025-09-27 19:00:00,1,0.90947145,0.8246800184249877,0.9942628860473633
Z07,2025-09-27 19:00:00,1,0.8762862,0.0040538549423217995,1.0
Z08,2025-09-27 19:00:00,1,0.99101955,0.9062281131744384,1.0
Z09,2025-09-27 19:00:00,1,0.9728895,0.8880980491638183,1.0
Z10,2025-09-27 19:00:00,1,0.98079956,0.8960081219673156,1.0
Z01,2025-09-27 20:00:00,1,0.9927585,0.9079670786857604,1.0
Z02,2025-09-27 20:00:00,1,0.9828498,0.8980583429336547,1.0
Z03,2025-09-27 20:00:00,1,0.97934604,0.8945546030998229,1.0
Z04,2025-09-27 20:00:00,1,0.99259865,0.9078072190284728,1.0
Z05,2025-09-27 20:00:00,1,0.95587206,0.8710806250572204,1.0
Z06,2025-09-27 20:00:00,1,0.9907085,0.9059170365333556,1.0
Z07,2025-09-27 20:00:00,1,0.92778355,0.8429921150207519,1.0
Z08,2025-09-27 20:00:00,1,0.9875771,0.9027856469154357,1.0
Z09,2025-09-27 20:00:00,1,0.9763441,0.8915526747703552,1.0
Z10,2025-09-27 20:00:00,0,0.866547,0.0,1.0
Z01,2025-09-27 21:00:00,1,0.9712493,0.8864578485488891,1.0
Z02,2025-09-27 21:00:00,0,0.8730218,0.0007894277572632058,1.0
Z03,2025-09-27 21:00:00,1,0.710736,0.0,1.0
Z04,2025-09-27 21:00:00,1,0.887946,0.015713655948638938,1.0
Z05,2025-09-27 21:00:00,1,0.9785605,0.8937690734863281,1.0
Z06,2025-09-27 21:00:00,1,0.93007225,0.8452808141708373,1.0
Z07,2025-09-27 21:00:00,0,0.97380304,0.8890116095542907,1.0
Z08,2025-09-27 21:00:00,1,0.9906775,0.9058860421180724,1.0
Z09,2025-09-27 21:00:00,0,0.8847911,0.012558722496032737,1.0
Z10,2025-09-27 21:00:00,1,0.8777572,0.005524837970733665,1.0
Z01,2025-09-27 22:00:00,1,0.98160607,0.8968146324157714,1.0
Z02,2025-09-27 22:00:00,0,0.5525508,0.0,1.0
Z03,2025-09-27 22:00:00,0,0.49769762,0.0,1.0
Z04,2025-09-27 22:00:00,1,0.9092112,0.8244197845458984,0.994002652168274
Z05,2025-09-27 22:00:00,0,0.967902,0.8831105709075927,1.0
Z06,2025-09-27 22:00:00,0,0.48974553,0.0,1.0
Z07,2025-09-27 22:00:00,0,0.11790576,0.0,0.31205043345689776
Z08,2025-09-27 22:00:00,1,0.978956,0.8941645503044128,1.0
Z09,2025-09-27 22:00:00,1,0.9456421,0.8608506798744201,1.0
Z10,2025-09-27 22:00:00,1,0.98639673,0.9016052961349487,1.0
Z01,2025-09-27 23:00:00,0,0.52185416,0.0,1.0
Z02,2025-09-27 23:00:00,0,0.042388543,0.0,0.11165518686175346
Z03,2025-09-27 23:00:00,0,0.011122815,0.0,0.08038945868611336
Z04,2025-09-27 23:00:00,0,0.009664756,0.0,0.07893139962106943
Z05,2025-09-27 23:00:00,0,0.019026823,0.0,0.08829346671700478
Z06,2025-09-27 23:00:00,0,0.008780043,0.0,0.07804668601602316
Z07,2025-09-27 23:00:00,0,0.0103659155,0.0,0.07963255885988474
Z08,2025-09-27 23:00:00,0,0.008431993,0.0,0.07769863680005074
Z09,2025-09-27 23:00:00,0,0.008294112,0.0,0.07756075542420149
Z10,2025-09-27 23:00:00,0,0.009100173,0.0,0.07836681604385376
