zone_id,timestamp,actual_disruption,dominant_cause,action,risk_no_action,risk_proactive,risk_reduction
Z01,2025-07-30 14:00:00,0,rider_shortage,rebalance_riders,0.7513158917427063,0.0585402175784111,0.6927756741642952
Z05,2025-07-30 14:00:00,1,rider_shortage,alert_ops,0.3160591125488281,0.3160591125488281,0.0
Z06,2025-07-30 14:00:00,0,rider_shortage,rebalance_riders,0.827873945236206,0.18083372712135315,0.6470402181148529
Z08,2025-07-30 14:00:00,1,rider_shortage,alert_ops,0.46166056394577026,0.46166056394577026,0.0
Z01,2025-07-30 19:00:00,1,rider_shortage,rebalance_riders,0.9654080271720886,0.5899834036827087,0.3754246234893799
Z02,2025-07-30 19:00:00,0,traffic,reroute_traffic,0.7307046055793762,0.46467259526252747,0.26603201031684875
Z03,2025-07-30 19:00:00,1,rider_shortage,rebalance_riders,0.9800987243652344,0.8418124318122864,0.138286292552948
Z04,2025-07-30 19:00:00,1,rider_shortage,rebalance_riders,0.9718771576881409,0.7248675227165222,0.24700963497161865
Z05,2025-07-30 19:00:00,0,traffic,alert_ops,0.6563481092453003,0.6563481092453003,0.0
Z06,2025-07-30 19:00:00,0,rider_shortage,alert_ops,0.6754968762397766,0.6754968762397766,0.0
Z07,2025-07-30 19:00:00,0,traffic,alert_ops,0.6681670546531677,0.6681670546531677,0.0
Z08,2025-07-30 19:00:00,1,rider_shortage,rebalance_riders,0.9850345253944397,0.8931337594985962,0.0919007658958435
Z09,2025-07-30 19:00:00,1,rider_shortage,rebalance_riders,0.9831928014755249,0.7911067605018616,0.19208604097366333
Z10,2025-07-30 19:00:00,1,rider_shortage,rebalance_riders,0.8330757021903992,0.12030299007892609,0.7127727121114731
Z01,2025-07-30 20:00:00,1,rider_shortage,rebalance_riders,0.9807659387588501,0.7930303812026978,0.18773555755615234
Z02,2025-07-30 20:00:00,1,rider_shortage,rebalance_riders,0.9661336541175842,0.7136297225952148,0.2525039315223694
Z03,2025-07-30 20:00:00,1,rider_shortage,rebalance_riders,0.9714810848236084,0.8175445795059204,0.153936505317688
Z04,2025-07-30 20:00:00,0,rider_shortage,rebalance_riders,0.9429471492767334,0.5835219621658325,0.3594251871109009
Z05,2025-07-30 20:00:00,1,traffic,reroute_traffic,0.7528277635574341,0.48049473762512207,0.272333025932312
Z06,2025-07-30 20:00:00,1,traffic,reroute_traffic,0.8032935261726379,0.568899929523468,0.23439359664916992
Z07,2025-07-30 20:00:00,1,rider_shortage,rebalance_riders,0.9825749397277832,0.5126264095306396,0.46994853019714355
Z08,2025-07-30 20:00:00,0,rider_shortage,rebalance_riders,0.8635456562042236,0.2927086055278778,0.5708370506763458
Z09,2025-07-30 20:00:00,1,traffic,alert_ops,0.6531146168708801,0.6531146168708801,0.0
Z10,2025-07-30 20:00:00,1,rider_shortage,rebalance_riders,0.9938012957572937,0.9753992557525635,0.018402040004730225
Z01,2025-07-30 21:00:00,0,rider_shortage,rebalance_riders,0.8345292806625366,0.11492195725440979,0.7196073234081268
Z05,2025-07-30 21:00:00,1,rider_shortage,rebalance_riders,0.944252073764801,0.08498882502317429,0.8592632487416267
Z06,2025-07-30 21:00:00,1,rider_shortage,rebalance_riders,0.9839988350868225,0.6298215985298157,0.35417723655700684
Z07,2025-07-30 21:00:00,0,rider_shortage,alert_ops,0.38679152727127075,0.38679152727127075,0.0
Z08,2025-07-30 21:00:00,1,rider_shortage,alert_ops,0.4729088842868805,0.4729088842868805,0.0
Z10,2025-07-30 21:00:00,0,rider_shortage,rebalance_riders,0.782626211643219,0.12282084673643112,0.6598053649067879
Z02,2025-07-30 22:00:00,1,rider_shortage,rebalance_riders,0.8634916543960571,0.31222060322761536,0.5512710511684418
Z03,2025-07-30 22:00:00,0,rider_shortage,rebalance_riders,0.8723743557929993,0.4284152090549469,0.44395914673805237
Z05,2025-07-30 22:00:00,0,rider_shortage,alert_ops,0.4608632028102875,0.4608632028102875,0.0
Z06,2025-07-30 22:00:00,1,rider_shortage,alert_ops,0.5839354395866394,0.5839354395866394,0.0
Z07,2025-07-30 22:00:00,0,rider_shortage,alert_ops,0.48320272564888,0.48320272564888,0.0
Z08,2025-07-30 22:00:00,0,rider_shortage,alert_ops,0.3418067395687103,0.3418067395687103,0.0
Z09,2025-07-30 22:00:00,0,rider_shortage,alert_ops,0.6369699835777283,0.6369699835777283,0.0
Z07,2025-07-31 06:00:00,1,rider_shortage,alert_ops,0.4707541763782501,0.4707541763782501,0.0
Z01,2025-07-31 08:00:00,1,rider_shortage,rebalance_riders,0.8987250328063965,0.09380815923213959,0.8049168735742569
Z03,2025-07-31 08:00:00,0,traffic,alert_ops,0.5225862264633179,0.5225862264633179,0.0
Z04,2025-07-31 08:00:00,1,traffic,reroute_traffic,0.8488951921463013,0.7038670182228088,0.14502817392349243
Z05,2025-07-31 08:00:00,0,rider_shortage,rebalance_riders,0.8189677596092224,0.052468739449977875,0.7664990201592445
Z07,2025-07-31 08:00:00,0,traffic,alert_ops,0.6482031941413879,0.6482031941413879,0.0
Z08,2025-07-31 08:00:00,1,rider_shortage,alert_ops,0.6708215475082397,0.6708215475082397,0.0
Z01,2025-07-31 09:00:00,1,traffic,reroute_traffic,0.9343221783638,0.8183722496032715,0.11594992876052856
Z03,2025-07-31 09:00:00,0,traffic,reroute_traffic,0.7928626537322998,0.5757061839103699,0.21715646982192993
Z04,2025-07-31 09:00:00,0,traffic,reroute_traffic,0.7013111114501953,0.34126827120780945,0.36004284024238586
Z05,2025-07-31 09:00:00,0,traffic,alert_ops,0.3442040681838989,0.3442040681838989,0.0
Z06,2025-07-31 09:00:00,0,traffic,alert_ops,0.365045428276062,0.365045428276062,0.0
Z10,2025-07-31 09:00:00,1,traffic,reroute_traffic,0.8632883429527283,0.7133023738861084,0.14998596906661987
Z01,2025-07-31 10:00:00,0,traffic,alert_ops,0.3666706085205078,0.3666706085205078,0.0
Z02,2025-07-31 12:00:00,1,rider_shortage,rebalance_riders,0.828940212726593,0.2649451196193695,0.5639950931072235
Z05,2025-07-31 12:00:00,0,rider_shortage,rebalance_riders,0.7996428608894348,0.03109983541071415,0.7685430254787207
Z08,2025-07-31 12:00:00,0,rider_shortage,alert_ops,0.3917919099330902,0.3917919099330902,0.0
Z10,2025-07-31 12:00:00,0,rider_shortage,alert_ops,0.47982341051101685,0.47982341051101685,0.0
Z01,2025-07-31 13:00:00,0,rider_shortage,alert_ops,0.5864046216011047,0.5864046216011047,0.0
Z06,2025-07-31 13:00:00,0,rider_shortage,alert_ops,0.38977017998695374,0.38977017998695374,0.0
Z01,2025-07-31 14:00:00,1,rider_shortage,alert_ops,0.3287355899810791,0.3287355899810791,0.0
Z02,2025-07-31 14:00:00,0,rider_shortage,alert_ops,0.48228150606155396,0.48228150606155396,0.0
Z10,2025-07-31 14:00:00,0,rider_shortage,rebalance_riders,0.9162832498550415,0.17405261099338531,0.7422306388616562
Z01,2025-07-31 19:00:00,1,traffic,reroute_traffic,0.8348327279090881,0.614414393901825,0.22041833400726318
Z02,2025-07-31 19:00:00,0,traffic,alert_ops,0.6729714274406433,0.6729714274406433,0.0
Z03,2025-07-31 19:00:00,1,rider_shortage,rebalance_riders,0.9395892024040222,0.7221193313598633,0.21746987104415894
Z04,2025-07-31 19:00:00,1,rider_shortage,rebalance_riders,0.9719926118850708,0.6409586071968079,0.33103400468826294
Z05,2025-07-31 19:00:00,0,traffic,reroute_traffic,0.7847065329551697,0.5754466652870178,0.20925986766815186
Z06,2025-07-31 19:00:00,1,rider_shortage,rebalance_riders,0.970719575881958,0.7074613571166992,0.2632582187652588
Z07,2025-07-31 19:00:00,1,rider_shortage,rebalance_riders,0.9872671961784363,0.5651454329490662,0.4221217632293701
Z08,2025-07-31 19:00:00,0,rider_shortage,alert_ops,0.6359272599220276,0.6359272599220276,0.0
Z09,2025-07-31 19:00:00,1,rider_shortage,rebalance_riders,0.941371738910675,0.589284360408783,0.3520873785018921
Z10,2025-07-31 19:00:00,1,rider_shortage,rebalance_riders,0.9924523234367371,0.9768335819244385,0.015618741512298584
Z01,2025-07-31 20:00:00,1,rider_shortage,rebalance_riders,0.962630569934845,0.6125980019569397,0.3500325679779053
Z02,2025-07-31 20:00:00,1,rider_shortage,rebalance_riders,0.9633349180221558,0.6612732410430908,0.30206167697906494
Z03,2025-07-31 20:00:00,1,rider_shortage,rebalance_riders,0.9723195433616638,0.8625146746635437,0.10980486869812012
Z04,2025-07-31 20:00:00,0,traffic,alert_ops,0.6962836384773254,0.6962836384773254,0.0
Z05,2025-07-31 20:00:00,1,rider_shortage,rebalance_riders,0.9844871163368225,0.6592936515808105,0.32519346475601196
Z06,2025-07-31 20:00:00,1,traffic,reroute_traffic,0.7689372301101685,0.5155792832374573,0.2533579468727112
Z07,2025-07-31 20:00:00,1,traffic,reroute_traffic,0.8209425210952759,0.6053121089935303,0.2156304121017456
Z08,2025-07-31 20:00:00,1,rider_shortage,rebalance_riders,0.9396027326583862,0.6702378392219543,0.2693648934364319
Z09,2025-07-31 20:00:00,0,rider_shortage,rebalance_riders,0.8729817271232605,0.3138369917869568,0.5591447353363037
Z10,2025-07-31 20:00:00,1,traffic,alert_ops,0.5108417272567749,0.5108417272567749,0.0
Z01,2025-07-31 21:00:00,1,rider_shortage,rebalance_riders,0.8754650354385376,0.20254972577095032,0.6729153096675873
Z02,2025-07-31 21:00:00,0,rider_shortage,alert_ops,0.6254199743270874,0.6254199743270874,0.0
Z04,2025-07-31 21:00:00,0,rider_shortage,alert_ops,0.47619688510894775,0.47619688510894775,0.0
Z06,2025-07-31 21:00:00,1,rider_shortage,rebalance_riders,0.8640195727348328,0.13662713766098022,0.7273924350738525
Z07,2025-07-31 21:00:00,0,rider_shortage,rebalance_riders,0.8732652068138123,0.02527531608939171,0.8479898907244205
Z08,2025-07-31 21:00:00,1,rider_shortage,rebalance_riders,0.9700500965118408,0.48487207293510437,0.48517802357673645
Z09,2025-07-31 21:00:00,0,rider_shortage,rebalance_riders,0.7721404433250427,0.12964209914207458,0.6424983441829681
Z10,2025-07-31 21:00:00,0,rider_shortage,alert_ops,0.537147045135498,0.537147045135498,0.0
Z01,2025-07-31 22:00:00,1,rider_shortage,alert_ops,0.6748710870742798,0.6748710870742798,0.0
Z03,2025-07-31 22:00:00,1,rider_shortage,alert_ops,0.685832142829895,0.685832142829895,0.0
Z04,2025-07-31 22:00:00,0,rider_shortage,alert_ops,0.46205833554267883,0.46205833554267883,0.0
Z05,2025-07-31 22:00:00,1,rider_shortage,rebalance_riders,0.8662524819374084,0.06812696158885956,0.7981255203485489
Z08,2025-07-31 22:00:00,0,rider_shortage,alert_ops,0.4629203677177429,0.4629203677177429,0.0
Z10,2025-07-31 22:00:00,0,rider_shortage,alert_ops,0.6202380657196045,0.6202380657196045,0.0
Z01,2025-08-01 08:00:00,0,traffic,alert_ops,0.6789495944976807,0.6789495944976807,0.0
Z02,2025-08-01 08:00:00,1,traffic,alert_ops,0.6262142658233643,0.6262142658233643,0.0
Z03,2025-08-01 08:00:00,0,traffic,alert_ops,0.31428053975105286,0.31428053975105286,0.0
Z05,2025-08-01 08:00:00,0,traffic,alert_ops,0.4814194142818451,0.4814194142818451,0.0
Z06,2025-08-01 08:00:00,0,traffic,alert_ops,0.3151520788669586,0.3151520788669586,0.0
Z09,2025-08-01 08:00:00,0,rider_shortage,rebalance_riders,0.7103416919708252,0.08259031921625137,0.6277513727545738
Z01,2025-08-01 09:00:00,0,traffic,alert_ops,0.6143892407417297,0.6143892407417297,0.0
Z03,2025-08-01 09:00:00,0,traffic,alert_ops,0.3712630867958069,0.3712630867958069,0.0
Z04,2025-08-01 09:00:00,0,traffic,alert_ops,0.46152371168136597,0.46152371168136597,0.0
Z05,2025-08-01 09:00:00,1,rider_shortage,rebalance_riders,0.9431397914886475,0.1494588404893875,0.79368095099926
Z07,2025-08-01 09:00:00,0,traffic,alert_ops,0.5554503798484802,0.5554503798484802,0.0
Z08,2025-08-01 09:00:00,0,traffic,alert_ops,0.6112302541732788,0.6112302541732788,0.0
Z09,2025-08-01 09:00:00,0,traffic,alert_ops,0.3718048930168152,0.3718048930168152,0.0
Z07,2025-08-01 12:00:00,0,rider_shortage,alert_ops,0.569104790687561,0.569104790687561,0.0
Z10,2025-08-01 12:00:00,1,rider_shortage,alert_ops,0.3142956793308258,0.3142956793308258,0.0
Z01,2025-08-01 13:00:00,0,rider_shortage,rebalance_riders,0.770651638507843,0.037181295454502106,0.7334703430533409
Z02,2025-08-01 13:00:00,0,rider_shortage,alert_ops,0.620062530040741,0.620062530040741,0.0
Z08,2025-08-01 13:00:00,0,rider_shortage,alert_ops,0.6106933951377869,0.6106933951377869,0.0
Z04,2025-08-01 14:00:00,0,rider_shortage,alert_ops,0.3105493187904358,0.3105493187904358,0.0
Z05,2025-08-01 14:00:00,1,rider_shortage,rebalance_riders,0.706577718257904,0.0216128621250391,0.684964856132865
Z08,2025-08-01 14:00:00,1,rider_shortage,alert_ops,0.3912993371486664,0.3912993371486664,0.0
Z10,2025-08-01 14:00:00,1,rider_shortage,rebalance_riders,0.7220640778541565,0.040315281599760056,0.6817487962543964
Z10,2025-08-01 17:00:00,1,traffic,alert_ops,0.474019855260849,0.474019855260849,0.0
Z01,2025-08-01 19:00:00,1,rider_shortage,rebalance_riders,0.9284309148788452,0.4105745255947113,0.5178563892841339
Z02,2025-08-01 19:00:00,0,rider_shortage,rebalance_riders,0.9799520373344421,0.8505154252052307,0.12943661212921143
Z03,2025-08-01 19:00:00,1,rider_shortage,rebalance_riders,0.9599286317825317,0.7646027207374573,0.19532591104507446
Z04,2025-08-01 19:00:00,1,traffic,reroute_traffic,0.7232775092124939,0.5919573307037354,0.13132017850875854
Z05,2025-08-01 19:00:00,1,rider_shortage,rebalance_riders,0.9387256503105164,0.29357388615608215,0.6451517641544342
Z06,2025-08-01 19:00:00,0,traffic,reroute_traffic,0.7079800367355347,0.4617503881454468,0.2462296485900879
Z07,2025-08-01 19:00:00,1,rider_shortage,rebalance_riders,0.9859739542007446,0.6298493146896362,0.3561246395111084
Z08,2025-08-01 19:00:00,0,rider_shortage,rebalance_riders,0.9126086831092834,0.43525397777557373,0.4773547053337097
Z09,2025-08-01 19:00:00,1,rider_shortage,rebalance_riders,0.9699084162712097,0.7164972424507141,0.2534111738204956
Z10,2025-08-01 19:00:00,1,rider_shortage,rebalance_riders,0.9430624842643738,0.5164846181869507,0.4265778660774231
Z01,2025-08-01 20:00:00,1,rider_shortage,rebalance_riders,0.9522678852081299,0.5408222079277039,0.411445677280426
Z02,2025-08-01 20:00:00,1,rider_shortage,rebalance_riders,0.9773272275924683,0.7753809094429016,0.20194631814956665
Z03,2025-08-01 20:00:00,1,rider_shortage,rebalance_riders,0.9116140007972717,0.6836439371109009,0.22797006368637085
Z04,2025-08-01 20:00:00,1,rider_shortage,rebalance_riders,0.9704805612564087,0.6496545076370239,0.32082605361938477
Z05,2025-08-01 20:00:00,1,rider_shortage,rebalance_riders,0.971611738204956,0.5287659764289856,0.44284576177597046
Z06,2025-08-01 20:00:00,1,rider_shortage,rebalance_riders,0.9508358836174011,0.6122669577598572,0.33856892585754395
Z07,2025-08-01 20:00:00,1,rider_shortage,rebalance_riders,0.9515324234962463,0.1540546864271164,0.7974777370691299
Z08,2025-08-01 20:00:00,1,rider_shortage,rebalance_riders,0.991764485836029,0.9489617347717285,0.04280275106430054
Z09,2025-08-01 20:00:00,1,rider_shortage,rebalance_riders,0.9397724270820618,0.5635507702827454,0.3762216567993164
Z10,2025-08-01 20:00:00,1,rider_shortage,rebalance_riders,0.881676971912384,0.22429735958576202,0.657379612326622
Z02,2025-08-01 21:00:00,0,rider_shortage,rebalance_riders,0.7719164490699768,0.21352754533290863,0.5583889037370682
Z03,2025-08-01 21:00:00,0,rider_shortage,alert_ops,0.6062129735946655,0.6062129735946655,0.0
Z05,2025-08-01 21:00:00,0,rider_shortage,alert_ops,0.30463820695877075,0.30463820695877075,0.0
Z06,2025-08-01 21:00:00,0,rider_shortage,rebalance_riders,0.8798715472221375,0.14864256978034973,0.7312289774417877
Z07,2025-08-01 21:00:00,1,rider_shortage,rebalance_riders,0.8658324480056763,0.031532783061265945,0.8342996649444103
Z09,2025-08-01 21:00:00,1,rider_shortage,rebalance_riders,0.7565851211547852,0.13932859897613525,0.6172565221786499
Z01,2025-08-01 22:00:00,0,rider_shortage,rebalance_riders,0.8612685799598694,0.09156426787376404,0.7697043120861053
Z02,2025-08-01 22:00:00,0,rider_shortage,alert_ops,0.3505982458591461,0.3505982458591461,0.0
Z03,2025-08-01 22:00:00,0,rider_shortage,alert_ops,0.38987231254577637,0.38987231254577637,0.0
Z07,2025-08-01 22:00:00,0,rider_shortage,alert_ops,0.4698600172996521,0.4698600172996521,0.0
Z08,2025-08-01 22:00:00,0,rider_shortage,alert_ops,0.48980912566185,0.48980912566185,0.0
Z09,2025-08-01 22:00:00,1,rider_shortage,rebalance_riders,0.8856899738311768,0.22828839719295502,0.6574015766382217
Z03,2025-08-02 07:00:00,0,rider_shortage,alert_ops,0.6189424395561218,0.6189424395561218,0.0
Z06,2025-08-02 07:00:00,1,rider_shortage,alert_ops,0.4190746545791626,0.4190746545791626,0.0
Z09,2025-08-02 07:00:00,0,rider_shortage,alert_ops,0.36161378026008606,0.36161378026008606,0.0
Z01,2025-08-02 08:00:00,0,traffic,reroute_traffic,0.814958930015564,0.6285008192062378,0.18645811080932617
Z02,2025-08-02 08:00:00,1,rider_shortage,rebalance_riders,0.9777305126190186,0.7567144632339478,0.2210160493850708
Z03,2025-08-02 08:00:00,0,traffic,reroute_traffic,0.8360320925712585,0.6430465579032898,0.19298553466796875
Z04,2025-08-02 08:00:00,0,traffic,alert_ops,0.3887675404548645,0.3887675404548645,0.0
Z05,2025-08-02 08:00:00,1,traffic,reroute_traffic,0.7187854051589966,0.46840548515319824,0.25037992000579834
Z06,2025-08-02 08:00:00,0,traffic,alert_ops,0.5279925465583801,0.5279925465583801,0.0
Z07,2025-08-02 08:00:00,1,traffic,reroute_traffic,0.7770910263061523,0.4576258659362793,0.31946516036987305
Z08,2025-08-02 08:00:00,1,rider_shortage,alert_ops,0.4937135577201843,0.4937135577201843,0.0
Z10,2025-08-02 08:00:00,1,rider_shortage,rebalance_riders,0.9776842594146729,0.5260171890258789,0.45166707038879395
Z01,2025-08-02 09:00:00,0,traffic,reroute_traffic,0.7379019260406494,0.4722079634666443,0.2656939625740051
Z02,2025-08-02 09:00:00,0,traffic,alert_ops,0.697346031665802,0.697346031665802,0.0
Z03,2025-08-02 09:00:00,0,traffic,alert_ops,0.5916634798049927,0.5916634798049927,0.0
Z04,2025-08-02 09:00:00,1,rider_shortage,alert_ops,0.6267956495285034,0.6267956495285034,0.0
Z05,2025-08-02 09:00:00,1,rider_shortage,rebalance_riders,0.96009761095047,0.15012182295322418,0.8099757879972458
Z07,2025-08-02 09:00:00,1,rider_shortage,rebalance_riders,0.9461535811424255,0.2197706699371338,0.7263829112052917
Z09,2025-08-02 09:00:00,0,traffic,alert_ops,0.4512358605861664,0.4512358605861664,0.0
Z10,2025-08-02 09:00:00,1,rider_shortage,rebalance_riders,0.9920420050621033,0.8974025845527649,0.09463942050933838
Z05,2025-08-02 10:00:00,0,traffic,alert_ops,0.5107247233390808,0.5107247233390808,0.0
Z01,2025-08-02 12:00:00,1,rider_shortage,rebalance_riders,0.7408158779144287,0.08273737132549286,0.6580785065889359
Z02,2025-08-02 12:00:00,1,rider_shortage,rebalance_riders,0.8657761216163635,0.17615000903606415,0.6896261125802994
Z03,2025-08-02 12:00:00,1,rider_shortage,alert_ops,0.6455609798431396,0.6455609798431396,0.0
Z04,2025-08-02 12:00:00,0,rider_shortage,rebalance_riders,0.7687405347824097,0.10111601650714874,0.6676245182752609
Z05,2025-08-02 12:00:00,0,rider_shortage,rebalance_riders,0.8300967216491699,0.03702425956726074,0.7930724620819092
Z06,2025-08-02 12:00:00,1,rider_shortage,rebalance_riders,0.9633451104164124,0.23445723950862885,0.7288878709077835
Z08,2025-08-02 12:00:00,1,rider_shortage,rebalance_riders,0.7991936206817627,0.15626715123653412,0.6429264694452286
Z09,2025-08-02 12:00:00,1,rider_shortage,rebalance_riders,0.7485974431037903,0.09879689663648605,0.6498005464673042
Z10,2025-08-02 12:00:00,1,rider_shortage,rebalance_riders,0.94359290599823,0.15483242273330688,0.7887604832649231
Z02,2025-08-02 13:00:00,0,rider_shortage,alert_ops,0.42719778418540955,0.42719778418540955,0.0
Z03,2025-08-02 13:00:00,1,rider_shortage,alert_ops,0.5242446064949036,0.5242446064949036,0.0
Z04,2025-08-02 13:00:00,0,rider_shortage,alert_ops,0.6459132432937622,0.6459132432937622,0.0
Z05,2025-08-02 13:00:00,1,rider_shortage,alert_ops,0.6823413372039795,0.6823413372039795,0.0
Z07,2025-08-02 13:00:00,0,rider_shortage,alert_ops,0.3873693645000458,0.3873693645000458,0.0
Z09,2025-08-02 13:00:00,1,rider_shortage,alert_ops,0.5046402215957642,0.5046402215957642,0.0
Z10,2025-08-02 13:00:00,0,rider_shortage,alert_ops,0.6426333785057068,0.6426333785057068,0.0
Z02,2025-08-02 14:00:00,0,rider_shortage,alert_ops,0.62998366355896,0.62998366355896,0.0
Z04,2025-08-02 14:00:00,1,rider_shortage,rebalance_riders,0.921768844127655,0.21043048799037933,0.7113383561372757
Z05,2025-08-02 14:00:00,1,rider_shortage,alert_ops,0.4713197946548462,0.4713197946548462,0.0
Z06,2025-08-02 14:00:00,1,rider_shortage,rebalance_riders,0.9730916023254395,0.37669700384140015,0.5963945984840393
Z07,2025-08-02 14:00:00,0,rider_shortage,alert_ops,0.6420167088508606,0.6420167088508606,0.0
Z08,2025-08-02 14:00:00,0,rider_shortage,rebalance_riders,0.7017101645469666,0.09622156620025635,0.6054885983467102
Z09,2025-08-02 14:00:00,0,rider_shortage,alert_ops,0.3386504352092743,0.3386504352092743,0.0
Z10,2025-08-02 14:00:00,1,rider_shortage,alert_ops,0.44410309195518494,0.44410309195518494,0.0
Z09,2025-08-02 17:00:00,1,traffic,alert_ops,0.6976935267448425,0.6976935267448425,0.0
Z01,2025-08-02 18:00:00,0,traffic,alert_ops,0.43868765234947205,0.43868765234947205,0.0
Z02,2025-08-02 18:00:00,0,traffic,alert_ops,0.35996371507644653,0.35996371507644653,0.0
Z07,2025-08-02 18:00:00,0,traffic,alert_ops,0.3418862819671631,0.3418862819671631,0.0
Z10,2025-08-02 18:00:00,0,traffic,alert_ops,0.3010304868221283,0.3010304868221283,0.0
Z01,2025-08-02 19:00:00,1,rider_shortage,rebalance_riders,0.8674893975257874,0.15907716751098633,0.708412230014801
Z02,2025-08-02 19:00:00,0,rider_shortage,rebalance_riders,0.7029393911361694,0.09544964134693146,0.607489749789238
Z03,2025-08-02 19:00:00,0,rider_shortage,rebalance_riders,0.9561072587966919,0.8079442381858826,0.14816302061080933
Z04,2025-08-02 19:00:00,1,rider_shortage,rebalance_riders,0.9867963790893555,0.8764181137084961,0.11037826538085938
Z05,2025-08-02 19:00:00,1,rider_shortage,rebalance_riders,0.9797115921974182,0.5971039533615112,0.382607638835907
Z06,2025-08-02 19:00:00,1,rider_shortage,rebalance_riders,0.9554710984230042,0.7125057578086853,0.24296534061431885
Z07,2025-08-02 19:00:00,0,traffic,reroute_traffic,0.8794602751731873,0.7215135097503662,0.15794676542282104
Z08,2025-08-02 19:00:00,1,rider_shortage,rebalance_riders,0.9849745631217957,0.8373710513114929,0.14760351181030273
Z09,2025-08-02 19:00:00,1,rider_shortage,rebalance_riders,0.9927594661712646,0.9481315612792969,0.04462790489196777
Z10,2025-08-02 19:00:00,0,traffic,reroute_traffic,0.8533722162246704,0.6329749226570129,0.22039729356765747
Z01,2025-08-02 20:00:00,1,rider_shortage,rebalance_riders,0.9893772602081299,0.9095051288604736,0.07987213134765625
Z02,2025-08-02 20:00:00,1,rider_shortage,rebalance_riders,0.9902058243751526,0.9194821715354919,0.07072365283966064
Z03,2025-08-02 20:00:00,1,rider_shortage,rebalance_riders,0.9902442693710327,0.968795120716095,0.021449148654937744
Z04,2025-08-02 20:00:00,1,rider_shortage,rebalance_riders,0.9939664602279663,0.9819397330284119,0.012026727199554443
Z05,2025-08-02 20:00:00,1,rider_shortage,rebalance_riders,0.8949775099754333,0.15946586430072784,0.7355116456747055
Z06,2025-08-02 20:00:00,0,traffic,reroute_traffic,0.8119372725486755,0.6249027252197266,0.18703454732894897
Z07,2025-08-02 20:00:00,1,traffic,reroute_traffic,0.8861783742904663,0.7262173295021057,0.1599610447883606
Z08,2025-08-02 20:00:00,1,rider_shortage,rebalance_riders,0.9506961107254028,0.6807882785797119,0.2699078321456909
Z09,2025-08-02 20:00:00,0,rider_shortage,rebalance_riders,0.9561324715614319,0.6617336273193359,0.29439884424209595
Z10,2025-08-02 20:00:00,1,traffic,reroute_traffic,0.9362825155258179,0.8359466791152954,0.10033583641052246
Z01,2025-08-02 21:00:00,0,rider_shortage,rebalance_riders,0.8675106763839722,0.21193131804466248,0.6555793583393097
Z02,2025-08-02 21:00:00,1,rider_shortage,rebalance_riders,0.7904720306396484,0.22225745022296906,0.5682145804166794
Z03,2025-08-02 21:00:00,1,rider_shortage,rebalance_riders,0.9628046751022339,0.6752097010612488,0.2875949740409851
Z04,2025-08-02 21:00:00,1,rider_shortage,rebalance_riders,0.9909558892250061,0.9225379228591919,0.06841796636581421
Z05,2025-08-02 21:00:00,0,rider_shortage,alert_ops,0.6547178626060486,0.6547178626060486,0.0
Z06,2025-08-02 21:00:00,0,rider_shortage,alert_ops,0.34050610661506653,0.34050610661506653,0.0
Z07,2025-08-02 21:00:00,0,rider_shortage,alert_ops,0.38895687460899353,0.38895687460899353,0.0
Z08,2025-08-02 21:00:00,1,rider_shortage,rebalance_riders,0.718037486076355,0.10310974717140198,0.614927738904953
Z09,2025-08-02 21:00:00,0,rider_shortage,rebalance_riders,0.8316226005554199,0.15726825594902039,0.6743543446063995
Z10,2025-08-02 21:00:00,1,rider_shortage,rebalance_riders,0.9851821064949036,0.2948121130466461,0.6903699934482574
Z02,2025-08-02 22:00:00,0,rider_shortage,rebalance_riders,0.8738069534301758,0.2536930739879608,0.620113879442215
Z03,2025-08-02 22:00:00,0,rider_shortage,alert_ops,0.3490380346775055,0.3490380346775055,0.0
Z04,2025-08-02 22:00:00,1,rider_shortage,rebalance_riders,0.9834096431732178,0.5783856511116028,0.405023992061615
Z05,2025-08-02 22:00:00,1,rider_shortage,rebalance_riders,0.9798803925514221,0.26082563400268555,0.7190547585487366
Z06,2025-08-02 22:00:00,1,rider_shortage,rebalance_riders,0.8861932754516602,0.1496231108903885,0.7365701645612717
Z08,2025-08-02 22:00:00,0,rider_shortage,rebalance_riders,0.7086852192878723,0.109870046377182,0.5988151729106903
Z09,2025-08-02 22:00:00,1,rider_shortage,rebalance_riders,0.9765106439590454,0.5562635064125061,0.4202471375465393
Z10,2025-08-02 22:00:00,1,rider_shortage,rebalance_riders,0.9763819575309753,0.8607067465782166,0.11567521095275879
Z04,2025-08-03 07:00:00,0,rider_shortage,alert_ops,0.32140442728996277,0.32140442728996277,0.0
Z06,2025-08-03 07:00:00,1,rider_shortage,alert_ops,0.48298409581184387,0.48298409581184387,0.0
Z07,2025-08-03 07:00:00,1,rider_shortage,rebalance_riders,0.8778958320617676,0.01927649974822998,0.8586193323135376
Z03,2025-08-03 08:00:00,0,traffic,alert_ops,0.6243590116500854,0.6243590116500854,0.0
Z04,2025-08-03 08:00:00,0,traffic,alert_ops,0.626188337802887,0.626188337802887,0.0
Z06,2025-08-03 08:00:00,0,traffic,alert_ops,0.6628124117851257,0.6628124117851257,0.0
Z08,2025-08-03 08:00:00,1,traffic,alert_ops,0.3414558172225952,0.3414558172225952,0.0
Z09,2025-08-03 08:00:00,0,traffic,alert_ops,0.4629842936992645,0.4629842936992645,0.0
Z10,2025-08-03 08:00:00,0,traffic,alert_ops,0.3521649241447449,0.3521649241447449,0.0
Z01,2025-08-03 09:00:00,0,traffic,reroute_traffic,0.7590361833572388,0.5359365344047546,0.22309964895248413
Z02,2025-08-03 09:00:00,1,traffic,reroute_traffic,0.8403419256210327,0.6386760473251343,0.20166587829589844
Z03,2025-08-03 09:00:00,0,traffic,reroute_traffic,0.7931179404258728,0.5911237001419067,0.20199424028396606
Z04,2025-08-03 09:00:00,1,traffic,reroute_traffic,0.7394621968269348,0.5506818294525146,0.18878036737442017
Z05,2025-08-03 09:00:00,0,traffic,reroute_traffic,0.7533826231956482,0.4719438850879669,0.2814387381076813
Z06,2025-08-03 09:00:00,0,rider_shortage,rebalance_riders,0.8186711668968201,0.09668363630771637,0.7219875305891037
Z07,2025-08-03 09:00:00,0,traffic,alert_ops,0.31365370750427246,0.31365370750427246,0.0
Z08,2025-08-03 09:00:00,0,traffic,alert_ops,0.5317586660385132,0.5317586660385132,0.0
Z09,2025-08-03 09:00:00,0,rider_shortage,rebalance_riders,0.8124212622642517,0.08171787858009338,0.7307033836841583
Z04,2025-08-03 10:00:00,1,rider_shortage,rebalance_riders,0.9074604511260986,0.14263565838336945,0.7648247927427292
Z06,2025-08-03 10:00:00,0,traffic,alert_ops,0.3270070552825928,0.3270070552825928,0.0
Z01,2025-08-03 12:00:00,0,rider_shortage,alert_ops,0.3697211444377899,0.3697211444377899,0.0
Z02,2025-08-03 12:00:00,1,rider_shortage,rebalance_riders,0.7152631878852844,0.08280567079782486,0.6324575170874596
Z03,2025-08-03 12:00:00,1,rider_shortage,rebalance_riders,0.98260498046875,0.6239328980445862,0.3586720824241638
Z04,2025-08-03 12:00:00,0,rider_shortage,alert_ops,0.3118866980075836,0.3118866980075836,0.0
Z05,2025-08-03 12:00:00,1,rider_shortage,rebalance_riders,0.9709092378616333,0.35076382756233215,0.6201454102993011
Z08,2025-08-03 12:00:00,0,rider_shortage,alert_ops,0.3794400095939636,0.3794400095939636,0.0
Z09,2025-08-03 12:00:00,0,rider_shortage,alert_ops,0.47657063603401184,0.47657063603401184,0.0
Z10,2025-08-03 12:00:00,1,rider_shortage,rebalance_riders,0.7254576683044434,0.0720231756567955,0.6534344926476479
Z01,2025-08-03 13:00:00,0,rider_shortage,alert_ops,0.31846997141838074,0.31846997141838074,0.0
Z03,2025-08-03 13:00:00,1,rider_shortage,rebalance_riders,0.9293414950370789,0.5383783578872681,0.3909631371498108
Z04,2025-08-03 13:00:00,1,rider_shortage,alert_ops,0.49774640798568726,0.49774640798568726,0.0
Z05,2025-08-03 13:00:00,1,rider_shortage,rebalance_riders,0.9826029539108276,0.30342918634414673,0.6791737675666809
Z06,2025-08-03 13:00:00,1,rider_shortage,alert_ops,0.4501795172691345,0.4501795172691345,0.0
Z08,2025-08-03 13:00:00,0,rider_shortage,alert_ops,0.5233888030052185,0.5233888030052185,0.0
Z09,2025-08-03 13:00:00,0,rider_shortage,alert_ops,0.6569703221321106,0.6569703221321106,0.0
Z10,2025-08-03 13:00:00,1,rider_shortage,rebalance_riders,0.9873111248016357,0.8229326009750366,0.16437852382659912
Z01,2025-08-03 14:00:00,1,rider_shortage,alert_ops,0.522510290145874,0.522510290145874,0.0
Z03,2025-08-03 14:00:00,0,rider_shortage,alert_ops,0.3941008448600769,0.3941008448600769,0.0
Z04,2025-08-03 14:00:00,0,rider_shortage,rebalance_riders,0.7621891498565674,0.07207687944173813,0.6901122704148293
Z05,2025-08-03 14:00:00,0,rider_shortage,alert_ops,0.339608371257782,0.339608371257782,0.0
Z08,2025-08-03 14:00:00,1,rider_shortage,rebalance_riders,0.7634180784225464,0.14202246069908142,0.621395617723465
Z09,2025-08-03 14:00:00,1,rider_shortage,rebalance_riders,0.8315185904502869,0.1583462804555893,0.6731723099946976
Z10,2025-08-03 14:00:00,1,rider_shortage,alert_ops,0.6766705513000488,0.6766705513000488,0.0
Z06,2025-08-03 15:00:00,0,rider_shortage,alert_ops,0.41346532106399536,0.41346532106399536,0.0
Z01,2025-08-03 17:00:00,0,traffic,alert_ops,0.5608801245689392,0.5608801245689392,0.0
Z07,2025-08-03 17:00:00,0,traffic,alert_ops,0.5826431512832642,0.5826431512832642,0.0
Z10,2025-08-03 18:00:00,0,traffic,alert_ops,0.3337373733520508,0.3337373733520508,0.0
Z01,2025-08-03 19:00:00,1,rider_shortage,rebalance_riders,0.9822956323623657,0.8604298233985901,0.12186580896377563
Z02,2025-08-03 19:00:00,1,rider_shortage,rebalance_riders,0.9933319687843323,0.9724271893501282,0.0209047794342041
Z03,2025-08-03 19:00:00,1,rider_shortage,rebalance_riders,0.9915106892585754,0.9647729396820068,0.026737749576568604
Z04,2025-08-03 19:00:00,1,rider_shortage,rebalance_riders,0.9842270016670227,0.8409222960472107,0.143304705619812
Z05,2025-08-03 19:00:00,1,rider_shortage,rebalance_riders,0.9877851009368896,0.7716854214668274,0.21609967947006226
Z06,2025-08-03 19:00:00,0,rider_shortage,rebalance_riders,0.980374276638031,0.8297868371009827,0.15058743953704834
Z07,2025-08-03 19:00:00,1,rider_shortage,rebalance_riders,0.9591766595840454,0.2995455265045166,0.6596311330795288
Z08,2025-08-03 19:00:00,1,rider_shortage,rebalance_riders,0.9730936288833618,0.7930952310562134,0.17999839782714844
Z09,2025-08-03 19:00:00,1,rider_shortage,rebalance_riders,0.9832778573036194,0.8438923358917236,0.13938552141189575
Z10,2025-08-03 19:00:00,1,rider_shortage,rebalance_riders,0.9887030124664307,0.8408306837081909,0.14787232875823975
Z01,2025-08-03 20:00:00,1,rider_shortage,rebalance_riders,0.9848136305809021,0.8504534959793091,0.13436013460159302
Z02,2025-08-03 20:00:00,1,rider_shortage,rebalance_riders,0.9691082835197449,0.808333694934845,0.1607745885848999
Z03,2025-08-03 20:00:00,1,rider_shortage,rebalance_riders,0.9542529582977295,0.8048662543296814,0.1493867039680481
Z04,2025-08-03 20:00:00,1,rider_shortage,rebalance_riders,0.9931753277778625,0.9587315917015076,0.03444373607635498
Z05,2025-08-03 20:00:00,1,rider_shortage,rebalance_riders,0.9930520057678223,0.9716914892196655,0.02136051654815674
Z06,2025-08-03 20:00:00,1,rider_shortage,rebalance_riders,0.9482191801071167,0.635763943195343,0.3124552369117737
Z07,2025-08-03 20:00:00,1,rider_shortage,rebalance_riders,0.9903556108474731,0.7259743809700012,0.2643812298774719
Z08,2025-08-03 20:00:00,1,rider_shortage,rebalance_riders,0.984214723110199,0.860031247138977,0.12418347597122192
Z09,2025-08-03 20:00:00,1,rider_shortage,rebalance_riders,0.9784393906593323,0.8259921669960022,0.15244722366333008
Z10,2025-08-03 20:00:00,1,rider_shortage,rebalance_riders,0.9734872579574585,0.761925220489502,0.21156203746795654
Z02,2025-08-03 21:00:00,1,rider_shortage,rebalance_riders,0.9379151463508606,0.4372091591358185,0.5007059872150421
Z03,2025-08-03 21:00:00,1,rider_shortage,rebalance_riders,0.7950325608253479,0.2263699173927307,0.5686626434326172
Z04,2025-08-03 21:00:00,1,rider_shortage,rebalance_riders,0.979775071144104,0.556065022945404,0.42371004819869995
Z05,2025-08-03 21:00:00,1,rider_shortage,rebalance_riders,0.9671187400817871,0.10420446842908859,0.8629142716526985
Z06,2025-08-03 21:00:00,0,rider_shortage,rebalance_riders,0.7971827983856201,0.10784764587879181,0.6893351525068283
Z07,2025-08-03 21:00:00,0,rider_shortage,alert_ops,0.3228122293949127,0.3228122293949127,0.0
Z08,2025-08-03 21:00:00,0,rider_shortage,alert_ops,0.4870316684246063,0.4870316684246063,0.0
Z09,2025-08-03 21:00:00,1,rider_shortage,alert_ops,0.6534097194671631,0.6534097194671631,0.0
Z10,2025-08-03 21:00:00,0,rider_shortage,alert_ops,0.3267911374568939,0.3267911374568939,0.0
Z01,2025-08-03 22:00:00,1,rider_shortage,rebalance_riders,0.9757882952690125,0.7263594269752502,0.2494288682937622
Z02,2025-08-03 22:00:00,1,rider_shortage,rebalance_riders,0.9740716814994812,0.7280638813972473,0.2460078001022339
Z03,2025-08-03 22:00:00,0,rider_shortage,alert_ops,0.3753976821899414,0.3753976821899414,0.0
Z04,2025-08-03 22:00:00,1,rider_shortage,alert_ops,0.6721516251564026,0.6721516251564026,0.0
Z05,2025-08-03 22:00:00,0,rider_shortage,rebalance_riders,0.7793537378311157,0.03686673194169998,0.7424870058894157
Z06,2025-08-03 22:00:00,0,rider_shortage,rebalance_riders,0.8451863527297974,0.15117643773555756,0.6940099149942398
Z07,2025-08-03 22:00:00,1,rider_shortage,rebalance_riders,0.949382483959198,0.06408094614744186,0.8853015378117561
Z09,2025-08-03 22:00:00,1,rider_shortage,rebalance_riders,0.9339686036109924,0.39523929357528687,0.5387293100357056
Z10,2025-08-03 22:00:00,1,rider_shortage,rebalance_riders,0.9865003228187561,0.6925767064094543,0.29392361640930176
Z10,2025-08-04 06:00:00,0,rider_shortage,alert_ops,0.4232785999774933,0.4232785999774933,0.0
Z01,2025-08-04 08:00:00,0,traffic,alert_ops,0.39702174067497253,0.39702174067497253,0.0
Z03,2025-08-04 08:00:00,1,traffic,alert_ops,0.560693085193634,0.560693085193634,0.0
Z04,2025-08-04 08:00:00,0,traffic,alert_ops,0.6351353526115417,0.6351353526115417,0.0
Z07,2025-08-04 08:00:00,1,traffic,reroute_traffic,0.7577099204063416,0.6190365552902222,0.13867336511611938
Z08,2025-08-04 08:00:00,0,traffic,alert_ops,0.691149115562439,0.691149115562439,0.0
Z10,2025-08-04 08:00:00,0,traffic,alert_ops,0.39599061012268066,0.39599061012268066,0.0
Z01,2025-08-04 09:00:00,0,traffic,reroute_traffic,0.7996856570243835,0.5354211330413818,0.2642645239830017
Z04,2025-08-04 09:00:00,0,traffic,alert_ops,0.3212283253669739,0.3212283253669739,0.0
Z06,2025-08-04 09:00:00,0,traffic,alert_ops,0.6435652375221252,0.6435652375221252,0.0
Z07,2025-08-04 09:00:00,0,traffic,alert_ops,0.690619170665741,0.690619170665741,0.0
Z08,2025-08-04 09:00:00,0,traffic,alert_ops,0.5616738796234131,0.5616738796234131,0.0
Z07,2025-08-04 10:00:00,0,traffic,alert_ops,0.4670775830745697,0.4670775830745697,0.0
Z01,2025-08-04 12:00:00,0,rider_shortage,alert_ops,0.326236367225647,0.326236367225647,0.0
Z05,2025-08-04 12:00:00,1,rider_shortage,alert_ops,0.5124322772026062,0.5124322772026062,0.0
Z07,2025-08-04 12:00:00,1,rider_shortage,rebalance_riders,0.9802282452583313,0.15289553999900818,0.8273327052593231
Z10,2025-08-04 12:00:00,1,rider_shortage,alert_ops,0.4042465388774872,0.4042465388774872,0.0
Z01,2025-08-04 13:00:00,1,rider_shortage,rebalance_riders,0.8847431540489197,0.12510541081428528,0.7596377432346344
Z03,2025-08-04 13:00:00,0,rider_shortage,alert_ops,0.5004811882972717,0.5004811882972717,0.0
Z04,2025-08-04 13:00:00,1,rider_shortage,alert_ops,0.46475929021835327,0.46475929021835327,0.0
Z06,2025-08-04 13:00:00,0,rider_shortage,alert_ops,0.5535916686058044,0.5535916686058044,0.0
Z08,2025-08-04 13:00:00,0,rider_shortage,alert_ops,0.3302440941333771,0.3302440941333771,0.0
Z08,2025-08-04 14:00:00,0,rider_shortage,alert_ops,0.4529974162578583,0.4529974162578583,0.0
Z09,2025-08-04 14:00:00,1,rider_shortage,alert_ops,0.6764404773712158,0.6764404773712158,0.0
Z05,2025-08-04 17:00:00,0,traffic,alert_ops,0.31711703538894653,0.31711703538894653,0.0
Z08,2025-08-04 17:00:00,1,traffic,alert_ops,0.37876665592193604,0.37876665592193604,0.0
Z05,2025-08-04 18:00:00,0,traffic,reroute_traffic,0.8229327201843262,0.6098237633705139,0.21310895681381226
Z01,2025-08-04 19:00:00,1,rider_shortage,rebalance_riders,0.8895685076713562,0.3037041127681732,0.585864394903183
Z02,2025-08-04 19:00:00,1,rider_shortage,rebalance_riders,0.9653043746948242,0.7665418386459351,0.19876253604888916
Z03,2025-08-04 19:00:00,1,rider_shortage,rebalance_riders,0.9244303107261658,0.6448197364807129,0.2796105742454529
Z04,2025-08-04 19:00:00,0,traffic,alert_ops,0.6779847145080566,0.6779847145080566,0.0
Z05,2025-08-04 19:00:00,0,rider_shortage,alert_ops,0.6847098469734192,0.6847098469734192,0.0
Z06,2025-08-04 19:00:00,1,rider_shortage,rebalance_riders,0.9901427030563354,0.8782320022583008,0.11191070079803467
Z07,2025-08-04 19:00:00,1,rider_shortage,rebalance_riders,0.8774441480636597,0.061216745525598526,0.8162274025380611
Z08,2025-08-04 19:00:00,1,rider_shortage,rebalance_riders,0.8326855897903442,0.336557537317276,0.49612805247306824
Z09,2025-08-04 19:00:00,1,rider_shortage,rebalance_riders,0.8994503617286682,0.4461006224155426,0.4533497393131256
Z10,2025-08-04 19:00:00,0,rider_shortage,alert_ops,0.5382475256919861,0.5382475256919861,0.0
Z01,2025-08-04 20:00:00,1,rider_shortage,rebalance_riders,0.925239622592926,0.428976446390152,0.49626317620277405
Z02,2025-08-04 20:00:00,1,rider_shortage,rebalance_riders,0.7435704469680786,0.1767839789390564,0.5667864680290222
Z03,2025-08-04 20:00:00,1,rider_shortage,rebalance_riders,0.9029051065444946,0.6325528025627136,0.270352303981781
Z04,2025-08-04 20:00:00,0,traffic,alert_ops,0.6602360606193542,0.6602360606193542,0.0
Z05,2025-08-04 20:00:00,1,rider_shortage,rebalance_riders,0.9245103001594543,0.2617688775062561,0.6627414226531982
Z06,2025-08-04 20:00:00,0,traffic,alert_ops,0.6960477828979492,0.6960477828979492,0.0
Z07,2025-08-04 20:00:00,1,traffic,reroute_traffic,0.7542632222175598,0.5916386842727661,0.1626245379447937
Z08,2025-08-04 20:00:00,1,rider_shortage,rebalance_riders,0.9681317806243896,0.6742382049560547,0.29389357566833496
Z09,2025-08-04 20:00:00,1,rider_shortage,rebalance_riders,0.877956211566925,0.2846946120262146,0.5932615995407104
Z10,2025-08-04 20:00:00,1,traffic,reroute_traffic,0.7588276863098145,0.5292104482650757,0.22961723804473877
Z03,2025-08-04 21:00:00,0,rider_shortage,alert_ops,0.3473165035247803,0.3473165035247803,0.0
Z05,2025-08-04 21:00:00,1,rider_shortage,rebalance_riders,0.8874549269676208,0.05962923914194107,0.8278256878256798
Z07,2025-08-04 21:00:00,1,rider_shortage,alert_ops,0.6842522025108337,0.6842522025108337,0.0
Z10,2025-08-04 21:00:00,0,rider_shortage,alert_ops,0.6342144012451172,0.6342144012451172,0.0
Z01,2025-08-04 22:00:00,0,rider_shortage,alert_ops,0.5489972233772278,0.5489972233772278,0.0
Z02,2025-08-04 22:00:00,0,rider_shortage,alert_ops,0.49890437722206116,0.49890437722206116,0.0
Z05,2025-08-04 22:00:00,0,rider_shortage,rebalance_riders,0.833226203918457,0.02477753907442093,0.8084486648440361
Z06,2025-08-04 22:00:00,0,rider_shortage,alert_ops,0.5680694580078125,0.5680694580078125,0.0
Z09,2025-08-04 22:00:00,1,rider_shortage,rebalance_riders,0.9046794772148132,0.24670374393463135,0.6579757332801819
Z01,2025-08-05 08:00:00,0,traffic,alert_ops,0.4648159146308899,0.4648159146308899,0.0
Z03,2025-08-05 08:00:00,0,traffic,reroute_traffic,0.7149817943572998,0.46318620443344116,0.25179558992385864
Z04,2025-08-05 08:00:00,0,traffic,alert_ops,0.3172636926174164,0.3172636926174164,0.0
Z05,2025-08-05 08:00:00,0,traffic,alert_ops,0.3597123324871063,0.3597123324871063,0.0
Z08,2025-08-05 08:00:00,0,rider_shortage,alert_ops,0.645033597946167,0.645033597946167,0.0
Z09,2025-08-05 08:00:00,0,traffic,alert_ops,0.5985466837882996,0.5985466837882996,0.0
Z03,2025-08-05 09:00:00,1,traffic,reroute_traffic,0.7669796943664551,0.5202146768569946,0.24676501750946045
Z05,2025-08-05 09:00:00,1,traffic,reroute_traffic,0.8656133413314819,0.6752767562866211,0.19033658504486084
Z06,2025-08-05 09:00:00,0,traffic,alert_ops,0.36208125948905945,0.36208125948905945,0.0
Z07,2025-08-05 09:00:00,0,traffic,reroute_traffic,0.8411056399345398,0.635267972946167,0.2058376669883728
Z08,2025-08-05 09:00:00,0,traffic,alert_ops,0.4939892292022705,0.4939892292022705,0.0
Z09,2025-08-05 09:00:00,0,traffic,alert_ops,0.6561058759689331,0.6561058759689331,0.0
Z01,2025-08-05 12:00:00,1,rider_shortage,rebalance_riders,0.7564616203308105,0.08805951476097107,0.6684021055698395
Z02,2025-08-05 12:00:00,0,rider_shortage,alert_ops,0.530605673789978,0.530605673789978,0.0
Z07,2025-08-05 12:00:00,0,rider_shortage,alert_ops,0.3006487488746643,0.3006487488746643,0.0
Z08,2025-08-05 12:00:00,1,rider_shortage,alert_ops,0.3756569027900696,0.3756569027900696,0.0
Z04,2025-08-05 13:00:00,0,rider_shortage,alert_ops,0.4984567165374756,0.4984567165374756,0.0
Z06,2025-08-05 13:00:00,1,rider_shortage,alert_ops,0.5177438259124756,0.5177438259124756,0.0
Z07,2025-08-05 13:00:00,1,rider_shortage,rebalance_riders,0.9567378759384155,0.05073590204119682,0.9060019738972187
Z01,2025-08-05 14:00:00,1,rider_shortage,alert_ops,0.6979007124900818,0.6979007124900818,0.0
Z09,2025-08-05 14:00:00,1,rider_shortage,alert_ops,0.4367685317993164,0.4367685317993164,0.0
Z07,2025-08-05 18:00:00,1,traffic,alert_ops,0.44099894165992737,0.44099894165992737,0.0
Z01,2025-08-05 19:00:00,1,traffic,reroute_traffic,0.9213969707489014,0.7837679982185364,0.137628972530365
Z02,2025-08-05 19:00:00,1,rider_shortage,rebalance_riders,0.9777957797050476,0.8402324914932251,0.1375632882118225
Z03,2025-08-05 19:00:00,0,rider_shortage,rebalance_riders,0.898617684841156,0.6303489208221436,0.26826876401901245
Z04,2025-08-05 19:00:00,1,rider_shortage,rebalance_riders,0.7284963130950928,0.12400582432746887,0.6044904887676239
Z05,2025-08-05 19:00:00,1,rider_shortage,rebalance_riders,0.9744586944580078,0.37392884492874146,0.6005298495292664
Z06,2025-08-05 19:00:00,1,traffic,reroute_traffic,0.8543075323104858,0.7237921953201294,0.13051533699035645
Z07,2025-08-05 19:00:00,1,rider_shortage,rebalance_riders,0.960013747215271,0.21105174720287323,0.7489620000123978
Z08,2025-08-05 19:00:00,1,rider_shortage,rebalance_riders,0.9818597435951233,0.8227323889732361,0.1591273546218872
Z09,2025-08-05 19:00:00,1,rider_shortage,rebalance_riders,0.8901727795600891,0.27947643399238586,0.6106963455677032
Z10,2025-08-05 19:00:00,0,rider_shortage,rebalance_riders,0.7435518503189087,0.08101600408554077,0.6625358462333679
Z01,2025-08-05 20:00:00,1,traffic,reroute_traffic,0.8749081492424011,0.7497054934501648,0.12520265579223633
Z02,2025-08-05 20:00:00,1,traffic,alert_ops,0.6405768394470215,0.6405768394470215,0.0
Z03,2025-08-05 20:00:00,1,rider_shortage,rebalance_riders,0.9066553115844727,0.5574255585670471,0.34922975301742554
Z04,2025-08-05 20:00:00,0,traffic,alert_ops,0.6388759016990662,0.6388759016990662,0.0
Z05,2025-08-05 20:00:00,1,rider_shortage,rebalance_riders,0.8802398443222046,0.15022096037864685,0.7300188839435577
Z06,2025-08-05 20:00:00,1,rider_shortage,rebalance_riders,0.974645733833313,0.6629515290260315,0.3116942048072815
Z07,2025-08-05 20:00:00,1,rider_shortage,rebalance_riders,0.9894371032714844,0.7050396203994751,0.2843974828720093
Z08,2025-08-05 20:00:00,0,traffic,reroute_traffic,0.8671510815620422,0.6792830228805542,0.18786805868148804
Z09,2025-08-05 20:00:00,1,rider_shortage,rebalance_riders,0.9659139513969421,0.6879744529724121,0.27793949842453003
Z10,2025-08-05 20:00:00,1,traffic,reroute_traffic,0.787330687046051,0.6088252663612366,0.17850542068481445
Z02,2025-08-05 21:00:00,0,rider_shortage,alert_ops,0.4617267847061157,0.4617267847061157,0.0
Z03,2025-08-05 21:00:00,0,rider_shortage,alert_ops,0.5386855602264404,0.5386855602264404,0.0
Z05,2025-08-05 21:00:00,0,rider_shortage,rebalance_riders,0.8453904986381531,0.04223112389445305,0.8031593747437
Z06,2025-08-05 21:00:00,0,rider_shortage,alert_ops,0.6436985731124878,0.6436985731124878,0.0
Z08,2025-08-05 21:00:00,0,rider_shortage,rebalance_riders,0.8155943155288696,0.171481192111969,0.6441131234169006
Z10,2025-08-05 21:00:00,1,rider_shortage,rebalance_riders,0.9051458835601807,0.15818671882152557,0.7469591647386551
Z01,2025-08-05 22:00:00,1,rider_shortage,rebalance_riders,0.8886572122573853,0.15260256826877594,0.7360546439886093
Z03,2025-08-05 22:00:00,1,rider_shortage,rebalance_riders,0.9701979756355286,0.6348387598991394,0.33535921573638916
Z05,2025-08-05 22:00:00,1,rider_shortage,rebalance_riders,0.958703339099884,0.11638505011796951,0.8423182889819145
Z06,2025-08-05 22:00:00,0,rider_shortage,alert_ops,0.48878294229507446,0.48878294229507446,0.0
Z06,2025-08-06 07:00:00,1,rider_shortage,alert_ops,0.3662830591201782,0.3662830591201782,0.0
Z04,2025-08-06 08:00:00,0,traffic,alert_ops,0.5917502641677856,0.5917502641677856,0.0
Z05,2025-08-06 08:00:00,1,traffic,alert_ops,0.6589832305908203,0.6589832305908203,0.0
Z07,2025-08-06 08:00:00,0,traffic,alert_ops,0.3940809369087219,0.3940809369087219,0.0
Z08,2025-08-06 08:00:00,0,traffic,alert_ops,0.3058420717716217,0.3058420717716217,0.0
Z01,2025-08-06 09:00:00,0,traffic,alert_ops,0.5352916717529297,0.5352916717529297,0.0
Z02,2025-08-06 09:00:00,0,traffic,alert_ops,0.3346990644931793,0.3346990644931793,0.0
Z03,2025-08-06 09:00:00,0,traffic,alert_ops,0.6273193359375,0.6273193359375,0.0
Z04,2025-08-06 09:00:00,0,traffic,alert_ops,0.43122509121894836,0.43122509121894836,0.0
Z05,2025-08-06 09:00:00,0,traffic,alert_ops,0.4500945210456848,0.4500945210456848,0.0
Z06,2025-08-06 09:00:00,0,traffic,alert_ops,0.4810783863067627,0.4810783863067627,0.0
Z01,2025-08-06 12:00:00,1,rider_shortage,alert_ops,0.5284954309463501,0.5284954309463501,0.0
Z07,2025-08-06 12:00:00,0,rider_shortage,alert_ops,0.6226366758346558,0.6226366758346558,0.0
Z05,2025-08-06 13:00:00,1,rider_shortage,rebalance_riders,0.8995230197906494,0.1250247061252594,0.77449831366539
Z08,2025-08-06 13:00:00,1,rider_shortage,rebalance_riders,0.7158262729644775,0.11891766637563705,0.5969086065888405
Z04,2025-08-06 14:00:00,0,rider_shortage,rebalance_riders,0.7330000400543213,0.09118391573429108,0.6418161243200302
Z06,2025-08-06 14:00:00,1,rider_shortage,rebalance_riders,0.8838233947753906,0.18578001856803894,0.6980433762073517
Z07,2025-08-06 14:00:00,1,rider_shortage,rebalance_riders,0.9437460899353027,0.0294133760035038,0.9143327139317989
Z09,2025-08-06 14:00:00,0,rider_shortage,alert_ops,0.5019021034240723,0.5019021034240723,0.0
Z06,2025-08-06 17:00:00,0,traffic,reroute_traffic,0.7452007532119751,0.44860872626304626,0.29659202694892883
Z09,2025-08-06 18:00:00,0,traffic,alert_ops,0.39849427342414856,0.39849427342414856,0.0
Z01,2025-08-06 19:00:00,1,rider_shortage,rebalance_riders,0.9933255910873413,0.9698507785797119,0.023474812507629395
Z02,2025-08-06 19:00:00,1,rider_shortage,alert_ops,0.6793360114097595,0.6793360114097595,0.0
Z03,2025-08-06 19:00:00,0,rider_shortage,rebalance_riders,0.8398550152778625,0.4409264922142029,0.39892852306365967
Z04,2025-08-06 19:00:00,0,traffic,alert_ops,0.6691656708717346,0.6691656708717346,0.0
Z05,2025-08-06 19:00:00,1,rider_shortage,rebalance_riders,0.9505346417427063,0.3043636381626129,0.6461710035800934
Z06,2025-08-06 19:00:00,0,rider_shortage,rebalance_riders,0.9119759202003479,0.38902798295021057,0.5229479372501373
Z07,2025-08-06 19:00:00,1,traffic,reroute_traffic,0.7168277502059937,0.46145299077033997,0.2553747594356537
Z08,2025-08-06 19:00:00,1,rider_shortage,rebalance_riders,0.9895550012588501,0.9123015403747559,0.07725346088409424
Z09,2025-08-06 19:00:00,1,rider_shortage,rebalance_riders,0.9740512371063232,0.7870087027549744,0.18704253435134888
Z10,2025-08-06 19:00:00,1,rider_shortage,rebalance_riders,0.9378530383110046,0.3958452343940735,0.5420078039169312
Z01,2025-08-06 20:00:00,1,rider_shortage,rebalance_riders,0.8121690154075623,0.22587300837039948,0.5862960070371628
Z02,2025-08-06 20:00:00,0,traffic,reroute_traffic,0.8356416821479797,0.6561213135719299,0.1795203685760498
Z03,2025-08-06 20:00:00,0,rider_shortage,rebalance_riders,0.9366479516029358,0.666650116443634,0.26999783515930176
Z04,2025-08-06 20:00:00,1,rider_shortage,rebalance_riders,0.9550484418869019,0.5962613821029663,0.35878705978393555
Z05,2025-08-06 20:00:00,0,traffic,alert_ops,0.6448184251785278,0.6448184251785278,0.0
Z06,2025-08-06 20:00:00,1,rider_shortage,rebalance_riders,0.9646298289299011,0.6218627095222473,0.3427671194076538
Z07,2025-08-06 20:00:00,1,rider_shortage,rebalance_riders,0.9577722549438477,0.24755777418613434,0.7102144807577133
Z08,2025-08-06 20:00:00,1,traffic,reroute_traffic,0.7813869714736938,0.5307443737983704,0.2506425976753235
Z09,2025-08-06 20:00:00,0,traffic,alert_ops,0.6604856848716736,0.6604856848716736,0.0
Z10,2025-08-06 20:00:00,1,traffic,reroute_traffic,0.8904933929443359,0.785157322883606,0.10533607006072998
Z02,2025-08-06 21:00:00,0,rider_shortage,alert_ops,0.6786022186279297,0.6786022186279297,0.0
Z03,2025-08-06 21:00:00,0,rider_shortage,alert_ops,0.4755587875843048,0.4755587875843048,0.0
Z04,2025-08-06 21:00:00,0,rider_shortage,alert_ops,0.3790782690048218,0.3790782690048218,0.0
Z06,2025-08-06 21:00:00,0,rider_shortage,alert_ops,0.35225778818130493,0.35225778818130493,0.0
Z07,2025-08-06 21:00:00,0,rider_shortage,alert_ops,0.6722584962844849,0.6722584962844849,0.0
Z09,2025-08-06 21:00:00,1,rider_shortage,rebalance_riders,0.9851638078689575,0.435576468706131,0.5495873391628265
Z01,2025-08-06 22:00:00,0,rider_shortage,alert_ops,0.5972116589546204,0.5972116589546204,0.0
Z02,2025-08-06 22:00:00,1,rider_shortage,rebalance_riders,0.8411775827407837,0.2683081328868866,0.5728694498538971
Z05,2025-08-06 22:00:00,1,rider_shortage,rebalance_riders,0.8581699728965759,0.028344979509711266,0.8298249933868647
Z06,2025-08-06 22:00:00,0,rider_shortage,rebalance_riders,0.7260916233062744,0.1003686785697937,0.6257229447364807
Z07,2025-08-06 22:00:00,0,rider_shortage,rebalance_riders,0.7317196726799011,0.021960416808724403,0.7097592558711767
Z09,2025-08-06 22:00:00,0,rider_shortage,alert_ops,0.37688958644866943,0.37688958644866943,0.0
Z02,2025-08-07 08:00:00,1,traffic,reroute_traffic,0.7288222908973694,0.5139490365982056,0.21487325429916382
Z03,2025-08-07 08:00:00,1,traffic,alert_ops,0.5405039191246033,0.5405039191246033,0.0
Z05,2025-08-07 08:00:00,0,traffic,alert_ops,0.3429011106491089,0.3429011106491089,0.0
Z09,2025-08-07 08:00:00,0,traffic,alert_ops,0.3822973370552063,0.3822973370552063,0.0
Z01,2025-08-07 09:00:00,0,traffic,alert_ops,0.5138152241706848,0.5138152241706848,0.0
Z04,2025-08-07 09:00:00,1,traffic,alert_ops,0.4030741751194,0.4030741751194,0.0
Z05,2025-08-07 09:00:00,0,traffic,alert_ops,0.544543445110321,0.544543445110321,0.0
Z06,2025-08-07 09:00:00,1,traffic,alert_ops,0.6338077783584595,0.6338077783584595,0.0
Z10,2025-08-07 09:00:00,0,traffic,alert_ops,0.6739321947097778,0.6739321947097778,0.0
Z01,2025-08-07 12:00:00,0,rider_shortage,alert_ops,0.47713953256607056,0.47713953256607056,0.0
Z09,2025-08-07 12:00:00,0,rider_shortage,alert_ops,0.508294939994812,0.508294939994812,0.0
Z01,2025-08-07 13:00:00,0,rider_shortage,alert_ops,0.34801235795021057,0.34801235795021057,0.0
Z05,2025-08-07 13:00:00,0,rider_shortage,alert_ops,0.3052053451538086,0.3052053451538086,0.0
Z06,2025-08-07 13:00:00,1,rider_shortage,rebalance_riders,0.9441414475440979,0.23727229237556458,0.7068691551685333
Z10,2025-08-07 13:00:00,0,rider_shortage,alert_ops,0.47993674874305725,0.47993674874305725,0.0
Z01,2025-08-07 14:00:00,0,rider_shortage,alert_ops,0.4705084562301636,0.4705084562301636,0.0
Z02,2025-08-07 14:00:00,0,rider_shortage,alert_ops,0.36553215980529785,0.36553215980529785,0.0
Z03,2025-08-07 14:00:00,0,rider_shortage,alert_ops,0.633728563785553,0.633728563785553,0.0
Z04,2025-08-07 14:00:00,0,rider_shortage,alert_ops,0.6357064247131348,0.6357064247131348,0.0
Z04,2025-08-07 17:00:00,0,traffic,alert_ops,0.3639572560787201,0.3639572560787201,0.0
Z07,2025-08-07 17:00:00,0,traffic,alert_ops,0.4199070930480957,0.4199070930480957,0.0
Z10,2025-08-07 18:00:00,0,traffic,reroute_traffic,0.770546555519104,0.5071465969085693,0.26339995861053467
Z01,2025-08-07 19:00:00,1,rider_shortage,rebalance_riders,0.9848752617835999,0.7972933650016785,0.1875818967819214
Z02,2025-08-07 19:00:00,1,traffic,reroute_traffic,0.9715381264686584,0.8847360610961914,0.08680206537246704
Z03,2025-08-07 19:00:00,1,traffic,reroute_traffic,0.7890812754631042,0.6099826097488403,0.17909866571426392
Z04,2025-08-07 19:00:00,1,rider_shortage,rebalance_riders,0.9079385995864868,0.48470190167427063,0.4232366979122162
Z05,2025-08-07 19:00:00,0,rider_shortage,rebalance_riders,0.8359148502349854,0.13810209929943085,0.6978127509355545
Z06,2025-08-07 19:00:00,1,rider_shortage,rebalance_riders,0.9760186672210693,0.7774043679237366,0.19861429929733276
Z07,2025-08-07 19:00:00,0,rider_shortage,rebalance_riders,0.9643135666847229,0.1888967752456665,0.7754167914390564
Z08,2025-08-07 19:00:00,1,rider_shortage,rebalance_riders,0.880956768989563,0.3461676836013794,0.5347890853881836
Z09,2025-08-07 19:00:00,0,traffic,alert_ops,0.5369656085968018,0.5369656085968018,0.0
Z10,2025-08-07 19:00:00,1,rider_shortage,rebalance_riders,0.95981365442276,0.514437198638916,0.445376455783844
Z01,2025-08-07 20:00:00,1,traffic,reroute_traffic,0.8562461137771606,0.7260380983352661,0.13020801544189453
Z02,2025-08-07 20:00:00,0,traffic,reroute_traffic,0.8434591889381409,0.7087036967277527,0.13475549221038818
Z03,2025-08-07 20:00:00,1,rider_shortage,rebalance_riders,0.9391729235649109,0.7161180377006531,0.2230548858642578
Z04,2025-08-07 20:00:00,0,traffic,reroute_traffic,0.7857652902603149,0.515352189540863,0.2704131007194519
Z05,2025-08-07 20:00:00,1,rider_shortage,rebalance_riders,0.8808913230895996,0.13942791521549225,0.7414634078741074
Z06,2025-08-07 20:00:00,0,traffic,reroute_traffic,0.7005166411399841,0.49975836277008057,0.20075827836990356
Z07,2025-08-07 20:00:00,0,rider_shortage,rebalance_riders,0.945515513420105,0.2753710150718689,0.6701444983482361
Z08,2025-08-07 20:00:00,1,rider_shortage,rebalance_riders,0.8274386525154114,0.34227994084358215,0.4851587116718292
Z09,2025-08-07 20:00:00,1,rider_shortage,rebalance_riders,0.9784174561500549,0.7882035374641418,0.19021391868591309
Z10,2025-08-07 20:00:00,1,rider_shortage,rebalance_riders,0.9417781233787537,0.42812612652778625,0.5136519968509674
Z02,2025-08-07 21:00:00,0,rider_shortage,alert_ops,0.44022083282470703,0.44022083282470703,0.0
Z03,2025-08-07 21:00:00,1,rider_shortage,rebalance_riders,0.7660956978797913,0.1904502809047699,0.5756454169750214
Z05,2025-08-07 21:00:00,0,rider_shortage,alert_ops,0.38871052861213684,0.38871052861213684,0.0
Z06,2025-08-07 21:00:00,0,rider_shortage,alert_ops,0.4459112882614136,0.4459112882614136,0.0
Z07,2025-08-07 21:00:00,0,rider_shortage,alert_ops,0.4726918637752533,0.4726918637752533,0.0
Z02,2025-08-07 22:00:00,0,rider_shortage,alert_ops,0.4279223382472992,0.4279223382472992,0.0
Z04,2025-08-07 22:00:00,0,rider_shortage,alert_ops,0.4755733609199524,0.4755733609199524,0.0
Z05,2025-08-07 22:00:00,0,rider_shortage,rebalance_riders,0.909436047077179,0.13009464740753174,0.7793413996696472
Z06,2025-08-07 22:00:00,0,rider_shortage,alert_ops,0.3875165581703186,0.3875165581703186,0.0
Z07,2025-08-08 06:00:00,0,rider_shortage,alert_ops,0.6936019062995911,0.6936019062995911,0.0
Z03,2025-08-08 08:00:00,0,traffic,alert_ops,0.6248759627342224,0.6248759627342224,0.0
Z07,2025-08-08 08:00:00,0,traffic,reroute_traffic,0.9214498996734619,0.8132753372192383,0.10817456245422363
Z08,2025-08-08 08:00:00,0,traffic,alert_ops,0.6615543365478516,0.6615543365478516,0.0
Z09,2025-08-08 08:00:00,0,traffic,alert_ops,0.6438600420951843,0.6438600420951843,0.0
Z02,2025-08-08 09:00:00,0,traffic,reroute_traffic,0.7412992715835571,0.5074200630187988,0.2338792085647583
Z03,2025-08-08 09:00:00,1,traffic,alert_ops,0.42512047290802,0.42512047290802,0.0
Z07,2025-08-08 09:00:00,1,rider_shortage,rebalance_riders,0.946509063243866,0.14892740547657013,0.7975816577672958
Z03,2025-08-08 12:00:00,1,rider_shortage,alert_ops,0.4910169243812561,0.4910169243812561,0.0
Z05,2025-08-08 12:00:00,1,rider_shortage,rebalance_riders,0.8279023766517639,0.025199180468916893,0.802703196182847
Z06,2025-08-08 12:00:00,0,rider_shortage,alert_ops,0.31148284673690796,0.31148284673690796,0.0
Z08,2025-08-08 12:00:00,0,rider_shortage,rebalance_riders,0.9055575728416443,0.3109027147293091,0.5946548581123352
Z01,2025-08-08 13:00:00,1,rider_shortage,rebalance_riders,0.7662240862846375,0.04578376188874245,0.720440324395895
Z02,2025-08-08 13:00:00,0,rider_shortage,rebalance_riders,0.7601265907287598,0.14394351840019226,0.6161830723285675
Z03,2025-08-08 13:00:00,0,rider_shortage,alert_ops,0.4229925870895386,0.4229925870895386,0.0
Z05,2025-08-08 13:00:00,0,rider_shortage,alert_ops,0.6398412585258484,0.6398412585258484,0.0
Z06,2025-08-08 13:00:00,0,rider_shortage,alert_ops,0.49230271577835083,0.49230271577835083,0.0
Z09,2025-08-08 13:00:00,0,rider_shortage,alert_ops,0.375110924243927,0.375110924243927,0.0
Z10,2025-08-08 13:00:00,0,rider_shortage,alert_ops,0.37795913219451904,0.37795913219451904,0.0
Z04,2025-08-08 14:00:00,0,rider_shortage,alert_ops,0.4641152322292328,0.4641152322292328,0.0
Z05,2025-08-08 14:00:00,0,rider_shortage,alert_ops,0.30969420075416565,0.30969420075416565,0.0
Z07,2025-08-08 14:00:00,1,rider_shortage,rebalance_riders,0.8480534553527832,0.01817415840923786,0.8298792969435453
Z09,2025-08-08 14:00:00,1,rider_shortage,alert_ops,0.3147504925727844,0.3147504925727844,0.0
Z07,2025-08-08 17:00:00,1,traffic,alert_ops,0.3721472918987274,0.3721472918987274,0.0
Z01,2025-08-08 19:00:00,1,traffic,reroute_traffic,0.8155034780502319,0.6286330819129944,0.18687039613723755
Z02,2025-08-08 19:00:00,1,rider_shortage,rebalance_riders,0.9503588080406189,0.6756615042686462,0.27469730377197266
Z03,2025-08-08 19:00:00,1,rider_shortage,rebalance_riders,0.9454068541526794,0.7540667653083801,0.19134008884429932
Z04,2025-08-08 19:00:00,0,rider_shortage,rebalance_riders,0.7655953168869019,0.15238851308822632,0.6132068037986755
Z05,2025-08-08 19:00:00,0,traffic,alert_ops,0.359570175409317,0.359570175409317,0.0
Z06,2025-08-08 19:00:00,0,traffic,reroute_traffic,0.8885383605957031,0.7264564037322998,0.16208195686340332
Z07,2025-08-08 19:00:00,1,rider_shortage,rebalance_riders,0.9482895135879517,0.17887301743030548,0.7694164961576462
Z08,2025-08-08 19:00:00,1,rider_shortage,rebalance_riders,0.7815514206886292,0.20014922320842743,0.5814021974802017
Z09,2025-08-08 19:00:00,1,rider_shortage,rebalance_riders,0.9594227075576782,0.7165803909301758,0.24284231662750244
Z10,2025-08-08 19:00:00,1,rider_shortage,rebalance_riders,0.9879049062728882,0.7653352618217468,0.22256964445114136
Z01,2025-08-08 20:00:00,1,rider_shortage,rebalance_riders,0.9905948638916016,0.8998365998268127,0.09075826406478882
Z02,2025-08-08 20:00:00,1,traffic,alert_ops,0.3353528678417206,0.3353528678417206,0.0
Z03,2025-08-08 20:00:00,0,traffic,reroute_traffic,0.7781611680984497,0.5277741551399231,0.2503870129585266
Z04,2025-08-08 20:00:00,1,traffic,alert_ops,0.6127989888191223,0.6127989888191223,0.0
Z05,2025-08-08 20:00:00,1,rider_shortage,rebalance_riders,0.9301637411117554,0.15531061589717865,0.7748531252145767
Z06,2025-08-08 20:00:00,1,rider_shortage,rebalance_riders,0.970298171043396,0.649366021156311,0.32093214988708496
Z07,2025-08-08 20:00:00,1,rider_shortage,rebalance_riders,0.9827121496200562,0.2976740598678589,0.6850380897521973
Z08,2025-08-08 20:00:00,1,rider_shortage,rebalance_riders,0.9728062152862549,0.792447566986084,0.1803586483001709
Z09,2025-08-08 20:00:00,1,rider_shortage,rebalance_riders,0.9561127424240112,0.6616619229316711,0.2944508194923401
Z10,2025-08-08 20:00:00,1,rider_shortage,rebalance_riders,0.8808608651161194,0.13551019132137299,0.7453506737947464
Z01,2025-08-08 21:00:00,0,rider_shortage,rebalance_riders,0.8949614763259888,0.1345350444316864,0.7604264318943024
Z03,2025-08-08 21:00:00,1,rider_shortage,rebalance_riders,0.8884989023208618,0.43395793437957764,0.4545409679412842
Z04,2025-08-08 21:00:00,0,rider_shortage,alert_ops,0.6388071179389954,0.6388071179389954,0.0
Z05,2025-08-08 21:00:00,0,rider_shortage,rebalance_riders,0.7409803867340088,0.03463730588555336,0.7063430808484554
Z06,2025-08-08 21:00:00,0,rider_shortage,rebalance_riders,0.7790866494178772,0.14592044055461884,0.6331662088632584
Z07,2025-08-08 21:00:00,1,rider_shortage,alert_ops,0.4954090714454651,0.4954090714454651,0.0
Z09,2025-08-08 21:00:00,1,rider_shortage,rebalance_riders,0.9659903645515442,0.3175159692764282,0.648474395275116
Z10,2025-08-08 21:00:00,0,rider_shortage,alert_ops,0.37037521600723267,0.37037521600723267,0.0
Z01,2025-08-08 22:00:00,0,rider_shortage,alert_ops,0.6309482455253601,0.6309482455253601,0.0
Z02,2025-08-08 22:00:00,1,rider_shortage,rebalance_riders,0.986436665058136,0.7287696599960327,0.25766700506210327
Z03,2025-08-08 22:00:00,0,rider_shortage,rebalance_riders,0.8845192193984985,0.3942185342311859,0.4903006851673126
Z04,2025-08-08 22:00:00,0,rider_shortage,alert_ops,0.39151978492736816,0.39151978492736816,0.0
Z05,2025-08-08 22:00:00,1,rider_shortage,rebalance_riders,0.8859060406684875,0.07256150245666504,0.8133445382118225
Z06,2025-08-08 22:00:00,0,rider_shortage,alert_ops,0.6259925961494446,0.6259925961494446,0.0
Z07,2025-08-08 22:00:00,0,rider_shortage,alert_ops,0.4531279504299164,0.4531279504299164,0.0
Z09,2025-08-08 22:00:00,0,rider_shortage,alert_ops,0.5771218538284302,0.5771218538284302,0.0
Z10,2025-08-08 22:00:00,0,rider_shortage,rebalance_riders,0.8378125429153442,0.056570325046777725,0.7812422178685665
Z01,2025-08-09 06:00:00,0,rider_shortage,alert_ops,0.46189966797828674,0.46189966797828674,0.0
Z01,2025-08-09 07:00:00,0,rider_shortage,alert_ops,0.5557078719139099,0.5557078719139099,0.0
Z07,2025-08-09 07:00:00,1,rider_shortage,rebalance_riders,0.8826822638511658,0.02956155128777027,0.8531207125633955
Z09,2025-08-09 07:00:00,0,rider_shortage,alert_ops,0.31516069173812866,0.31516069173812866,0.0
Z01,2025-08-09 08:00:00,0,traffic,alert_ops,0.6071369051933289,0.6071369051933289,0.0
Z02,2025-08-09 08:00:00,0,traffic,alert_ops,0.6431981325149536,0.6431981325149536,0.0
Z03,2025-08-09 08:00:00,1,traffic,alert_ops,0.5184364318847656,0.5184364318847656,0.0
Z04,2025-08-09 08:00:00,0,traffic,alert_ops,0.6276797652244568,0.6276797652244568,0.0
Z05,2025-08-09 08:00:00,0,traffic,alert_ops,0.45465704798698425,0.45465704798698425,0.0
Z06,2025-08-09 08:00:00,1,traffic,reroute_traffic,0.7956756353378296,0.5769214630126953,0.21875417232513428
Z07,2025-08-09 08:00:00,1,rider_shortage,rebalance_riders,0.9407637715339661,0.11718310415744781,0.8235806673765182
Z08,2025-08-09 08:00:00,0,traffic,alert_ops,0.634498655796051,0.634498655796051,0.0
Z09,2025-08-09 08:00:00,0,rider_shortage,rebalance_riders,0.8571610450744629,0.09623783081769943,0.7609232142567635
Z10,2025-08-09 08:00:00,0,traffic,alert_ops,0.596278727054596,0.596278727054596,0.0
Z01,2025-08-09 09:00:00,0,rider_shortage,rebalance_riders,0.9101846218109131,0.3525998890399933,0.5575847327709198
Z02,2025-08-09 09:00:00,1,traffic,alert_ops,0.6809000372886658,0.6809000372886658,0.0
Z03,2025-08-09 09:00:00,1,traffic,reroute_traffic,0.8729222416877747,0.7074241042137146,0.16549813747406006
Z04,2025-08-09 09:00:00,0,rider_shortage,rebalance_riders,0.8444452881813049,0.09844561666250229,0.7459996715188026
Z05,2025-08-09 09:00:00,0,traffic,reroute_traffic,0.8279116749763489,0.6150711178779602,0.21284055709838867
Z07,2025-08-09 09:00:00,1,rider_shortage,rebalance_riders,0.7446321845054626,0.04797326773405075,0.6966589167714119
Z08,2025-08-09 09:00:00,1,rider_shortage,rebalance_riders,0.9694616198539734,0.7332144379615784,0.23624718189239502
Z09,2025-08-09 09:00:00,1,traffic,reroute_traffic,0.8120805621147156,0.5838388204574585,0.22824174165725708
Z10,2025-08-09 09:00:00,1,rider_shortage,rebalance_riders,0.9771614074707031,0.6099430918693542,0.3672183156013489
Z01,2025-08-09 10:00:00,1,traffic,alert_ops,0.499694287776947,0.499694287776947,0.0
Z08,2025-08-09 10:00:00,0,traffic,alert_ops,0.34557533264160156,0.34557533264160156,0.0
Z02,2025-08-09 12:00:00,1,rider_shortage,alert_ops,0.5198025703430176,0.5198025703430176,0.0
Z03,2025-08-09 12:00:00,0,rider_shortage,alert_ops,0.44906511902809143,0.44906511902809143,0.0
Z04,2025-08-09 12:00:00,0,rider_shortage,alert_ops,0.5597047805786133,0.5597047805786133,0.0
Z05,2025-08-09 12:00:00,0,rider_shortage,rebalance_riders,0.9429747462272644,0.09539757668972015,0.8475771695375443
Z06,2025-08-09 12:00:00,0,rider_shortage,alert_ops,0.5131731629371643,0.5131731629371643,0.0
Z08,2025-08-09 12:00:00,0,rider_shortage,rebalance_riders,0.7014782428741455,0.09870181232690811,0.6027764305472374
Z10,2025-08-09 12:00:00,1,rider_shortage,alert_ops,0.6446720361709595,0.6446720361709595,0.0
Z01,2025-08-09 13:00:00,1,rider_shortage,rebalance_riders,0.8849335312843323,0.1575293242931366,0.7274042069911957
Z02,2025-08-09 13:00:00,1,rider_shortage,rebalance_riders,0.7854474186897278,0.1565035581588745,0.6289438605308533
Z04,2025-08-09 13:00:00,1,rider_shortage,alert_ops,0.3544129729270935,0.3544129729270935,0.0
Z06,2025-08-09 13:00:00,1,rider_shortage,rebalance_riders,0.7125502824783325,0.10204561799764633,0.6105046644806862
Z07,2025-08-09 13:00:00,1,rider_shortage,alert_ops,0.4066475033760071,0.4066475033760071,0.0
Z08,2025-08-09 13:00:00,1,rider_shortage,rebalance_riders,0.9858842492103577,0.6928734183311462,0.2930108308792114
Z09,2025-08-09 13:00:00,0,rider_shortage,alert_ops,0.3582321107387543,0.3582321107387543,0.0
Z10,2025-08-09 13:00:00,0,rider_shortage,rebalance_riders,0.8051227927207947,0.06857459247112274,0.7365482002496719
Z01,2025-08-09 14:00:00,1,rider_shortage,rebalance_riders,0.9304513335227966,0.21279285848140717,0.7176584750413895
Z02,2025-08-09 14:00:00,0,rider_shortage,alert_ops,0.6983004808425903,0.6983004808425903,0.0
Z03,2025-08-09 14:00:00,0,rider_shortage,alert_ops,0.5874500274658203,0.5874500274658203,0.0
Z04,2025-08-09 14:00:00,1,rider_shortage,rebalance_riders,0.7241204380989075,0.09578090906143188,0.6283395290374756
Z05,2025-08-09 14:00:00,0,rider_shortage,alert_ops,0.5184229016304016,0.5184229016304016,0.0
Z06,2025-08-09 14:00:00,0,rider_shortage,alert_ops,0.33682161569595337,0.33682161569595337,0.0
Z07,2025-08-09 14:00:00,1,rider_shortage,rebalance_riders,0.9758502840995789,0.14148296415805817,0.8343673199415207
Z08,2025-08-09 14:00:00,0,rider_shortage,alert_ops,0.42211225628852844,0.42211225628852844,0.0
Z09,2025-08-09 14:00:00,0,rider_shortage,rebalance_riders,0.7061262726783752,0.08981448411941528,0.61631178855896
Z10,2025-08-09 14:00:00,0,rider_shortage,alert_ops,0.34274283051490784,0.34274283051490784,0.0
Z05,2025-08-09 17:00:00,1,rider_shortage,rebalance_riders,0.95662921667099,0.10994823276996613,0.8466809839010239
Z07,2025-08-09 17:00:00,1,rider_shortage,rebalance_riders,0.8953717350959778,0.04065459966659546,0.8547171354293823
Z03,2025-08-09 18:00:00,1,traffic,alert_ops,0.33337050676345825,0.33337050676345825,0.0
Z05,2025-08-09 18:00:00,1,traffic,alert_ops,0.428168386220932,0.428168386220932,0.0
Z07,2025-08-09 18:00:00,0,traffic,reroute_traffic,0.7996088266372681,0.5725486874580383,0.22706013917922974
Z10,2025-08-09 18:00:00,0,traffic,alert_ops,0.3053104281425476,0.3053104281425476,0.0
Z01,2025-08-09 19:00:00,1,rider_shortage,rebalance_riders,0.9745374917984009,0.7673002481460571,0.20723724365234375
Z02,2025-08-09 19:00:00,1,rider_shortage,rebalance_riders,0.9878731966018677,0.8827868700027466,0.1050863265991211
Z03,2025-08-09 19:00:00,1,rider_shortage,rebalance_riders,0.992112398147583,0.9725444316864014,0.01956796646118164
Z04,2025-08-09 19:00:00,1,traffic,reroute_traffic,0.8332892656326294,0.6426658630371094,0.19062340259552002
Z05,2025-08-09 19:00:00,1,rider_shortage,rebalance_riders,0.9933847784996033,0.9018135070800781,0.09157127141952515
Z06,2025-08-09 19:00:00,1,rider_shortage,rebalance_riders,0.9734093546867371,0.7052058577537537,0.2682034969329834
Z07,2025-08-09 19:00:00,1,rider_shortage,rebalance_riders,0.9916731715202332,0.7895762920379639,0.2020968794822693
Z08,2025-08-09 19:00:00,1,rider_shortage,rebalance_riders,0.9736682772636414,0.7004899382591248,0.2731783390045166
Z09,2025-08-09 19:00:00,1,rider_shortage,rebalance_riders,0.9461214542388916,0.669132649898529,0.27698880434036255
Z10,2025-08-09 19:00:00,1,rider_shortage,rebalance_riders,0.9464739561080933,0.5025216937065125,0.4439522624015808
Z01,2025-08-09 20:00:00,1,rider_shortage,rebalance_riders,0.9934206604957581,0.9796949625015259,0.013725697994232178
Z02,2025-08-09 20:00:00,1,rider_shortage,rebalance_riders,0.9765278100967407,0.8481739163398743,0.12835389375686646
Z03,2025-08-09 20:00:00,1,rider_shortage,rebalance_riders,0.9876240491867065,0.9395089745521545,0.048115074634552
Z04,2025-08-09 20:00:00,1,traffic,reroute_traffic,0.85604327917099,0.6996068358421326,0.15643644332885742
Z05,2025-08-09 20:00:00,1,rider_shortage,rebalance_riders,0.9828773140907288,0.6615744233131409,0.3213028907775879
Z06,2025-08-09 20:00:00,1,rider_shortage,rebalance_riders,0.9767307639122009,0.7053737044334412,0.27135705947875977
Z07,2025-08-09 20:00:00,1,rider_shortage,rebalance_riders,0.9104215502738953,0.12539564073085785,0.7850259095430374
Z08,2025-08-09 20:00:00,1,rider_shortage,rebalance_riders,0.9927585124969482,0.9509082436561584,0.041850268840789795
Z09,2025-08-09 20:00:00,1,rider_shortage,rebalance_riders,0.9931641221046448,0.984393298625946,0.00877082347869873
Z10,2025-08-09 20:00:00,1,rider_shortage,rebalance_riders,0.9768196940422058,0.7510300874710083,0.2257896065711975
Z01,2025-08-09 21:00:00,1,rider_shortage,rebalance_riders,0.9849509000778198,0.6645720601081848,0.320378839969635
Z02,2025-08-09 21:00:00,1,rider_shortage,rebalance_riders,0.9056615829467773,0.26600727438926697,0.6396543085575104
Z03,2025-08-09 21:00:00,0,rider_shortage,rebalance_riders,0.7945971488952637,0.3089967966079712,0.4856003522872925
Z04,2025-08-09 21:00:00,1,rider_shortage,rebalance_riders,0.8360787630081177,0.13772021234035492,0.6983585506677628
Z05,2025-08-09 21:00:00,0,rider_shortage,alert_ops,0.46423661708831787,0.46423661708831787,0.0
Z06,2025-08-09 21:00:00,1,rider_shortage,rebalance_riders,0.8961904644966125,0.2659105658531189,0.6302798986434937
Z08,2025-08-09 21:00:00,1,rider_shortage,rebalance_riders,0.8559390306472778,0.23016735911369324,0.6257716715335846
Z09,2025-08-09 21:00:00,1,rider_shortage,rebalance_riders,0.9755926728248596,0.5186471343040466,0.456945538520813
Z10,2025-08-09 21:00:00,1,rider_shortage,rebalance_riders,0.8485805988311768,0.11672529578208923,0.7318553030490875
Z01,2025-08-09 22:00:00,0,rider_shortage,rebalance_riders,0.8032073378562927,0.0886564552783966,0.7145508825778961
Z02,2025-08-09 22:00:00,1,rider_shortage,rebalance_riders,0.9128296971321106,0.3548848032951355,0.5579448938369751
Z03,2025-08-09 22:00:00,1,rider_shortage,rebalance_riders,0.976213812828064,0.6692825555801392,0.3069312572479248
Z04,2025-08-09 22:00:00,1,rider_shortage,rebalance_riders,0.9876796007156372,0.7155720591545105,0.2721075415611267
Z05,2025-08-09 22:00:00,1,rider_shortage,rebalance_riders,0.987570583820343,0.25887009501457214,0.7287004888057709
Z06,2025-08-09 22:00:00,1,rider_shortage,rebalance_riders,0.9748848080635071,0.4254380166530609,0.5494467914104462
Z08,2025-08-09 22:00:00,1,rider_shortage,rebalance_riders,0.7090705633163452,0.10741843283176422,0.601652130484581
Z09,2025-08-09 22:00:00,0,rider_shortage,alert_ops,0.33795467019081116,0.33795467019081116,0.0
Z10,2025-08-09 22:00:00,1,rider_shortage,rebalance_riders,0.9865214824676514,0.5239372253417969,0.4625842571258545
Z03,2025-08-10 07:00:00,0,rider_shortage,alert_ops,0.6155444383621216,0.6155444383621216,0.0
Z09,2025-08-10 07:00:00,0,rider_shortage,rebalance_riders,0.8162333369255066,0.06673434376716614,0.7494989931583405
Z10,2025-08-10 07:00:00,1,rider_shortage,rebalance_riders,0.8801062703132629,0.09458484500646591,0.785521425306797
Z01,2025-08-10 08:00:00,0,traffic,alert_ops,0.6709041595458984,0.6709041595458984,0.0
Z02,2025-08-10 08:00:00,0,rider_shortage,rebalance_riders,0.7008169293403625,0.08899708092212677,0.6118198484182358
Z04,2025-08-10 08:00:00,1,rider_shortage,rebalance_riders,0.9214752912521362,0.32280659675598145,0.5986686944961548
Z05,2025-08-10 08:00:00,1,traffic,alert_ops,0.5600847601890564,0.5600847601890564,0.0
Z06,2025-08-10 08:00:00,1,traffic,alert_ops,0.5852845907211304,0.5852845907211304,0.0
Z07,2025-08-10 08:00:00,1,traffic,reroute_traffic,0.8366228342056274,0.663465678691864,0.17315715551376343
Z08,2025-08-10 08:00:00,1,rider_shortage,rebalance_riders,0.9684814810752869,0.6608453392982483,0.3076361417770386
Z09,2025-08-10 08:00:00,1,rider_shortage,rebalance_riders,0.9737846255302429,0.7560973763465881,0.21768724918365479
Z10,2025-08-10 08:00:00,1,rider_shortage,rebalance_riders,0.9791498780250549,0.7104215621948242,0.2687283158302307
Z01,2025-08-10 09:00:00,1,rider_shortage,rebalance_riders,0.9376833438873291,0.2945674657821655,0.6431158781051636
Z02,2025-08-10 09:00:00,1,rider_shortage,rebalance_riders,0.9168940782546997,0.42557618021965027,0.49131789803504944
Z03,2025-08-10 09:00:00,1,rider_shortage,rebalance_riders,0.9181848168373108,0.624943733215332,0.29324108362197876
Z04,2025-08-10 09:00:00,1,traffic,alert_ops,0.6127166152000427,0.6127166152000427,0.0
Z05,2025-08-10 09:00:00,0,traffic,alert_ops,0.5970947742462158,0.5970947742462158,0.0
Z06,2025-08-10 09:00:00,0,rider_shortage,rebalance_riders,0.7831993103027344,0.13005773723125458,0.6531415730714798
Z08,2025-08-10 09:00:00,0,rider_shortage,rebalance_riders,0.9395254254341125,0.3755916655063629,0.5639337599277496
Z09,2025-08-10 09:00:00,1,traffic,reroute_traffic,0.9264255166053772,0.791478157043457,0.13494735956192017
Z10,2025-08-10 09:00:00,1,traffic,reroute_traffic,0.707394003868103,0.5567603707313538,0.15063363313674927
Z09,2025-08-10 10:00:00,1,traffic,alert_ops,0.43144679069519043,0.43144679069519043,0.0
Z01,2025-08-10 12:00:00,1,rider_shortage,rebalance_riders,0.7974251508712769,0.1035597175359726,0.6938654333353043
Z02,2025-08-10 12:00:00,0,rider_shortage,rebalance_riders,0.8045738339424133,0.15099279582500458,0.6535810381174088
Z03,2025-08-10 12:00:00,1,rider_shortage,rebalance_riders,0.8775166273117065,0.3763314187526703,0.5011852085590363
Z05,2025-08-10 12:00:00,0,rider_shortage,alert_ops,0.48294928669929504,0.48294928669929504,0.0
Z06,2025-08-10 12:00:00,1,rider_shortage,rebalance_riders,0.8690993785858154,0.15839362144470215,0.7107057571411133
Z07,2025-08-10 12:00:00,0,rider_shortage,alert_ops,0.6560988426208496,0.6560988426208496,0.0
Z09,2025-08-10 12:00:00,0,rider_shortage,alert_ops,0.32021981477737427,0.32021981477737427,0.0
Z01,2025-08-10 13:00:00,1,rider_shortage,rebalance_riders,0.8893029689788818,0.19822987914085388,0.691073089838028
Z02,2025-08-10 13:00:00,1,rider_shortage,rebalance_riders,0.7714922428131104,0.20369210839271545,0.5678001344203949
Z03,2025-08-10 13:00:00,0,rider_shortage,rebalance_riders,0.8727604746818542,0.3207336664199829,0.5520268082618713
Z06,2025-08-10 13:00:00,0,rider_shortage,rebalance_riders,0.7771409153938293,0.06904799491167068,0.7080929204821587
Z07,2025-08-10 13:00:00,0,rider_shortage,rebalance_riders,0.9025563597679138,0.07867400348186493,0.8238823562860489
Z08,2025-08-10 13:00:00,0,rider_shortage,alert_ops,0.46050015091896057,0.46050015091896057,0.0
Z09,2025-08-10 13:00:00,0,rider_shortage,rebalance_riders,0.7501271963119507,0.13296233117580414,0.6171648651361465
Z10,2025-08-10 13:00:00,1,rider_shortage,rebalance_riders,0.9675974249839783,0.22105267643928528,0.746544748544693
Z03,2025-08-10 14:00:00,1,rider_shortage,alert_ops,0.5181158185005188,0.5181158185005188,0.0
Z04,2025-08-10 14:00:00,1,rider_shortage,rebalance_riders,0.7423797845840454,0.06454122066497803,0.6778385639190674
Z05,2025-08-10 14:00:00,0,rider_shortage,alert_ops,0.46249842643737793,0.46249842643737793,0.0
Z07,2025-08-10 14:00:00,0,rider_shortage,alert_ops,0.6934235095977783,0.6934235095977783,0.0
Z08,2025-08-10 14:00:00,1,rider_shortage,alert_ops,0.5572063326835632,0.5572063326835632,0.0
Z09,2025-08-10 14:00:00,1,rider_shortage,alert_ops,0.387309193611145,0.387309193611145,0.0
Z10,2025-08-10 14:00:00,1,rider_shortage,rebalance_riders,0.9865265488624573,0.5087974071502686,0.4777291417121887
Z05,2025-08-10 17:00:00,0,traffic,reroute_traffic,0.7639284133911133,0.4646027088165283,0.29932570457458496
Z07,2025-08-10 17:00:00,0,rider_shortage,rebalance_riders,0.7526151537895203,0.06371152400970459,0.6889036297798157
Z01,2025-08-10 19:00:00,1,rider_shortage,rebalance_riders,0.9910796284675598,0.9095379710197449,0.08154165744781494
Z02,2025-08-10 19:00:00,1,rider_shortage,rebalance_riders,0.9867551922798157,0.860537052154541,0.12621814012527466
Z03,2025-08-10 19:00:00,1,rider_shortage,rebalance_riders,0.9856961965560913,0.9127632975578308,0.0729328989982605
Z04,2025-08-10 19:00:00,1,rider_shortage,rebalance_riders,0.9411251544952393,0.5712708830833435,0.36985427141189575
Z05,2025-08-10 19:00:00,1,rider_shortage,rebalance_riders,0.9887014627456665,0.48625507950782776,0.5024463832378387
Z06,2025-08-10 19:00:00,1,rider_shortage,rebalance_riders,0.7645682096481323,0.13666383922100067,0.6279043704271317
Z07,2025-08-10 19:00:00,1,rider_shortage,rebalance_riders,0.9911301136016846,0.8948484063148499,0.09628170728683472
Z08,2025-08-10 19:00:00,1,rider_shortage,rebalance_riders,0.9934737086296082,0.9699090123176575,0.023564696311950684
Z09,2025-08-10 19:00:00,1,rider_shortage,rebalance_riders,0.9862290620803833,0.8788787722587585,0.10735028982162476
Z10,2025-08-10 19:00:00,1,traffic,reroute_traffic,0.8088684678077698,0.6109122037887573,0.19795626401901245
Z01,2025-08-10 20:00:00,1,rider_shortage,rebalance_riders,0.9930793642997742,0.9588386416435242,0.03424072265625
Z02,2025-08-10 20:00:00,0,rider_shortage,rebalance_riders,0.9234853982925415,0.5782677531242371,0.34521764516830444
Z03,2025-08-10 20:00:00,1,rider_shortage,rebalance_riders,0.9924529194831848,0.9834011197090149,0.009051799774169922
Z04,2025-08-10 20:00:00,1,rider_shortage,rebalance_riders,0.9929391145706177,0.915233850479126,0.0777052640914917
Z05,2025-08-10 20:00:00,1,rider_shortage,rebalance_riders,0.9929072856903076,0.9696024656295776,0.02330482006072998
Z06,2025-08-10 20:00:00,1,rider_shortage,rebalance_riders,0.9932987689971924,0.9647993445396423,0.02849942445755005
Z07,2025-08-10 20:00:00,1,rider_shortage,rebalance_riders,0.9752377271652222,0.42403072118759155,0.5512070059776306
Z08,2025-08-10 20:00:00,0,rider_shortage,rebalance_riders,0.7995578646659851,0.28543820977211,0.5141196548938751
Z09,2025-08-10 20:00:00,1,rider_shortage,rebalance_riders,0.9823748469352722,0.8574385643005371,0.12493628263473511
Z10,2025-08-10 20:00:00,1,rider_shortage,rebalance_riders,0.992028534412384,0.8801055550575256,0.1119229793548584
Z01,2025-08-10 21:00:00,0,rider_shortage,rebalance_riders,0.7583406567573547,0.09276457875967026,0.6655760779976845
Z02,2025-08-10 21:00:00,1,rider_shortage,rebalance_riders,0.9085878133773804,0.39653268456459045,0.5120551288127899
Z03,2025-08-10 21:00:00,0,rider_shortage,rebalance_riders,0.8244168758392334,0.42675071954727173,0.39766615629196167
Z04,2025-08-10 21:00:00,0,rider_shortage,alert_ops,0.5293712019920349,0.5293712019920349,0.0
Z05,2025-08-10 21:00:00,1,rider_shortage,rebalance_riders,0.9104253053665161,0.10515187680721283,0.8052734285593033
Z06,2025-08-10 21:00:00,1,rider_shortage,rebalance_riders,0.9875291585922241,0.7624291777610779,0.22509998083114624
Z07,2025-08-10 21:00:00,0,rider_shortage,alert_ops,0.6732030510902405,0.6732030510902405,0.0
Z08,2025-08-10 21:00:00,1,rider_shortage,rebalance_riders,0.902536928653717,0.33547431230545044,0.5670626163482666
Z09,2025-08-10 21:00:00,1,rider_shortage,rebalance_riders,0.876899003982544,0.16922485828399658,0.7076741456985474
Z10,2025-08-10 21:00:00,1,rider_shortage,rebalance_riders,0.9729416966438293,0.6947697401046753,0.27817195653915405
Z01,2025-08-10 22:00:00,0,rider_shortage,alert_ops,0.503921389579773,0.503921389579773,0.0
Z02,2025-08-10 22:00:00,1,rider_shortage,rebalance_riders,0.9777076244354248,0.6049526929855347,0.37275493144989014
Z03,2025-08-10 22:00:00,1,rider_shortage,rebalance_riders,0.8391121029853821,0.29337772727012634,0.5457343757152557
Z04,2025-08-10 22:00:00,1,rider_shortage,rebalance_riders,0.9223103523254395,0.36261388659477234,0.5596964657306671
Z05,2025-08-10 22:00:00,1,rider_shortage,rebalance_riders,0.987570583820343,0.5086451172828674,0.4789254665374756
Z06,2025-08-10 22:00:00,0,rider_shortage,rebalance_riders,0.8855324983596802,0.24754345417022705,0.6379890441894531
Z07,2025-08-10 22:00:00,1,rider_shortage,alert_ops,0.57590252161026,0.57590252161026,0.0
Z08,2025-08-10 22:00:00,1,rider_shortage,rebalance_riders,0.9340804815292358,0.41153401136398315,0.5225464701652527
Z09,2025-08-10 22:00:00,1,rider_shortage,rebalance_riders,0.9349584579467773,0.4907819628715515,0.44417649507522583
Z10,2025-08-10 22:00:00,1,rider_shortage,rebalance_riders,0.8111284971237183,0.10453453660011292,0.7065939605236053
Z07,2025-08-11 06:00:00,1,rider_shortage,rebalance_riders,0.9048515558242798,0.11908147484064102,0.7857700809836388
Z01,2025-08-11 07:00:00,1,rider_shortage,alert_ops,0.599388599395752,0.599388599395752,0.0
Z02,2025-08-11 07:00:00,0,rider_shortage,rebalance_riders,0.7916241884231567,0.1439593881368637,0.647664800286293
Z03,2025-08-11 07:00:00,0,rider_shortage,rebalance_riders,0.922390341758728,0.5757102370262146,0.3466801047325134
Z05,2025-08-11 07:00:00,1,traffic,reroute_traffic,0.8295258283615112,0.7267210483551025,0.10280478000640869
Z06,2025-08-11 07:00:00,1,rider_shortage,rebalance_riders,0.8179926872253418,0.11868035793304443,0.6993123292922974
Z07,2025-08-11 07:00:00,0,traffic,alert_ops,0.31811076402664185,0.31811076402664185,0.0
Z09,2025-08-11 07:00:00,1,traffic,reroute_traffic,0.82859206199646,0.631961464881897,0.196630597114563
Z10,2025-08-11 07:00:00,1,rider_shortage,rebalance_riders,0.7537961602210999,0.040926653891801834,0.712869506329298
Z02,2025-08-11 08:00:00,0,traffic,alert_ops,0.47609201073646545,0.47609201073646545,0.0
Z03,2025-08-11 08:00:00,1,traffic,alert_ops,0.5099097490310669,0.5099097490310669,0.0
Z05,2025-08-11 08:00:00,0,traffic,alert_ops,0.5702996850013733,0.5702996850013733,0.0
Z06,2025-08-11 08:00:00,0,traffic,alert_ops,0.46594545245170593,0.46594545245170593,0.0
Z07,2025-08-11 08:00:00,1,traffic,reroute_traffic,0.8032191395759583,0.627895176410675,0.1753239631652832
Z10,2025-08-11 08:00:00,0,traffic,alert_ops,0.34324711561203003,0.34324711561203003,0.0
Z02,2025-08-11 09:00:00,1,traffic,reroute_traffic,0.9099942445755005,0.7746384739875793,0.13535577058792114
Z03,2025-08-11 09:00:00,0,traffic,alert_ops,0.6675145030021667,0.6675145030021667,0.0
Z05,2025-08-11 09:00:00,0,traffic,alert_ops,0.4782452881336212,0.4782452881336212,0.0
Z06,2025-08-11 09:00:00,0,traffic,alert_ops,0.4720965325832367,0.4720965325832367,0.0
Z09,2025-08-11 09:00:00,1,traffic,alert_ops,0.5768746137619019,0.5768746137619019,0.0
Z10,2025-08-11 09:00:00,1,traffic,reroute_traffic,0.9249570965766907,0.7773602604866028,0.1475968360900879
Z02,2025-08-11 10:00:00,0,traffic,alert_ops,0.3612777590751648,0.3612777590751648,0.0
Z06,2025-08-11 10:00:00,1,traffic,alert_ops,0.6316670775413513,0.6316670775413513,0.0
Z02,2025-08-11 11:00:00,0,traffic,alert_ops,0.3865440785884857,0.3865440785884857,0.0
Z04,2025-08-11 11:00:00,0,traffic,alert_ops,0.5310585498809814,0.5310585498809814,0.0
Z07,2025-08-11 11:00:00,0,traffic,reroute_traffic,0.8044148087501526,0.3807715177536011,0.4236432909965515
Z09,2025-08-11 11:00:00,1,traffic,alert_ops,0.6118232607841492,0.6118232607841492,0.0
Z01,2025-08-11 12:00:00,1,rider_shortage,rebalance_riders,0.995169460773468,0.9922863245010376,0.00288313627243042
Z02,2025-08-11 12:00:00,1,rider_shortage,rebalance_riders,0.995169460773468,0.994347870349884,0.0008215904235839844
Z03,2025-08-11 12:00:00,1,rider_shortage,rebalance_riders,0.995169460773468,0.994347870349884,0.0008215904235839844
Z04,2025-08-11 12:00:00,1,rider_shortage,rebalance_riders,0.995169460773468,0.9951733946800232,-3.933906555175781e-06
Z05,2025-08-11 12:00:00,1,rider_shortage,rebalance_riders,0.9951375126838684,0.9937560558319092,0.0013814568519592285
Z06,2025-08-11 12:00:00,1,rider_shortage,rebalance_riders,0.995169460773468,0.9935612678527832,0.0016081929206848145
Z07,2025-08-11 12:00:00,1,rider_shortage,rebalance_riders,0.9949277639389038,0.9902238249778748,0.004703938961029053
Z08,2025-08-11 12:00:00,1,rider_shortage,rebalance_riders,0.995169460773468,0.9947064518928528,0.0004630088806152344
Z09,2025-08-11 12:00:00,1,rider_shortage,rebalance_riders,0.995169460773468,0.9940508008003235,0.0011186599731445312
Z10,2025-08-11 12:00:00,1,rider_shortage,rebalance_riders,0.9951375126838684,0.9939736723899841,0.0011638402938842773
Z01,2025-08-11 13:00:00,0,traffic,alert_ops,0.491245836019516,0.491245836019516,0.0
Z02,2025-08-11 13:00:00,0,rider_shortage,alert_ops,0.35609516501426697,0.35609516501426697,0.0
Z03,2025-08-11 13:00:00,0,rider_shortage,rebalance_riders,0.8748610019683838,0.460788369178772,0.4140726327896118
Z04,2025-08-11 13:00:00,1,rider_shortage,rebalance_riders,0.9148236513137817,0.36944422125816345,0.5453794300556183
Z05,2025-08-11 13:00:00,1,rider_shortage,rebalance_riders,0.9632177948951721,0.041134774684906006,0.9220830202102661
Z06,2025-08-11 13:00:00,0,rider_shortage,alert_ops,0.5624685883522034,0.5624685883522034,0.0
Z07,2025-08-11 13:00:00,1,rider_shortage,rebalance_riders,0.9020411968231201,0.04646977782249451,0.8555714190006256
Z09,2025-08-11 13:00:00,1,rider_shortage,rebalance_riders,0.8955194354057312,0.27292972803115845,0.6225897073745728
Z10,2025-08-11 13:00:00,0,rider_shortage,alert_ops,0.5869942307472229,0.5869942307472229,0.0
Z01,2025-08-11 14:00:00,0,rider_shortage,alert_ops,0.4149210453033447,0.4149210453033447,0.0
Z02,2025-08-11 14:00:00,1,rider_shortage,rebalance_riders,0.884071946144104,0.30013328790664673,0.5839386582374573
Z03,2025-08-11 14:00:00,0,rider_shortage,alert_ops,0.32298216223716736,0.32298216223716736,0.0
Z04,2025-08-11 14:00:00,0,rider_shortage,alert_ops,0.5388782024383545,0.5388782024383545,0.0
Z05,2025-08-11 14:00:00,0,rider_shortage,alert_ops,0.5503424406051636,0.5503424406051636,0.0
Z07,2025-08-11 14:00:00,1,rider_shortage,rebalance_riders,0.9748337268829346,0.15415075421333313,0.8206829726696014
Z08,2025-08-11 14:00:00,1,rider_shortage,rebalance_riders,0.919114887714386,0.38852423429489136,0.5305906534194946
Z09,2025-08-11 14:00:00,1,rider_shortage,alert_ops,0.3390059173107147,0.3390059173107147,0.0
Z01,2025-08-11 15:00:00,1,traffic,reroute_traffic,0.945580005645752,0.7871670126914978,0.15841299295425415
Z02,2025-08-11 15:00:00,1,rider_shortage,rebalance_riders,0.9932765960693359,0.9764319658279419,0.016844630241394043
Z03,2025-08-11 15:00:00,1,traffic,reroute_traffic,0.9760515689849854,0.8431088328361511,0.13294273614883423
Z04,2025-08-11 15:00:00,1,traffic,reroute_traffic,0.9899292588233948,0.9488450288772583,0.041084229946136475
Z05,2025-08-11 15:00:00,0,traffic,reroute_traffic,0.8800542950630188,0.35348406434059143,0.5265702307224274
Z06,2025-08-11 15:00:00,0,traffic,reroute_traffic,0.9005053639411926,0.3118044435977936,0.588700920343399
Z07,2025-08-11 15:00:00,1,traffic,reroute_traffic,0.9663533568382263,0.7797553539276123,0.186598002910614
Z08,2025-08-11 15:00:00,1,traffic,reroute_traffic,0.9846311211585999,0.8946534395217896,0.0899776816368103
Z09,2025-08-11 15:00:00,1,traffic,reroute_traffic,0.9063493013381958,0.6685943007469177,0.23775500059127808
Z10,2025-08-11 15:00:00,1,traffic,reroute_traffic,0.9865373373031616,0.9100172519683838,0.07652008533477783
Z01,2025-08-11 17:00:00,1,traffic,reroute_traffic,0.9904104471206665,0.9715055227279663,0.018904924392700195
Z02,2025-08-11 17:00:00,1,traffic,reroute_traffic,0.890124499797821,0.7663411498069763,0.12378334999084473
Z03,2025-08-11 17:00:00,1,traffic,reroute_traffic,0.8976815342903137,0.7695759534835815,0.12810558080673218
Z04,2025-08-11 17:00:00,0,traffic,reroute_traffic,0.8380162715911865,0.5643213987350464,0.27369487285614014
Z05,2025-08-11 17:00:00,1,traffic,reroute_traffic,0.9791697263717651,0.9157618880271912,0.06340783834457397
Z06,2025-08-11 17:00:00,1,traffic,reroute_traffic,0.9855040907859802,0.9682218432426453,0.01728224754333496
Z07,2025-08-11 17:00:00,1,traffic,reroute_traffic,0.9079875946044922,0.7874526381492615,0.12053495645523071
Z08,2025-08-11 17:00:00,1,traffic,reroute_traffic,0.8815778493881226,0.6760265827178955,0.20555126667022705
Z09,2025-08-11 17:00:00,1,traffic,reroute_traffic,0.9460881352424622,0.8634946346282959,0.08259350061416626
Z10,2025-08-11 17:00:00,0,traffic,reroute_traffic,0.8780789971351624,0.6137712597846985,0.26430773735046387
Z02,2025-08-11 18:00:00,0,traffic,alert_ops,0.6055052280426025,0.6055052280426025,0.0
Z04,2025-08-11 18:00:00,0,traffic,alert_ops,0.3116016685962677,0.3116016685962677,0.0
Z06,2025-08-11 18:00:00,1,traffic,alert_ops,0.5055962204933167,0.5055962204933167,0.0
Z07,2025-08-11 18:00:00,1,traffic,alert_ops,0.5079746246337891,0.5079746246337891,0.0
Z09,2025-08-11 18:00:00,0,traffic,alert_ops,0.30066660046577454,0.30066660046577454,0.0
Z01,2025-08-11 19:00:00,1,rider_shortage,rebalance_riders,0.995055079460144,0.9923670887947083,0.002687990665435791
Z02,2025-08-11 19:00:00,1,rider_shortage,rebalance_riders,0.9951497912406921,0.9945051074028015,0.000644683837890625
Z03,2025-08-11 19:00:00,1,rider_shortage,rebalance_riders,0.9949185252189636,0.9942653775215149,0.0006531476974487305
Z04,2025-08-11 19:00:00,1,rider_shortage,rebalance_riders,0.9949551224708557,0.9935684204101562,0.0013867020606994629
Z05,2025-08-11 19:00:00,1,traffic,reroute_traffic,0.9939059615135193,0.9926361441612244,0.0012698173522949219
Z06,2025-08-11 19:00:00,1,rider_shortage,rebalance_riders,0.9949125051498413,0.9915359020233154,0.003376603126525879
Z07,2025-08-11 19:00:00,1,rider_shortage,rebalance_riders,0.9947486519813538,0.9929185509681702,0.0018301010131835938
Z08,2025-08-11 19:00:00,1,rider_shortage,rebalance_riders,0.9950769543647766,0.9925606846809387,0.0025162696838378906
Z09,2025-08-11 19:00:00,1,rider_shortage,rebalance_riders,0.994517982006073,0.9909394979476929,0.003578484058380127
Z10,2025-08-11 19:00:00,1,rider_shortage,rebalance_riders,0.995169460773468,0.9943577647209167,0.0008116960525512695
Z01,2025-08-11 20:00:00,1,rider_shortage,rebalance_riders,0.9941653609275818,0.9885148406028748,0.005650520324707031
Z02,2025-08-11 20:00:00,1,rider_shortage,rebalance_riders,0.993078887462616,0.9759232997894287,0.017155587673187256
Z03,2025-08-11 20:00:00,1,rider_shortage,rebalance_riders,0.9945981502532959,0.9923283457756042,0.0022698044776916504
Z04,2025-08-11 20:00:00,1,rider_shortage,rebalance_riders,0.9946921467781067,0.990149974822998,0.004542171955108643
Z05,2025-08-11 20:00:00,1,traffic,reroute_traffic,0.9891007542610168,0.9757950901985168,0.0133056640625
Z06,2025-08-11 20:00:00,1,traffic,reroute_traffic,0.9870107173919678,0.9446224570274353,0.04238826036453247
Z07,2025-08-11 20:00:00,1,rider_shortage,rebalance_riders,0.9947369694709778,0.9898118376731873,0.004925131797790527
Z08,2025-08-11 20:00:00,1,rider_shortage,rebalance_riders,0.9938010573387146,0.98964524269104,0.0041558146476745605
Z09,2025-08-11 20:00:00,1,rider_shortage,rebalance_riders,0.9935368895530701,0.9816200733184814,0.011916816234588623
Z10,2025-08-11 20:00:00,1,rider_shortage,rebalance_riders,0.9949594736099243,0.9881228804588318,0.006836593151092529
Z01,2025-08-11 21:00:00,1,rider_shortage,rebalance_riders,0.9951375126838684,0.9951375126838684,0.0
Z02,2025-08-11 21:00:00,1,rider_shortage,rebalance_riders,0.9951375126838684,0.994536280632019,0.0006012320518493652
Z03,2025-08-11 21:00:00,1,rider_shortage,rebalance_riders,0.9951375126838684,0.9943401217460632,0.0007973909378051758
Z04,2025-08-11 21:00:00,1,rider_shortage,rebalance_riders,0.995169460773468,0.9945734143257141,0.0005960464477539062
Z05,2025-08-11 21:00:00,1,rider_shortage,rebalance_riders,0.9945194125175476,0.9872588515281677,0.007260560989379883
Z06,2025-08-11 21:00:00,1,rider_shortage,rebalance_riders,0.995124876499176,0.992515504360199,0.0026093721389770508
Z07,2025-08-11 21:00:00,1,rider_shortage,rebalance_riders,0.9949277639389038,0.99354088306427,0.001386880874633789
Z08,2025-08-11 21:00:00,1,rider_shortage,rebalance_riders,0.995169460773468,0.9947943091392517,0.0003751516342163086
Z09,2025-08-11 21:00:00,1,rider_shortage,rebalance_riders,0.995169460773468,0.9944108128547668,0.0007586479187011719
Z10,2025-08-11 21:00:00,1,rider_shortage,rebalance_riders,0.995169460773468,0.994322657585144,0.0008468031883239746
Z01,2025-08-11 22:00:00,0,rider_shortage,rebalance_riders,0.8864326477050781,0.17331761121749878,0.7131150364875793
Z02,2025-08-11 22:00:00,1,rider_shortage,rebalance_riders,0.9859995245933533,0.6616816520690918,0.3243178725242615
Z03,2025-08-11 22:00:00,0,rider_shortage,alert_ops,0.6320928335189819,0.6320928335189819,0.0
Z04,2025-08-11 22:00:00,1,rider_shortage,rebalance_riders,0.9874136447906494,0.8310906291007996,0.15632301568984985
Z05,2025-08-11 22:00:00,1,rider_shortage,rebalance_riders,0.7574005126953125,0.057701945304870605,0.6996985673904419
Z06,2025-08-11 22:00:00,1,rider_shortage,rebalance_riders,0.9931938648223877,0.9377379417419434,0.055455923080444336
Z07,2025-08-11 22:00:00,1,rider_shortage,alert_ops,0.3156041204929352,0.3156041204929352,0.0
Z08,2025-08-11 22:00:00,0,rider_shortage,rebalance_riders,0.8835588693618774,0.28801774978637695,0.5955411195755005
Z09,2025-08-11 22:00:00,1,rider_shortage,rebalance_riders,0.786859929561615,0.23527061939239502,0.55158931016922
Z10,2025-08-11 22:00:00,1,rider_shortage,rebalance_riders,0.9810897707939148,0.5247030854225159,0.4563866853713989
Z01,2025-08-11 23:00:00,1,traffic,reroute_traffic,0.9940203428268433,0.9904780387878418,0.003542304039001465
Z02,2025-08-11 23:00:00,1,traffic,reroute_traffic,0.9943724870681763,0.9913472533226013,0.003025233745574951
Z03,2025-08-11 23:00:00,1,traffic,reroute_traffic,0.9575695395469666,0.9244685173034668,0.033101022243499756
Z04,2025-08-11 23:00:00,1,traffic,reroute_traffic,0.9919049739837646,0.9906730055809021,0.0012319684028625488
Z05,2025-08-11 23:00:00,1,traffic,reroute_traffic,0.9932519793510437,0.9914715886116028,0.001780390739440918
Z06,2025-08-11 23:00:00,1,traffic,reroute_traffic,0.9938470721244812,0.9910119771957397,0.002835094928741455
Z07,2025-08-11 23:00:00,1,traffic,reroute_traffic,0.9946467280387878,0.9943813681602478,0.00026535987854003906
Z08,2025-08-11 23:00:00,1,traffic,reroute_traffic,0.9787532091140747,0.950284481048584,0.028468728065490723
Z09,2025-08-11 23:00:00,1,traffic,reroute_traffic,0.9940963983535767,0.9932615160942078,0.0008348822593688965
Z10,2025-08-11 23:00:00,1,traffic,reroute_traffic,0.9943044781684875,0.9931967258453369,0.0011077523231506348
Z02,2025-08-12 08:00:00,1,rider_shortage,rebalance_riders,0.8637922406196594,0.13749346137046814,0.7262987792491913
Z04,2025-08-12 08:00:00,0,traffic,alert_ops,0.3428092300891876,0.3428092300891876,0.0
Z05,2025-08-12 08:00:00,1,rider_shortage,rebalance_riders,0.9537374377250671,0.19965289533138275,0.7540845423936844
Z09,2025-08-12 08:00:00,1,traffic,reroute_traffic,0.7465173006057739,0.4672592282295227,0.2792580723762512
Z10,2025-08-12 08:00:00,1,traffic,alert_ops,0.6449725031852722,0.6449725031852722,0.0
Z01,2025-08-12 09:00:00,1,traffic,reroute_traffic,0.7546631097793579,0.5093303322792053,0.2453327775001526
Z02,2025-08-12 09:00:00,1,traffic,alert_ops,0.4551798701286316,0.4551798701286316,0.0
Z03,2025-08-12 09:00:00,0,traffic,alert_ops,0.33857840299606323,0.33857840299606323,0.0
Z05,2025-08-12 09:00:00,1,traffic,reroute_traffic,0.8834301233291626,0.7908341288566589,0.09259599447250366
Z07,2025-08-12 09:00:00,0,traffic,alert_ops,0.3639959990978241,0.3639959990978241,0.0
Z09,2025-08-12 09:00:00,1,traffic,alert_ops,0.48034852743148804,0.48034852743148804,0.0
Z10,2025-08-12 09:00:00,0,traffic,reroute_traffic,0.7342107892036438,0.5887833833694458,0.145427405834198
Z06,2025-08-12 10:00:00,0,traffic,alert_ops,0.38294172286987305,0.38294172286987305,0.0
Z07,2025-08-12 10:00:00,0,traffic,alert_ops,0.5730937123298645,0.5730937123298645,0.0
Z10,2025-08-12 10:00:00,1,traffic,reroute_traffic,0.7688838839530945,0.5369294881820679,0.2319543957710266
Z02,2025-08-12 12:00:00,1,rider_shortage,alert_ops,0.39273640513420105,0.39273640513420105,0.0
Z03,2025-08-12 12:00:00,0,rider_shortage,alert_ops,0.4506092667579651,0.4506092667579651,0.0
Z04,2025-08-12 12:00:00,1,rider_shortage,alert_ops,0.3813985288143158,0.3813985288143158,0.0
Z07,2025-08-12 12:00:00,0,rider_shortage,alert_ops,0.5111184120178223,0.5111184120178223,0.0
Z09,2025-08-12 12:00:00,1,rider_shortage,rebalance_riders,0.8895268440246582,0.1556016206741333,0.7339252233505249
Z10,2025-08-12 12:00:00,0,rider_shortage,rebalance_riders,0.8437963128089905,0.054629988968372345,0.7891663238406181
Z04,2025-08-12 13:00:00,1,rider_shortage,rebalance_riders,0.8561502695083618,0.09373009949922562,0.7624201700091362
Z05,2025-08-12 13:00:00,1,rider_shortage,rebalance_riders,0.805259108543396,0.0308299008756876,0.7744292076677084
Z09,2025-08-12 13:00:00,0,rider_shortage,rebalance_riders,0.738315999507904,0.11016306281089783,0.6281529366970062
Z01,2025-08-12 14:00:00,1,rider_shortage,alert_ops,0.3455069959163666,0.3455069959163666,0.0
Z02,2025-08-12 14:00:00,0,rider_shortage,alert_ops,0.3780020475387573,0.3780020475387573,0.0
Z07,2025-08-12 14:00:00,0,rider_shortage,alert_ops,0.37768495082855225,0.37768495082855225,0.0
Z09,2025-08-12 14:00:00,0,rider_shortage,rebalance_riders,0.7182140946388245,0.06705959886312485,0.6511544957756996
Z10,2025-08-12 14:00:00,0,rider_shortage,alert_ops,0.3407479524612427,0.3407479524612427,0.0
Z07,2025-08-12 18:00:00,0,traffic,alert_ops,0.4410974681377411,0.4410974681377411,0.0
Z01,2025-08-12 19:00:00,1,rider_shortage,rebalance_riders,0.9913002848625183,0.9054167866706848,0.0858834981918335
Z02,2025-08-12 19:00:00,0,rider_shortage,rebalance_riders,0.9562482237815857,0.6734452843666077,0.282802939414978
Z03,2025-08-12 19:00:00,1,rider_shortage,rebalance_riders,0.9694329500198364,0.8454343676567078,0.12399858236312866
Z04,2025-08-12 19:00:00,0,traffic,reroute_traffic,0.8197779059410095,0.6244263648986816,0.19535154104232788
Z05,2025-08-12 19:00:00,1,rider_shortage,rebalance_riders,0.9147253632545471,0.21542668342590332,0.6992986798286438
Z06,2025-08-12 19:00:00,1,rider_shortage,rebalance_riders,0.9310319423675537,0.4514169991016388,0.4796149432659149
Z07,2025-08-12 19:00:00,1,rider_shortage,rebalance_riders,0.9908814430236816,0.7713985443115234,0.2194828987121582
Z08,2025-08-12 19:00:00,1,traffic,reroute_traffic,0.9600737690925598,0.8567315936088562,0.10334217548370361
Z09,2025-08-12 19:00:00,1,rider_shortage,rebalance_riders,0.9773334264755249,0.745625913143158,0.23170751333236694
Z10,2025-08-12 19:00:00,1,traffic,alert_ops,0.4787408411502838,0.4787408411502838,0.0
Z01,2025-08-12 20:00:00,1,rider_shortage,rebalance_riders,0.9354450106620789,0.402314156293869,0.5331308543682098
Z02,2025-08-12 20:00:00,0,traffic,alert_ops,0.39207810163497925,0.39207810163497925,0.0
Z03,2025-08-12 20:00:00,0,rider_shortage,rebalance_riders,0.7675902247428894,0.26562750339508057,0.5019627213478088
Z04,2025-08-12 20:00:00,1,rider_shortage,rebalance_riders,0.9694449305534363,0.7268499135971069,0.24259501695632935
Z05,2025-08-12 20:00:00,1,rider_shortage,rebalance_riders,0.9807273149490356,0.4802107810974121,0.5005165338516235
Z07,2025-08-12 20:00:00,1,traffic,reroute_traffic,0.7905590534210205,0.5628070831298828,0.2277519702911377
Z08,2025-08-12 20:00:00,1,traffic,reroute_traffic,0.8357464075088501,0.6370750665664673,0.1986713409423828
Z09,2025-08-12 20:00:00,1,traffic,reroute_traffic,0.8212290406227112,0.6397974491119385,0.1814315915107727
Z10,2025-08-12 20:00:00,1,rider_shortage,rebalance_riders,0.9769004583358765,0.6797539591789246,0.2971464991569519
Z02,2025-08-12 21:00:00,0,rider_shortage,alert_ops,0.6629993319511414,0.6629993319511414,0.0
Z03,2025-08-12 21:00:00,0,rider_shortage,alert_ops,0.6897891759872437,0.6897891759872437,0.0
Z04,2025-08-12 21:00:00,0,rider_shortage,rebalance_riders,0.7707427144050598,0.10717836767435074,0.6635643467307091
Z07,2025-08-12 21:00:00,0,rider_shortage,alert_ops,0.6426402926445007,0.6426402926445007,0.0
Z10,2025-08-12 21:00:00,1,rider_shortage,rebalance_riders,0.8768831491470337,0.12114760279655457,0.7557355463504791
Z02,2025-08-12 22:00:00,0,rider_shortage,alert_ops,0.6101729869842529,0.6101729869842529,0.0
Z03,2025-08-12 22:00:00,1,rider_shortage,alert_ops,0.6479142904281616,0.6479142904281616,0.0
Z04,2025-08-12 22:00:00,0,rider_shortage,rebalance_riders,0.9040767550468445,0.23013806343078613,0.6739386916160583
Z06,2025-08-12 22:00:00,1,rider_shortage,rebalance_riders,0.9464864134788513,0.4139428436756134,0.5325435698032379
Z07,2025-08-12 22:00:00,1,rider_shortage,rebalance_riders,0.9707141518592834,0.10439028590917587,0.8663238659501076
Z08,2025-08-12 22:00:00,0,rider_shortage,alert_ops,0.3339824080467224,0.3339824080467224,0.0
Z10,2025-08-12 22:00:00,0,rider_shortage,alert_ops,0.6457311511039734,0.6457311511039734,0.0
Z01,2025-08-13 08:00:00,1,traffic,alert_ops,0.5555907487869263,0.5555907487869263,0.0
Z03,2025-08-13 08:00:00,1,traffic,alert_ops,0.4085107445716858,0.4085107445716858,0.0
Z05,2025-08-13 08:00:00,1,traffic,reroute_traffic,0.8131140470504761,0.5798690319061279,0.23324501514434814
Z10,2025-08-13 08:00:00,1,traffic,reroute_traffic,0.7884930372238159,0.5901445746421814,0.19834846258163452
Z02,2025-08-13 09:00:00,1,traffic,reroute_traffic,0.8872612714767456,0.71415114402771,0.17311012744903564
Z03,2025-08-13 09:00:00,1,traffic,alert_ops,0.5790805816650391,0.5790805816650391,0.0
Z06,2025-08-13 09:00:00,0,traffic,alert_ops,0.458215594291687,0.458215594291687,0.0
Z07,2025-08-13 09:00:00,0,traffic,alert_ops,0.45525872707366943,0.45525872707366943,0.0
Z08,2025-08-13 09:00:00,1,traffic,alert_ops,0.5169167518615723,0.5169167518615723,0.0
Z09,2025-08-13 12:00:00,0,rider_shortage,alert_ops,0.554915189743042,0.554915189743042,0.0
Z03,2025-08-13 13:00:00,0,rider_shortage,alert_ops,0.6771453619003296,0.6771453619003296,0.0
Z06,2025-08-13 13:00:00,1,rider_shortage,rebalance_riders,0.8564920425415039,0.11049237847328186,0.745999664068222
Z02,2025-08-13 14:00:00,0,rider_shortage,rebalance_riders,0.7873987555503845,0.1471298784017563,0.6402688771486282
Z08,2025-08-13 14:00:00,0,rider_shortage,alert_ops,0.32236039638519287,0.32236039638519287,0.0
Z09,2025-08-13 14:00:00,0,rider_shortage,alert_ops,0.698263943195343,0.698263943195343,0.0
Z10,2025-08-13 14:00:00,0,rider_shortage,alert_ops,0.45314207673072815,0.45314207673072815,0.0
Z01,2025-08-13 19:00:00,0,traffic,reroute_traffic,0.7255250811576843,0.5199189186096191,0.20560616254806519
Z02,2025-08-13 19:00:00,1,rider_shortage,alert_ops,0.6537209749221802,0.6537209749221802,0.0
Z03,2025-08-13 19:00:00,1,rider_shortage,rebalance_riders,0.9878974556922913,0.936335563659668,0.05156189203262329
Z04,2025-08-13 19:00:00,0,traffic,reroute_traffic,0.8553842306137085,0.6844626069068909,0.17092162370681763
Z05,2025-08-13 19:00:00,1,rider_shortage,rebalance_riders,0.9789678454399109,0.49821794033050537,0.4807499051094055
Z06,2025-08-13 19:00:00,1,traffic,reroute_traffic,0.8687906265258789,0.7579828500747681,0.11080777645111084
Z07,2025-08-13 19:00:00,0,traffic,alert_ops,0.38392144441604614,0.38392144441604614,0.0
Z08,2025-08-13 19:00:00,1,rider_shortage,rebalance_riders,0.929772675037384,0.5444982051849365,0.3852744698524475
Z09,2025-08-13 19:00:00,1,rider_shortage,rebalance_riders,0.9403677582740784,0.6183347702026367,0.32203298807144165
Z10,2025-08-13 19:00:00,1,traffic,reroute_traffic,0.9050343036651611,0.7564077377319336,0.14862656593322754
Z01,2025-08-13 20:00:00,1,rider_shortage,rebalance_riders,0.8642224669456482,0.18102100491523743,0.6832014620304108
Z02,2025-08-13 20:00:00,0,rider_shortage,rebalance_riders,0.9073816537857056,0.5465107560157776,0.360870897769928
Z03,2025-08-13 20:00:00,1,rider_shortage,rebalance_riders,0.9620946645736694,0.7512224316596985,0.21087223291397095
Z04,2025-08-13 20:00:00,1,rider_shortage,rebalance_riders,0.9799408316612244,0.796404242515564,0.1835365891456604
Z05,2025-08-13 20:00:00,0,traffic,alert_ops,0.6867851614952087,0.6867851614952087,0.0
Z06,2025-08-13 20:00:00,0,rider_shortage,rebalance_riders,0.9348069429397583,0.4281807541847229,0.5066261887550354
Z07,2025-08-13 20:00:00,0,traffic,reroute_traffic,0.7464839816093445,0.45984044671058655,0.28664353489875793
Z08,2025-08-13 20:00:00,1,rider_shortage,rebalance_riders,0.9768575429916382,0.8217599987983704,0.15509754419326782
Z09,2025-08-13 20:00:00,0,rider_shortage,rebalance_riders,0.8758561015129089,0.2809779942035675,0.5948781073093414
Z10,2025-08-13 20:00:00,1,traffic,reroute_traffic,0.783602774143219,0.5612933039665222,0.22230947017669678
Z01,2025-08-13 21:00:00,0,rider_shortage,alert_ops,0.6939939260482788,0.6939939260482788,0.0
Z03,2025-08-13 21:00:00,0,rider_shortage,alert_ops,0.4976196885108948,0.4976196885108948,0.0
Z05,2025-08-13 21:00:00,1,rider_shortage,alert_ops,0.5761789083480835,0.5761789083480835,0.0
Z07,2025-08-13 21:00:00,0,rider_shortage,rebalance_riders,0.8606801629066467,0.030651289969682693,0.830028872936964
Z10,2025-08-13 21:00:00,0,rider_shortage,rebalance_riders,0.910788893699646,0.19913536310195923,0.7116535305976868
Z01,2025-08-13 22:00:00,1,rider_shortage,alert_ops,0.5651036500930786,0.5651036500930786,0.0
Z02,2025-08-13 22:00:00,1,rider_shortage,alert_ops,0.4089798629283905,0.4089798629283905,0.0
Z03,2025-08-13 22:00:00,0,rider_shortage,alert_ops,0.3848007917404175,0.3848007917404175,0.0
Z04,2025-08-13 22:00:00,1,rider_shortage,rebalance_riders,0.7795971035957336,0.12775209546089172,0.6518450081348419
Z05,2025-08-13 22:00:00,1,rider_shortage,rebalance_riders,0.9295272827148438,0.07067330181598663,0.8588539808988571
Z06,2025-08-13 22:00:00,0,rider_shortage,alert_ops,0.6933969259262085,0.6933969259262085,0.0
Z07,2025-08-13 22:00:00,1,rider_shortage,rebalance_riders,0.931369423866272,0.06674093753099442,0.8646284863352776
Z08,2025-08-13 22:00:00,1,rider_shortage,rebalance_riders,0.9285067319869995,0.26444968581199646,0.664057046175003
Z05,2025-08-14 08:00:00,1,rider_shortage,rebalance_riders,0.8995857238769531,0.22509001195430756,0.6744957119226456
Z07,2025-08-14 08:00:00,0,traffic,alert_ops,0.506375789642334,0.506375789642334,0.0
Z08,2025-08-14 08:00:00,0,traffic,alert_ops,0.3322899043560028,0.3322899043560028,0.0
Z01,2025-08-14 09:00:00,0,traffic,reroute_traffic,0.7738248705863953,0.5190034508705139,0.25482141971588135
Z02,2025-08-14 09:00:00,0,traffic,alert_ops,0.3464128077030182,0.3464128077030182,0.0
Z03,2025-08-14 09:00:00,0,traffic,alert_ops,0.32954370975494385,0.32954370975494385,0.0
Z04,2025-08-14 09:00:00,0,traffic,alert_ops,0.35298100113868713,0.35298100113868713,0.0
Z06,2025-08-14 09:00:00,0,traffic,alert_ops,0.3883223533630371,0.3883223533630371,0.0
Z08,2025-08-14 09:00:00,0,traffic,alert_ops,0.30008289217948914,0.30008289217948914,0.0
Z09,2025-08-14 09:00:00,0,rider_shortage,rebalance_riders,0.8272064328193665,0.1054857149720192,0.7217207178473473
Z04,2025-08-14 12:00:00,0,rider_shortage,alert_ops,0.4548148512840271,0.4548148512840271,0.0
Z06,2025-08-14 12:00:00,0,rider_shortage,alert_ops,0.4072105884552002,0.4072105884552002,0.0
Z04,2025-08-14 13:00:00,0,rider_shortage,alert_ops,0.43245819211006165,0.43245819211006165,0.0
Z06,2025-08-14 13:00:00,0,rider_shortage,alert_ops,0.3663129508495331,0.3663129508495331,0.0
Z07,2025-08-14 13:00:00,1,rider_shortage,alert_ops,0.3722393214702606,0.3722393214702606,0.0
Z09,2025-08-14 13:00:00,0,rider_shortage,rebalance_riders,0.7709874510765076,0.08598679304122925,0.6850006580352783
Z04,2025-08-14 14:00:00,0,rider_shortage,alert_ops,0.47614920139312744,0.47614920139312744,0.0
Z05,2025-08-14 14:00:00,0,rider_shortage,alert_ops,0.41824597120285034,0.41824597120285034,0.0
Z01,2025-08-14 19:00:00,0,rider_shortage,rebalance_riders,0.7003920674324036,0.08514535427093506,0.6152467131614685
Z02,2025-08-14 19:00:00,1,rider_shortage,rebalance_riders,0.850856602191925,0.42352795600891113,0.4273286461830139
Z03,2025-08-14 19:00:00,1,rider_shortage,rebalance_riders,0.9599030613899231,0.821709930896759,0.13819313049316406
Z04,2025-08-14 19:00:00,1,rider_shortage,rebalance_riders,0.9243350625038147,0.629280149936676,0.29505491256713867
Z05,2025-08-14 19:00:00,1,traffic,reroute_traffic,0.8058751225471497,0.5979057550430298,0.20796936750411987
Z06,2025-08-14 19:00:00,1,rider_shortage,rebalance_riders,0.9370304942131042,0.5450755953788757,0.3919548988342285
Z07,2025-08-14 19:00:00,1,rider_shortage,rebalance_riders,0.907143771648407,0.23518440127372742,0.6719593703746796
Z08,2025-08-14 19:00:00,0,rider_shortage,rebalance_riders,0.8146160840988159,0.30399519205093384,0.5106208920478821
Z09,2025-08-14 19:00:00,1,rider_shortage,rebalance_riders,0.9296051263809204,0.5107907652854919,0.41881436109542847
Z01,2025-08-14 20:00:00,0,traffic,alert_ops,0.31011828780174255,0.31011828780174255,0.0
Z02,2025-08-14 20:00:00,0,traffic,reroute_traffic,0.7974420785903931,0.6175634860992432,0.1798785924911499
Z03,2025-08-14 20:00:00,0,rider_shortage,rebalance_riders,0.7306472063064575,0.20065446197986603,0.5299927443265915
Z04,2025-08-14 20:00:00,1,rider_shortage,rebalance_riders,0.9398120045661926,0.55153888463974,0.38827311992645264
Z05,2025-08-14 20:00:00,1,rider_shortage,rebalance_riders,0.9845747351646423,0.7409942746162415,0.24358046054840088
Z06,2025-08-14 20:00:00,0,traffic,reroute_traffic,0.8488564491271973,0.6909694075584412,0.1578870415687561
Z07,2025-08-14 20:00:00,1,traffic,alert_ops,0.6031143069267273,0.6031143069267273,0.0
Z08,2025-08-14 20:00:00,1,rider_shortage,rebalance_riders,0.9342693090438843,0.5863131284713745,0.34795618057250977
Z09,2025-08-14 20:00:00,0,traffic,alert_ops,0.5572190284729004,0.5572190284729004,0.0
Z10,2025-08-14 20:00:00,1,rider_shortage,rebalance_riders,0.9933739900588989,0.94571453332901,0.047659456729888916
Z02,2025-08-14 21:00:00,0,rider_shortage,rebalance_riders,0.7010522484779358,0.14008167386054993,0.5609705746173859
Z04,2025-08-14 21:00:00,0,rider_shortage,alert_ops,0.5272670984268188,0.5272670984268188,0.0
Z06,2025-08-14 21:00:00,0,rider_shortage,rebalance_riders,0.8277156949043274,0.09187749773263931,0.7358381971716881
Z08,2025-08-14 21:00:00,0,rider_shortage,alert_ops,0.632102906703949,0.632102906703949,0.0
Z02,2025-08-14 22:00:00,1,rider_shortage,rebalance_riders,0.9353945255279541,0.32032495737075806,0.615069568157196
Z07,2025-08-14 22:00:00,1,rider_shortage,rebalance_riders,0.7531327605247498,0.022663526237010956,0.7304692342877388
Z08,2025-08-14 22:00:00,0,rider_shortage,alert_ops,0.6460342407226562,0.6460342407226562,0.0
Z10,2025-08-14 22:00:00,1,rider_shortage,rebalance_riders,0.8632708191871643,0.1260247826576233,0.737246036529541
Z06,2025-08-15 06:00:00,0,rider_shortage,alert_ops,0.3214729130268097,0.3214729130268097,0.0
Z04,2025-08-15 07:00:00,1,rider_shortage,alert_ops,0.524307370185852,0.524307370185852,0.0
Z01,2025-08-15 08:00:00,1,traffic,reroute_traffic,0.7118291258811951,0.531032919883728,0.18079620599746704
Z04,2025-08-15 08:00:00,1,rider_shortage,rebalance_riders,0.8635212182998657,0.13928233087062836,0.7242388874292374
Z05,2025-08-15 08:00:00,1,rider_shortage,rebalance_riders,0.8973970413208008,0.0793432667851448,0.818053774535656
Z06,2025-08-15 08:00:00,0,traffic,alert_ops,0.600699782371521,0.600699782371521,0.0
Z07,2025-08-15 08:00:00,1,traffic,reroute_traffic,0.8021960854530334,0.5870608687400818,0.21513521671295166
Z08,2025-08-15 08:00:00,0,traffic,alert_ops,0.5321698784828186,0.5321698784828186,0.0
Z09,2025-08-15 08:00:00,1,traffic,reroute_traffic,0.8275010585784912,0.7255426049232483,0.10195845365524292
Z10,2025-08-15 08:00:00,0,traffic,reroute_traffic,0.70623779296875,0.4847632050514221,0.22147458791732788
Z01,2025-08-15 09:00:00,1,traffic,reroute_traffic,0.7986096739768982,0.6089370250701904,0.18967264890670776
Z03,2025-08-15 09:00:00,0,rider_shortage,alert_ops,0.6759548187255859,0.6759548187255859,0.0
Z04,2025-08-15 09:00:00,0,traffic,reroute_traffic,0.8260040283203125,0.6404500007629395,0.18555402755737305
Z05,2025-08-15 09:00:00,0,traffic,alert_ops,0.36482810974121094,0.36482810974121094,0.0
Z07,2025-08-15 09:00:00,1,traffic,alert_ops,0.678739607334137,0.678739607334137,0.0
Z08,2025-08-15 09:00:00,1,traffic,alert_ops,0.4876006841659546,0.4876006841659546,0.0
Z09,2025-08-15 09:00:00,1,rider_shortage,rebalance_riders,0.9716467261314392,0.5969094038009644,0.37473732233047485
Z01,2025-08-15 10:00:00,1,traffic,alert_ops,0.5770681500434875,0.5770681500434875,0.0
Z06,2025-08-15 12:00:00,0,rider_shortage,alert_ops,0.4800117313861847,0.4800117313861847,0.0
Z09,2025-08-15 12:00:00,0,rider_shortage,alert_ops,0.4897436797618866,0.4897436797618866,0.0
Z10,2025-08-15 12:00:00,0,rider_shortage,alert_ops,0.504461944103241,0.504461944103241,0.0
Z03,2025-08-15 13:00:00,1,rider_shortage,rebalance_riders,0.7073457837104797,0.14944861829280853,0.5578971654176712
Z04,2025-08-15 13:00:00,0,rider_shortage,alert_ops,0.6959601640701294,0.6959601640701294,0.0
Z08,2025-08-15 14:00:00,0,rider_shortage,rebalance_riders,0.823376476764679,0.1201796904206276,0.7031967863440514
Z06,2025-08-15 17:00:00,0,traffic,alert_ops,0.5206132531166077,0.5206132531166077,0.0
Z09,2025-08-15 17:00:00,0,traffic,alert_ops,0.3337642550468445,0.3337642550468445,0.0
Z05,2025-08-15 18:00:00,0,rider_shortage,rebalance_riders,0.9322630167007446,0.057497281581163406,0.8747657351195812
Z01,2025-08-15 19:00:00,1,rider_shortage,rebalance_riders,0.9673736691474915,0.6654068231582642,0.3019668459892273
Z02,2025-08-15 19:00:00,1,traffic,reroute_traffic,0.8754203915596008,0.7332969903945923,0.14212340116500854
Z03,2025-08-15 19:00:00,1,rider_shortage,rebalance_riders,0.9764092564582825,0.8721194267272949,0.10428982973098755
Z04,2025-08-15 19:00:00,1,rider_shortage,rebalance_riders,0.9692036509513855,0.7214035987854004,0.2478000521659851
Z05,2025-08-15 19:00:00,1,rider_shortage,rebalance_riders,0.8601073622703552,0.09375213831663132,0.7663552239537239
Z06,2025-08-15 19:00:00,1,rider_shortage,rebalance_riders,0.9063884615898132,0.3961355686187744,0.5102528929710388
Z07,2025-08-15 19:00:00,1,rider_shortage,rebalance_riders,0.9878203272819519,0.6816290020942688,0.3061913251876831
Z08,2025-08-15 19:00:00,1,rider_shortage,rebalance_riders,0.9901635050773621,0.918840229511261,0.07132327556610107
Z09,2025-08-15 19:00:00,0,traffic,reroute_traffic,0.7692129015922546,0.5147449374198914,0.2544679641723633
Z10,2025-08-15 19:00:00,1,traffic,reroute_traffic,0.7796544432640076,0.5947230458259583,0.18493139743804932
Z01,2025-08-15 20:00:00,1,rider_shortage,rebalance_riders,0.8815387487411499,0.3364056944847107,0.5451330542564392
Z02,2025-08-15 20:00:00,1,rider_shortage,rebalance_riders,0.9435567259788513,0.6752517223358154,0.2683050036430359
Z03,2025-08-15 20:00:00,1,rider_shortage,rebalance_riders,0.9081927537918091,0.5851324200630188,0.3230603337287903
Z04,2025-08-15 20:00:00,0,rider_shortage,rebalance_riders,0.9253188967704773,0.4607548117637634,0.46456408500671387
Z05,2025-08-15 20:00:00,1,rider_shortage,rebalance_riders,0.9428684115409851,0.3141437768936157,0.6287246346473694
Z06,2025-08-15 20:00:00,1,traffic,reroute_traffic,0.9038583636283875,0.7799448370933533,0.12391352653503418
Z07,2025-08-15 20:00:00,1,rider_shortage,rebalance_riders,0.9560755491256714,0.22477279603481293,0.7313027530908585
Z08,2025-08-15 20:00:00,0,rider_shortage,rebalance_riders,0.8838895559310913,0.24650602042675018,0.6373835355043411
Z09,2025-08-15 20:00:00,1,rider_shortage,rebalance_riders,0.9662888646125793,0.705467939376831,0.2608209252357483
Z10,2025-08-15 20:00:00,1,traffic,alert_ops,0.6458858251571655,0.6458858251571655,0.0
Z01,2025-08-15 21:00:00,1,rider_shortage,rebalance_riders,0.8009485602378845,0.06489629298448563,0.7360522672533989
Z02,2025-08-15 21:00:00,0,rider_shortage,alert_ops,0.30151331424713135,0.30151331424713135,0.0
Z04,2025-08-15 21:00:00,0,rider_shortage,alert_ops,0.3565068542957306,0.3565068542957306,0.0
Z05,2025-08-15 21:00:00,0,rider_shortage,rebalance_riders,0.7904627919197083,0.056467439979314804,0.7339953519403934
Z06,2025-08-15 21:00:00,0,rider_shortage,alert_ops,0.46216315031051636,0.46216315031051636,0.0
Z10,2025-08-15 21:00:00,0,rider_shortage,rebalance_riders,0.7306694984436035,0.0803237333893776,0.6503457650542259
Z02,2025-08-15 22:00:00,0,rider_shortage,alert_ops,0.33342376351356506,0.33342376351356506,0.0
Z05,2025-08-15 22:00:00,0,rider_shortage,alert_ops,0.46514007449150085,0.46514007449150085,0.0
Z10,2025-08-15 22:00:00,1,rider_shortage,rebalance_riders,0.9085819125175476,0.19538423418998718,0.7131976783275604
Z05,2025-08-16 07:00:00,0,rider_shortage,rebalance_riders,0.855998158454895,0.01717795617878437,0.8388202022761106
Z06,2025-08-16 07:00:00,1,rider_shortage,rebalance_riders,0.7961974143981934,0.049958229064941406,0.746239185333252
Z01,2025-08-16 08:00:00,1,rider_shortage,rebalance_riders,0.9828039407730103,0.6703205704689026,0.31248337030410767
Z02,2025-08-16 08:00:00,1,rider_shortage,rebalance_riders,0.9853325486183167,0.8372575640678406,0.14807498455047607
Z03,2025-08-16 08:00:00,0,traffic,alert_ops,0.595795214176178,0.595795214176178,0.0
Z04,2025-08-16 08:00:00,0,traffic,alert_ops,0.5414910912513733,0.5414910912513733,0.0
Z05,2025-08-16 08:00:00,1,rider_shortage,rebalance_riders,0.9384235143661499,0.19455426931381226,0.7438692450523376
Z06,2025-08-16 08:00:00,1,rider_shortage,rebalance_riders,0.899229109287262,0.31019049882888794,0.589038610458374
Z07,2025-08-16 08:00:00,0,traffic,reroute_traffic,0.7850157618522644,0.5100588798522949,0.2749568819999695
Z08,2025-08-16 08:00:00,1,traffic,reroute_traffic,0.9094606041908264,0.742341160774231,0.16711944341659546
Z09,2025-08-16 08:00:00,0,traffic,alert_ops,0.5448074340820312,0.5448074340820312,0.0
Z10,2025-08-16 08:00:00,0,traffic,alert_ops,0.3568367660045624,0.3568367660045624,0.0
Z02,2025-08-16 09:00:00,1,rider_shortage,rebalance_riders,0.9828062653541565,0.8358519673347473,0.14695429801940918
Z03,2025-08-16 09:00:00,1,traffic,alert_ops,0.6643197536468506,0.6643197536468506,0.0
Z04,2025-08-16 09:00:00,1,traffic,reroute_traffic,0.8928326368331909,0.8058853149414062,0.08694732189178467
Z05,2025-08-16 09:00:00,1,rider_shortage,rebalance_riders,0.9168005585670471,0.1967388391494751,0.720061719417572
Z06,2025-08-16 09:00:00,1,rider_shortage,rebalance_riders,0.9575352072715759,0.4821787178516388,0.47535648941993713
Z07,2025-08-16 09:00:00,1,rider_shortage,rebalance_riders,0.9434283375740051,0.16499397158622742,0.7784343659877777
Z08,2025-08-16 09:00:00,1,rider_shortage,rebalance_riders,0.7755258679389954,0.13713882863521576,0.6383870393037796
Z09,2025-08-16 09:00:00,1,rider_shortage,rebalance_riders,0.8646799921989441,0.1300816386938095,0.7345983535051346
Z10,2025-08-16 09:00:00,1,traffic,alert_ops,0.6882915496826172,0.6882915496826172,0.0
Z09,2025-08-16 10:00:00,1,traffic,alert_ops,0.6617461442947388,0.6617461442947388,0.0
Z02,2025-08-16 12:00:00,0,rider_shortage,alert_ops,0.3330690860748291,0.3330690860748291,0.0
Z04,2025-08-16 12:00:00,0,rider_shortage,alert_ops,0.47842344641685486,0.47842344641685486,0.0
Z06,2025-08-16 12:00:00,0,rider_shortage,alert_ops,0.5395163297653198,0.5395163297653198,0.0
Z07,2025-08-16 12:00:00,1,rider_shortage,rebalance_riders,0.880420446395874,0.030585289001464844,0.8498351573944092
Z08,2025-08-16 12:00:00,1,rider_shortage,rebalance_riders,0.906503438949585,0.20070798695087433,0.7057954519987106
Z09,2025-08-16 12:00:00,0,rider_shortage,alert_ops,0.31675589084625244,0.31675589084625244,0.0
Z10,2025-08-16 12:00:00,0,rider_shortage,alert_ops,0.6672276258468628,0.6672276258468628,0.0
Z01,2025-08-16 13:00:00,1,rider_shortage,rebalance_riders,0.8899480700492859,0.14686839282512665,0.7430796772241592
Z02,2025-08-16 13:00:00,0,rider_shortage,alert_ops,0.40068262815475464,0.40068262815475464,0.0
Z03,2025-08-16 13:00:00,1,rider_shortage,rebalance_riders,0.7896363139152527,0.31366750597953796,0.4759688079357147
Z04,2025-08-16 13:00:00,1,rider_shortage,alert_ops,0.32950279116630554,0.32950279116630554,0.0
Z07,2025-08-16 13:00:00,1,rider_shortage,rebalance_riders,0.9847752451896667,0.13693825900554657,0.8478369861841202
Z08,2025-08-16 13:00:00,1,rider_shortage,alert_ops,0.6298520565032959,0.6298520565032959,0.0
Z09,2025-08-16 13:00:00,0,rider_shortage,rebalance_riders,0.8883925676345825,0.21671178936958313,0.6716807782649994
Z10,2025-08-16 13:00:00,1,rider_shortage,rebalance_riders,0.8681367039680481,0.07574781030416489,0.7923888936638832
Z03,2025-08-16 14:00:00,0,rider_shortage,alert_ops,0.455325722694397,0.455325722694397,0.0
Z04,2025-08-16 14:00:00,0,rider_shortage,rebalance_riders,0.9512633085250854,0.35028159618377686,0.6009817123413086
Z05,2025-08-16 14:00:00,1,rider_shortage,rebalance_riders,0.9630494713783264,0.10505647957324982,0.8579929918050766
Z08,2025-08-16 14:00:00,1,rider_shortage,alert_ops,0.6489126682281494,0.6489126682281494,0.0
Z09,2025-08-16 14:00:00,1,rider_shortage,rebalance_riders,0.7282348871231079,0.09502486139535904,0.6332100257277489
Z10,2025-08-16 14:00:00,1,rider_shortage,alert_ops,0.6307549476623535,0.6307549476623535,0.0
Z07,2025-08-16 15:00:00,0,rider_shortage,alert_ops,0.42485788464546204,0.42485788464546204,0.0
Z03,2025-08-16 17:00:00,0,traffic,alert_ops,0.3421718180179596,0.3421718180179596,0.0
Z08,2025-08-16 17:00:00,0,traffic,alert_ops,0.42512229084968567,0.42512229084968567,0.0
Z01,2025-08-16 18:00:00,0,traffic,alert_ops,0.6161689758300781,0.6161689758300781,0.0
Z02,2025-08-16 18:00:00,0,traffic,alert_ops,0.41940775513648987,0.41940775513648987,0.0
Z05,2025-08-16 18:00:00,0,traffic,alert_ops,0.30071333050727844,0.30071333050727844,0.0
Z07,2025-08-16 18:00:00,0,traffic,alert_ops,0.45168912410736084,0.45168912410736084,0.0
Z01,2025-08-16 19:00:00,1,rider_shortage,rebalance_riders,0.9907084703445435,0.9218201041221619,0.06888836622238159
Z02,2025-08-16 19:00:00,1,rider_shortage,rebalance_riders,0.9921594858169556,0.9386249780654907,0.053534507751464844
Z03,2025-08-16 19:00:00,1,rider_shortage,rebalance_riders,0.9915658235549927,0.9474846124649048,0.04408121109008789
Z04,2025-08-16 19:00:00,1,rider_shortage,rebalance_riders,0.9934764504432678,0.9605585932731628,0.03291785717010498
Z05,2025-08-16 19:00:00,1,traffic,reroute_traffic,0.815778374671936,0.6193780303001404,0.19640034437179565
Z06,2025-08-16 19:00:00,0,rider_shortage,rebalance_riders,0.886139452457428,0.36215516924858093,0.523984283208847
Z07,2025-08-16 19:00:00,0,rider_shortage,rebalance_riders,0.9548133015632629,0.12241862714290619,0.8323946744203568
Z08,2025-08-16 19:00:00,1,rider_shortage,rebalance_riders,0.9806084632873535,0.834466278553009,0.14614218473434448
Z09,2025-08-16 19:00:00,0,rider_shortage,rebalance_riders,0.9838250875473022,0.8376421332359314,0.14618295431137085
Z10,2025-08-16 19:00:00,1,rider_shortage,rebalance_riders,0.9858850240707397,0.784043550491333,0.20184147357940674
Z01,2025-08-16 20:00:00,1,rider_shortage,rebalance_riders,0.9864270091056824,0.7425053715705872,0.24392163753509521
Z02,2025-08-16 20:00:00,1,rider_shortage,rebalance_riders,0.9866331815719604,0.9150010347366333,0.07163214683532715
Z03,2025-08-16 20:00:00,1,rider_shortage,rebalance_riders,0.9755496382713318,0.8897674083709717,0.08578222990036011
Z04,2025-08-16 20:00:00,1,rider_shortage,rebalance_riders,0.9935373663902283,0.9740266799926758,0.01951068639755249
Z05,2025-08-16 20:00:00,1,rider_shortage,rebalance_riders,0.9028832316398621,0.334987610578537,0.5678956210613251
Z06,2025-08-16 20:00:00,0,rider_shortage,rebalance_riders,0.9065834879875183,0.3357691466808319,0.5708143413066864
Z07,2025-08-16 20:00:00,1,rider_shortage,rebalance_riders,0.9881061315536499,0.6129334568977356,0.3751726746559143
Z08,2025-08-16 20:00:00,1,rider_shortage,rebalance_riders,0.9657287001609802,0.8240030407905579,0.14172565937042236
Z09,2025-08-16 20:00:00,1,rider_shortage,rebalance_riders,0.959555983543396,0.7260468006134033,0.23350918292999268
Z10,2025-08-16 20:00:00,1,rider_shortage,rebalance_riders,0.9910037517547607,0.9035912752151489,0.08741247653961182
Z01,2025-08-16 21:00:00,0,rider_shortage,rebalance_riders,0.7661502957344055,0.10544896125793457,0.660701334476471
Z02,2025-08-16 21:00:00,0,rider_shortage,alert_ops,0.3121250569820404,0.3121250569820404,0.0
Z03,2025-08-16 21:00:00,1,rider_shortage,rebalance_riders,0.9007276296615601,0.4324195981025696,0.4683080315589905
Z04,2025-08-16 21:00:00,1,rider_shortage,rebalance_riders,0.7528524398803711,0.09440144151449203,0.6584509983658791
Z05,2025-08-16 21:00:00,1,rider_shortage,rebalance_riders,0.9862944483757019,0.17636924982070923,0.8099251985549927
Z06,2025-08-16 21:00:00,0,rider_shortage,alert_ops,0.5718267560005188,0.5718267560005188,0.0
Z07,2025-08-16 21:00:00,0,rider_shortage,alert_ops,0.46773186326026917,0.46773186326026917,0.0
Z08,2025-08-16 21:00:00,1,rider_shortage,rebalance_riders,0.9864298105239868,0.6181921362876892,0.3682376742362976
Z09,2025-08-16 21:00:00,1,rider_shortage,alert_ops,0.6354092955589294,0.6354092955589294,0.0
Z10,2025-08-16 21:00:00,1,rider_shortage,rebalance_riders,0.852456271648407,0.1340435892343521,0.7184126824140549
Z01,2025-08-16 22:00:00,0,rider_shortage,rebalance_riders,0.8021500110626221,0.11777057498693466,0.6843794360756874
Z02,2025-08-16 22:00:00,0,rider_shortage,alert_ops,0.46999815106391907,0.46999815106391907,0.0
Z03,2025-08-16 22:00:00,1,rider_shortage,rebalance_riders,0.859130859375,0.4701159596443176,0.3890148997306824
Z04,2025-08-16 22:00:00,1,rider_shortage,rebalance_riders,0.8978915810585022,0.24503710865974426,0.6528544723987579
Z05,2025-08-16 22:00:00,1,rider_shortage,rebalance_riders,0.9883837699890137,0.5196139216423035,0.4687698483467102
Z06,2025-08-16 22:00:00,1,rider_shortage,rebalance_riders,0.8295615911483765,0.12518128752708435,0.7043803036212921
Z07,2025-08-16 22:00:00,0,rider_shortage,alert_ops,0.3261592388153076,0.3261592388153076,0.0
Z08,2025-08-16 22:00:00,1,rider_shortage,rebalance_riders,0.9655694961547852,0.5515114068984985,0.4140580892562866
Z09,2025-08-16 22:00:00,0,rider_shortage,alert_ops,0.6309967637062073,0.6309967637062073,0.0
Z10,2025-08-16 22:00:00,0,rider_shortage,alert_ops,0.5032361745834351,0.5032361745834351,0.0
Z10,2025-08-17 07:00:00,0,rider_shortage,alert_ops,0.4240121841430664,0.4240121841430664,0.0
Z01,2025-08-17 08:00:00,1,rider_shortage,rebalance_riders,0.9238635301589966,0.21549853682518005,0.7083649933338165
Z02,2025-08-17 08:00:00,0,traffic,reroute_traffic,0.8386815190315247,0.6277357935905457,0.210945725440979
Z04,2025-08-17 08:00:00,0,traffic,alert_ops,0.5573724508285522,0.5573724508285522,0.0
Z06,2025-08-17 08:00:00,0,traffic,alert_ops,0.478890061378479,0.478890061378479,0.0
Z07,2025-08-17 08:00:00,0,rider_shortage,alert_ops,0.6057884097099304,0.6057884097099304,0.0
Z08,2025-08-17 08:00:00,1,rider_shortage,rebalance_riders,0.9668108820915222,0.6694013476371765,0.2974095344543457
Z09,2025-08-17 08:00:00,1,rider_shortage,rebalance_riders,0.9049814343452454,0.27935439348220825,0.6256270408630371
Z10,2025-08-17 08:00:00,0,traffic,alert_ops,0.6205877661705017,0.6205877661705017,0.0
Z01,2025-08-17 09:00:00,1,rider_shortage,rebalance_riders,0.9729219675064087,0.6128934621810913,0.3600285053253174
Z02,2025-08-17 09:00:00,1,traffic,reroute_traffic,0.9561889171600342,0.8920540809631348,0.06413483619689941
Z04,2025-08-17 09:00:00,0,rider_shortage,rebalance_riders,0.86604243516922,0.1675514578819275,0.6984909772872925
Z05,2025-08-17 09:00:00,0,traffic,reroute_traffic,0.7899706959724426,0.5753539800643921,0.21461671590805054
Z06,2025-08-17 09:00:00,1,rider_shortage,rebalance_riders,0.9512379765510559,0.4375101625919342,0.5137278139591217
Z07,2025-08-17 09:00:00,0,rider_shortage,alert_ops,0.6254488229751587,0.6254488229751587,0.0
Z08,2025-08-17 09:00:00,0,rider_shortage,rebalance_riders,0.7310869097709656,0.11790536344051361,0.613181546330452
Z09,2025-08-17 09:00:00,1,traffic,reroute_traffic,0.901028037071228,0.7682976722717285,0.1327303647994995
Z10,2025-08-17 09:00:00,1,rider_shortage,rebalance_riders,0.9860673546791077,0.6790919899940491,0.3069753646850586
Z10,2025-08-17 10:00:00,1,traffic,reroute_traffic,0.9440587759017944,0.8495494723320007,0.0945093035697937
Z01,2025-08-17 12:00:00,1,rider_shortage,alert_ops,0.40988510847091675,0.40988510847091675,0.0
Z03,2025-08-17 12:00:00,0,rider_shortage,alert_ops,0.38758617639541626,0.38758617639541626,0.0
Z04,2025-08-17 12:00:00,1,rider_shortage,rebalance_riders,0.75534588098526,0.12645113468170166,0.6288947463035583
Z06,2025-08-17 12:00:00,0,rider_shortage,alert_ops,0.6630237102508545,0.6630237102508545,0.0
Z09,2025-08-17 12:00:00,1,rider_shortage,alert_ops,0.6402925252914429,0.6402925252914429,0.0
Z10,2025-08-17 12:00:00,1,rider_shortage,rebalance_riders,0.8873431086540222,0.14586198329925537,0.7414811253547668
Z01,2025-08-17 13:00:00,0,rider_shortage,alert_ops,0.47057121992111206,0.47057121992111206,0.0
Z02,2025-08-17 13:00:00,1,rider_shortage,rebalance_riders,0.8482781052589417,0.15634065866470337,0.6919374465942383
Z05,2025-08-17 13:00:00,1,rider_shortage,rebalance_riders,0.8625150918960571,0.06667999923229218,0.795835092663765
Z06,2025-08-17 13:00:00,0,rider_shortage,alert_ops,0.4512152671813965,0.4512152671813965,0.0
Z07,2025-08-17 13:00:00,1,rider_shortage,alert_ops,0.6688024997711182,0.6688024997711182,0.0
Z08,2025-08-17 13:00:00,0,rider_shortage,alert_ops,0.4897436797618866,0.4897436797618866,0.0
Z09,2025-08-17 13:00:00,0,rider_shortage,alert_ops,0.3852170407772064,0.3852170407772064,0.0
Z10,2025-08-17 13:00:00,1,rider_shortage,alert_ops,0.4312329888343811,0.4312329888343811,0.0
Z03,2025-08-17 14:00:00,1,rider_shortage,alert_ops,0.5602025985717773,0.5602025985717773,0.0
Z06,2025-08-17 14:00:00,1,rider_shortage,alert_ops,0.6418394446372986,0.6418394446372986,0.0
Z07,2025-08-17 14:00:00,0,rider_shortage,rebalance_riders,0.7529429197311401,0.022400904446840286,0.7305420152842999
Z08,2025-08-17 14:00:00,0,rider_shortage,rebalance_riders,0.7511412501335144,0.12633833289146423,0.6248029172420502
Z09,2025-08-17 14:00:00,1,rider_shortage,alert_ops,0.5259031057357788,0.5259031057357788,0.0
Z10,2025-08-17 14:00:00,1,rider_shortage,rebalance_riders,0.9156652688980103,0.12261390686035156,0.7930513620376587
Z07,2025-08-17 17:00:00,0,traffic,alert_ops,0.3213886022567749,0.3213886022567749,0.0
Z01,2025-08-17 19:00:00,1,rider_shortage,rebalance_riders,0.9698031544685364,0.7320204973220825,0.23778265714645386
Z02,2025-08-17 19:00:00,1,rider_shortage,rebalance_riders,0.9869129657745361,0.8913730978965759,0.0955398678779602
Z03,2025-08-17 19:00:00,1,rider_shortage,rebalance_riders,0.9660311937332153,0.7992134094238281,0.1668177843093872
Z04,2025-08-17 19:00:00,1,rider_shortage,rebalance_riders,0.9933066964149475,0.9371113777160645,0.05619531869888306
Z05,2025-08-17 19:00:00,1,rider_shortage,rebalance_riders,0.9924564361572266,0.8924427032470703,0.10001373291015625
Z06,2025-08-17 19:00:00,1,rider_shortage,rebalance_riders,0.9846604466438293,0.8419455289840698,0.14271491765975952
Z07,2025-08-17 19:00:00,1,rider_shortage,rebalance_riders,0.9405901432037354,0.1577867865562439,0.7828033566474915
Z08,2025-08-17 19:00:00,1,rider_shortage,rebalance_riders,0.9654191136360168,0.7329819202423096,0.23243719339370728
Z09,2025-08-17 19:00:00,1,rider_shortage,rebalance_riders,0.992028534412384,0.9308829307556152,0.0611456036567688
Z10,2025-08-17 19:00:00,1,rider_shortage,rebalance_riders,0.9865698218345642,0.8432880640029907,0.1432817578315735
Z01,2025-08-17 20:00:00,1,rider_shortage,rebalance_riders,0.9925731420516968,0.9199864864349365,0.07258665561676025
Z02,2025-08-17 20:00:00,1,rider_shortage,rebalance_riders,0.9921436309814453,0.9438724517822266,0.04827117919921875
Z03,2025-08-17 20:00:00,1,rider_shortage,rebalance_riders,0.976705014705658,0.8715420365333557,0.10516297817230225
Z04,2025-08-17 20:00:00,1,rider_shortage,rebalance_riders,0.9707058668136597,0.6134791374206543,0.35722672939300537
Z05,2025-08-17 20:00:00,1,rider_shortage,rebalance_riders,0.9886090755462646,0.8242116570472717,0.16439741849899292
Z06,2025-08-17 20:00:00,1,rider_shortage,rebalance_riders,0.9828742742538452,0.8245949149131775,0.15827935934066772
Z07,2025-08-17 20:00:00,0,rider_shortage,rebalance_riders,0.7524297833442688,0.056971583515405655,0.6954581998288631
Z08,2025-08-17 20:00:00,1,rider_shortage,rebalance_riders,0.9755181074142456,0.8118208050727844,0.16369730234146118
Z09,2025-08-17 20:00:00,1,rider_shortage,rebalance_riders,0.9866329431533813,0.8435322642326355,0.14310067892074585
Z10,2025-08-17 20:00:00,1,rider_shortage,rebalance_riders,0.9925000071525574,0.9706318378448486,0.02186816930770874
Z01,2025-08-17 21:00:00,1,rider_shortage,rebalance_riders,0.9775806665420532,0.8454771637916565,0.13210350275039673
Z02,2025-08-17 21:00:00,1,rider_shortage,rebalance_riders,0.7936251759529114,0.27359431982040405,0.5200308561325073
Z03,2025-08-17 21:00:00,0,rider_shortage,rebalance_riders,0.7178965210914612,0.2241821140050888,0.4937144070863724
Z06,2025-08-17 21:00:00,1,rider_shortage,alert_ops,0.5034378170967102,0.5034378170967102,0.0
Z07,2025-08-17 21:00:00,0,rider_shortage,rebalance_riders,0.8715437054634094,0.044369231909513474,0.827174473553896
Z08,2025-08-17 21:00:00,1,rider_shortage,rebalance_riders,0.8820927143096924,0.23855169117450714,0.6435410231351852
Z09,2025-08-17 21:00:00,0,rider_shortage,alert_ops,0.3156743049621582,0.3156743049621582,0.0
Z10,2025-08-17 21:00:00,0,rider_shortage,alert_ops,0.45822229981422424,0.45822229981422424,0.0
Z01,2025-08-17 22:00:00,1,rider_shortage,alert_ops,0.5027987957000732,0.5027987957000732,0.0
Z02,2025-08-17 22:00:00,1,rider_shortage,rebalance_riders,0.7871926426887512,0.21719862520694733,0.5699940174818039
Z03,2025-08-17 22:00:00,1,rider_shortage,rebalance_riders,0.9847603440284729,0.8185384273529053,0.16622191667556763
Z04,2025-08-17 22:00:00,1,rider_shortage,rebalance_riders,0.9732768535614014,0.49178874492645264,0.48148810863494873
Z05,2025-08-17 22:00:00,0,rider_shortage,rebalance_riders,0.7096432447433472,0.03940999507904053,0.6702332496643066
Z06,2025-08-17 22:00:00,1,rider_shortage,rebalance_riders,0.9222445487976074,0.36294227838516235,0.5593022704124451
Z07,2025-08-17 22:00:00,1,rider_shortage,rebalance_riders,0.9856690168380737,0.2913104295730591,0.6943585872650146
Z08,2025-08-17 22:00:00,1,rider_shortage,rebalance_riders,0.7935645580291748,0.16946196556091309,0.6241025924682617
Z09,2025-08-17 22:00:00,1,rider_shortage,rebalance_riders,0.9862048029899597,0.5924267172813416,0.39377808570861816
Z10,2025-08-17 22:00:00,1,rider_shortage,rebalance_riders,0.9748061895370483,0.34687966108322144,0.6279265284538269
Z01,2025-08-18 08:00:00,1,rider_shortage,rebalance_riders,0.986968994140625,0.7356181144714355,0.25135087966918945
Z02,2025-08-18 08:00:00,1,traffic,reroute_traffic,0.8647868633270264,0.6456922292709351,0.2190946340560913
Z06,2025-08-18 08:00:00,0,traffic,alert_ops,0.6505388617515564,0.6505388617515564,0.0
Z07,2025-08-18 08:00:00,0,traffic,alert_ops,0.49617502093315125,0.49617502093315125,0.0
Z08,2025-08-18 08:00:00,1,traffic,alert_ops,0.6010851860046387,0.6010851860046387,0.0
Z10,2025-08-18 08:00:00,0,traffic,alert_ops,0.5912985801696777,0.5912985801696777,0.0
Z03,2025-08-18 09:00:00,0,traffic,reroute_traffic,0.7854565978050232,0.5357968211174011,0.24965977668762207
Z04,2025-08-18 09:00:00,0,traffic,alert_ops,0.3074522316455841,0.3074522316455841,0.0
Z05,2025-08-18 09:00:00,0,traffic,alert_ops,0.33182597160339355,0.33182597160339355,0.0
Z06,2025-08-18 09:00:00,1,traffic,reroute_traffic,0.8009656071662903,0.6181719303131104,0.18279367685317993
Z07,2025-08-18 09:00:00,0,traffic,alert_ops,0.615563690662384,0.615563690662384,0.0
Z09,2025-08-18 13:00:00,1,rider_shortage,rebalance_riders,0.9377274513244629,0.2243996411561966,0.7133278101682663
Z01,2025-08-18 14:00:00,1,rider_shortage,alert_ops,0.3144528269767761,0.3144528269767761,0.0
Z05,2025-08-18 18:00:00,1,traffic,reroute_traffic,0.741989254951477,0.45252931118011475,0.2894599437713623
Z07,2025-08-18 18:00:00,0,traffic,reroute_traffic,0.7642260193824768,0.5138362646102905,0.2503897547721863
Z01,2025-08-18 19:00:00,0,traffic,reroute_traffic,0.8943066596984863,0.8074548244476318,0.08685183525085449
Z02,2025-08-18 19:00:00,1,rider_shortage,rebalance_riders,0.9796760082244873,0.7589897513389587,0.22068625688552856
Z03,2025-08-18 19:00:00,1,rider_shortage,rebalance_riders,0.9736952781677246,0.8458996415138245,0.12779563665390015
Z04,2025-08-18 19:00:00,1,rider_shortage,rebalance_riders,0.9786803722381592,0.7910987734794617,0.1875815987586975
Z05,2025-08-18 19:00:00,0,rider_shortage,rebalance_riders,0.7636910080909729,0.09483112394809723,0.6688598841428757
Z06,2025-08-18 19:00:00,0,traffic,alert_ops,0.37799060344696045,0.37799060344696045,0.0
Z07,2025-08-18 19:00:00,1,rider_shortage,rebalance_riders,0.9711869955062866,0.26412972807884216,0.7070572674274445
Z08,2025-08-18 19:00:00,1,rider_shortage,rebalance_riders,0.971572995185852,0.7784772515296936,0.19309574365615845
Z09,2025-08-18 19:00:00,0,rider_shortage,rebalance_riders,0.7815923690795898,0.1837300956249237,0.5978622734546661
Z10,2025-08-18 19:00:00,1,rider_shortage,rebalance_riders,0.9733362793922424,0.5972425937652588,0.37609368562698364
Z01,2025-08-18 20:00:00,1,traffic,reroute_traffic,0.8662989139556885,0.7193161845207214,0.14698272943496704
Z02,2025-08-18 20:00:00,1,traffic,reroute_traffic,0.8833319544792175,0.7736911177635193,0.10964083671569824
Z03,2025-08-18 20:00:00,1,traffic,reroute_traffic,0.7051299214363098,0.5297171473503113,0.17541277408599854
Z04,2025-08-18 20:00:00,0,rider_shortage,rebalance_riders,0.9669021368026733,0.6557177901268005,0.3111843466758728
Z05,2025-08-18 20:00:00,1,traffic,reroute_traffic,0.9468500018119812,0.832581639289856,0.11426836252212524
Z06,2025-08-18 20:00:00,1,traffic,reroute_traffic,0.9556069374084473,0.8628594875335693,0.09274744987487793
Z07,2025-08-18 20:00:00,1,rider_shortage,rebalance_riders,0.9924824833869934,0.8263803720474243,0.1661021113395691
Z08,2025-08-18 20:00:00,0,rider_shortage,rebalance_riders,0.9511575102806091,0.6895491480827332,0.261608362197876
Z09,2025-08-18 20:00:00,1,rider_shortage,rebalance_riders,0.9457034468650818,0.6788350343704224,0.2668684124946594
Z10,2025-08-18 20:00:00,1,rider_shortage,rebalance_riders,0.9516152143478394,0.42468249797821045,0.5269327163696289
Z02,2025-08-18 21:00:00,0,rider_shortage,alert_ops,0.4967087507247925,0.4967087507247925,0.0
Z03,2025-08-18 21:00:00,0,rider_shortage,rebalance_riders,0.7993496060371399,0.2581164836883545,0.5412331223487854
Z04,2025-08-18 21:00:00,1,rider_shortage,rebalance_riders,0.8791321516036987,0.1423841416835785,0.7367480099201202
Z06,2025-08-18 21:00:00,1,rider_shortage,alert_ops,0.6087719202041626,0.6087719202041626,0.0
Z07,2025-08-18 21:00:00,1,rider_shortage,alert_ops,0.4829024076461792,0.4829024076461792,0.0
Z08,2025-08-18 21:00:00,0,rider_shortage,alert_ops,0.5624502301216125,0.5624502301216125,0.0
Z01,2025-08-18 22:00:00,0,rider_shortage,alert_ops,0.5407655239105225,0.5407655239105225,0.0
Z04,2025-08-18 22:00:00,0,rider_shortage,rebalance_riders,0.7406648993492126,0.09831306338310242,0.6423518359661102
Z06,2025-08-18 22:00:00,1,rider_shortage,alert_ops,0.6629148721694946,0.6629148721694946,0.0
Z07,2025-08-18 22:00:00,0,rider_shortage,alert_ops,0.3121367394924164,0.3121367394924164,0.0
Z09,2025-08-18 22:00:00,0,rider_shortage,alert_ops,0.35191529989242554,0.35191529989242554,0.0
Z10,2025-08-18 22:00:00,1,rider_shortage,rebalance_riders,0.9844187498092651,0.21298103034496307,0.7714377194643021
Z07,2025-08-18 23:00:00,0,rider_shortage,alert_ops,0.31367048621177673,0.31367048621177673,0.0
Z08,2025-08-19 07:00:00,0,rider_shortage,alert_ops,0.3355199992656708,0.3355199992656708,0.0
Z01,2025-08-19 08:00:00,0,rider_shortage,rebalance_riders,0.8242835402488708,0.11739553511142731,0.7068880051374435
Z04,2025-08-19 08:00:00,0,traffic,alert_ops,0.641135573387146,0.641135573387146,0.0
Z07,2025-08-19 08:00:00,0,traffic,reroute_traffic,0.9328840374946594,0.8267304301261902,0.10615360736846924
Z08,2025-08-19 08:00:00,0,traffic,alert_ops,0.333508163690567,0.333508163690567,0.0
Z09,2025-08-19 08:00:00,0,traffic,alert_ops,0.36190757155418396,0.36190757155418396,0.0
Z01,2025-08-19 09:00:00,0,traffic,alert_ops,0.6251773834228516,0.6251773834228516,0.0
Z02,2025-08-19 09:00:00,1,traffic,alert_ops,0.6903974413871765,0.6903974413871765,0.0
Z06,2025-08-19 09:00:00,0,traffic,alert_ops,0.5226526856422424,0.5226526856422424,0.0
Z10,2025-08-19 09:00:00,0,traffic,alert_ops,0.30424243211746216,0.30424243211746216,0.0
Z05,2025-08-19 10:00:00,0,traffic,alert_ops,0.43724772334098816,0.43724772334098816,0.0
Z01,2025-08-19 12:00:00,1,rider_shortage,alert_ops,0.33069536089897156,0.33069536089897156,0.0
Z06,2025-08-19 12:00:00,1,rider_shortage,rebalance_riders,0.7949044108390808,0.07217893749475479,0.722725473344326
Z02,2025-08-19 13:00:00,0,rider_shortage,alert_ops,0.3596498370170593,0.3596498370170593,0.0
Z05,2025-08-19 14:00:00,0,rider_shortage,alert_ops,0.3185937702655792,0.3185937702655792,0.0
Z07,2025-08-19 14:00:00,0,rider_shortage,alert_ops,0.33951500058174133,0.33951500058174133,0.0
Z09,2025-08-19 14:00:00,1,rider_shortage,rebalance_riders,0.70771723985672,0.0609835609793663,0.6467336788773537
Z10,2025-08-19 14:00:00,0,rider_shortage,alert_ops,0.5870846509933472,0.5870846509933472,0.0
Z01,2025-08-19 19:00:00,1,rider_shortage,rebalance_riders,0.9741645455360413,0.7410962581634521,0.2330682873725891
Z02,2025-08-19 19:00:00,0,rider_shortage,alert_ops,0.6549646854400635,0.6549646854400635,0.0
Z03,2025-08-19 19:00:00,1,rider_shortage,rebalance_riders,0.9763670563697815,0.8548014163970947,0.12156563997268677
Z04,2025-08-19 19:00:00,1,rider_shortage,rebalance_riders,0.8528742790222168,0.2343604564666748,0.618513822555542
Z05,2025-08-19 19:00:00,1,rider_shortage,rebalance_riders,0.9553812146186829,0.24157492816448212,0.7138062864542007
Z06,2025-08-19 19:00:00,1,traffic,reroute_traffic,0.9089522957801819,0.7570679187774658,0.15188437700271606
Z07,2025-08-19 19:00:00,1,rider_shortage,rebalance_riders,0.9685148000717163,0.2559169828891754,0.7125978171825409
Z08,2025-08-19 19:00:00,1,rider_shortage,rebalance_riders,0.8311040997505188,0.25674787163734436,0.5743562281131744
Z09,2025-08-19 19:00:00,1,rider_shortage,rebalance_riders,0.9621596336364746,0.66069096326828,0.3014686703681946
Z10,2025-08-19 19:00:00,1,rider_shortage,rebalance_riders,0.9883296489715576,0.8138163089752197,0.1745133399963379
Z01,2025-08-19 20:00:00,1,rider_shortage,rebalance_riders,0.9431325197219849,0.4247443675994873,0.5183881521224976
Z02,2025-08-19 20:00:00,0,traffic,reroute_traffic,0.8444521427154541,0.6640955209732056,0.18035662174224854
Z03,2025-08-19 20:00:00,1,rider_shortage,rebalance_riders,0.9457329511642456,0.7499791383743286,0.195753812789917
Z04,2025-08-19 20:00:00,1,rider_shortage,rebalance_riders,0.959588885307312,0.7635489702224731,0.19603991508483887
Z05,2025-08-19 20:00:00,1,rider_shortage,rebalance_riders,0.9555016756057739,0.23281677067279816,0.7226849049329758
Z06,2025-08-19 20:00:00,1,rider_shortage,rebalance_riders,0.9231493473052979,0.35301631689071655,0.5701330304145813
Z07,2025-08-19 20:00:00,1,rider_shortage,rebalance_riders,0.9931012392044067,0.9519743919372559,0.04112684726715088
Z08,2025-08-19 20:00:00,0,rider_shortage,rebalance_riders,0.9625390768051147,0.7251089215278625,0.2374301552772522
Z09,2025-08-19 20:00:00,1,rider_shortage,rebalance_riders,0.9765909910202026,0.7099857330322266,0.2666052579879761
Z10,2025-08-19 20:00:00,0,rider_shortage,rebalance_riders,0.8062548637390137,0.1278729885816574,0.6783818751573563
Z01,2025-08-19 21:00:00,0,rider_shortage,rebalance_riders,0.8669677376747131,0.11869218200445175,0.7482755556702614
Z02,2025-08-19 21:00:00,0,rider_shortage,rebalance_riders,0.7027228474617004,0.11810827255249023,0.5846145749092102
Z04,2025-08-19 21:00:00,1,rider_shortage,alert_ops,0.6240183115005493,0.6240183115005493,0.0
Z07,2025-08-19 21:00:00,1,rider_shortage,rebalance_riders,0.9799091219902039,0.09696806222200394,0.8829410597681999
Z08,2025-08-19 21:00:00,1,rider_shortage,alert_ops,0.4766029119491577,0.4766029119491577,0.0
Z09,2025-08-19 21:00:00,0,rider_shortage,alert_ops,0.6390575170516968,0.6390575170516968,0.0
Z01,2025-08-19 22:00:00,0,rider_shortage,rebalance_riders,0.7665226459503174,0.08400376886129379,0.6825188770890236
Z02,2025-08-19 22:00:00,0,rider_shortage,alert_ops,0.4439125657081604,0.4439125657081604,0.0
Z03,2025-08-19 22:00:00,0,rider_shortage,alert_ops,0.36591145396232605,0.36591145396232605,0.0
Z05,2025-08-19 22:00:00,1,rider_shortage,rebalance_riders,0.9826425313949585,0.1496240347623825,0.833018496632576
Z07,2025-08-19 22:00:00,0,rider_shortage,rebalance_riders,0.7235385775566101,0.019526079297065735,0.7040124982595444
Z09,2025-08-19 22:00:00,1,rider_shortage,rebalance_riders,0.9473385214805603,0.3526204526424408,0.5947180688381195
Z10,2025-08-19 22:00:00,1,rider_shortage,rebalance_riders,0.7426543235778809,0.08959876000881195,0.6530555635690689
Z10,2025-08-20 07:00:00,1,rider_shortage,alert_ops,0.547668993473053,0.547668993473053,0.0
Z01,2025-08-20 08:00:00,0,traffic,alert_ops,0.42233002185821533,0.42233002185821533,0.0
Z02,2025-08-20 08:00:00,1,traffic,alert_ops,0.3685874044895172,0.3685874044895172,0.0
Z03,2025-08-20 08:00:00,0,traffic,alert_ops,0.4390825927257538,0.4390825927257538,0.0
Z05,2025-08-20 08:00:00,0,traffic,reroute_traffic,0.7572630047798157,0.5321479439735413,0.22511506080627441
Z06,2025-08-20 08:00:00,0,traffic,alert_ops,0.6018497943878174,0.6018497943878174,0.0
Z09,2025-08-20 08:00:00,0,rider_shortage,rebalance_riders,0.9754921197891235,0.5413536429405212,0.4341384768486023
Z05,2025-08-20 09:00:00,1,traffic,reroute_traffic,0.9600783586502075,0.8330764174461365,0.12700194120407104
Z07,2025-08-20 09:00:00,0,traffic,reroute_traffic,0.7441385984420776,0.497361421585083,0.24677717685699463
Z08,2025-08-20 09:00:00,0,traffic,alert_ops,0.3621269762516022,0.3621269762516022,0.0
Z05,2025-08-20 10:00:00,0,traffic,alert_ops,0.37189772725105286,0.37189772725105286,0.0
Z06,2025-08-20 10:00:00,0,traffic,alert_ops,0.36988720297813416,0.36988720297813416,0.0
Z03,2025-08-20 12:00:00,0,rider_shortage,alert_ops,0.5137463808059692,0.5137463808059692,0.0
Z05,2025-08-20 12:00:00,0,rider_shortage,alert_ops,0.48250120878219604,0.48250120878219604,0.0
Z10,2025-08-20 12:00:00,1,rider_shortage,alert_ops,0.6446993350982666,0.6446993350982666,0.0
Z03,2025-08-20 13:00:00,0,rider_shortage,alert_ops,0.4376978874206543,0.4376978874206543,0.0
Z04,2025-08-20 13:00:00,0,rider_shortage,alert_ops,0.5031238198280334,0.5031238198280334,0.0
Z04,2025-08-20 14:00:00,1,rider_shortage,rebalance_riders,0.7215235233306885,0.08000633865594864,0.6415171846747398
Z06,2025-08-20 14:00:00,1,rider_shortage,rebalance_riders,0.737511932849884,0.04460204765200615,0.6929098851978779
Z10,2025-08-20 14:00:00,0,rider_shortage,alert_ops,0.3712466359138489,0.3712466359138489,0.0
Z07,2025-08-20 17:00:00,0,traffic,alert_ops,0.32046040892601013,0.32046040892601013,0.0
Z09,2025-08-20 17:00:00,0,traffic,alert_ops,0.36113107204437256,0.36113107204437256,0.0
Z01,2025-08-20 19:00:00,0,traffic,reroute_traffic,0.8493906259536743,0.6636130809783936,0.18577754497528076
Z02,2025-08-20 19:00:00,1,rider_shortage,rebalance_riders,0.934909462928772,0.6549299955368042,0.2799794673919678
Z03,2025-08-20 19:00:00,1,traffic,reroute_traffic,0.8597136735916138,0.6874867677688599,0.1722269058227539
Z04,2025-08-20 19:00:00,1,traffic,reroute_traffic,0.8897625207901001,0.8110899925231934,0.07867252826690674
Z05,2025-08-20 19:00:00,1,rider_shortage,rebalance_riders,0.9865207672119141,0.790579617023468,0.19594115018844604
Z06,2025-08-20 19:00:00,1,rider_shortage,rebalance_riders,0.9673895239830017,0.7633940577507019,0.2039954662322998
Z07,2025-08-20 19:00:00,1,traffic,alert_ops,0.6006619334220886,0.6006619334220886,0.0
Z08,2025-08-20 19:00:00,1,traffic,alert_ops,0.5626168251037598,0.5626168251037598,0.0
Z09,2025-08-20 19:00:00,1,rider_shortage,rebalance_riders,0.9167381525039673,0.44483718276023865,0.47190096974372864
Z10,2025-08-20 19:00:00,0,traffic,reroute_traffic,0.9052366614341736,0.8334223031997681,0.07181435823440552
Z01,2025-08-20 20:00:00,1,rider_shortage,rebalance_riders,0.9819676876068115,0.7577202320098877,0.22424745559692383
Z02,2025-08-20 20:00:00,1,rider_shortage,rebalance_riders,0.982631504535675,0.8609023094177246,0.12172919511795044
Z03,2025-08-20 20:00:00,1,rider_shortage,rebalance_riders,0.9920474290847778,0.9722159504890442,0.019831478595733643
Z04,2025-08-20 20:00:00,0,rider_shortage,rebalance_riders,0.7979796528816223,0.1644117385149002,0.6335679143667221
Z05,2025-08-20 20:00:00,1,rider_shortage,rebalance_riders,0.9745444655418396,0.2848053276538849,0.6897391378879547
Z06,2025-08-20 20:00:00,1,rider_shortage,rebalance_riders,0.8031984567642212,0.11194343119859695,0.6912550255656242
Z07,2025-08-20 20:00:00,0,rider_shortage,rebalance_riders,0.791782796382904,0.05618060752749443,0.7356021888554096
Z08,2025-08-20 20:00:00,1,rider_shortage,rebalance_riders,0.9905065894126892,0.9201937913894653,0.07031279802322388
Z09,2025-08-20 20:00:00,1,rider_shortage,rebalance_riders,0.839779257774353,0.2131342589855194,0.6266449987888336
Z10,2025-08-20 20:00:00,1,rider_shortage,rebalance_riders,0.9358709454536438,0.3378041982650757,0.5980667471885681
Z03,2025-08-20 21:00:00,1,rider_shortage,alert_ops,0.6732169985771179,0.6732169985771179,0.0
Z05,2025-08-20 21:00:00,0,rider_shortage,alert_ops,0.4171084761619568,0.4171084761619568,0.0
Z06,2025-08-20 21:00:00,0,rider_shortage,alert_ops,0.6415600180625916,0.6415600180625916,0.0
Z07,2025-08-20 21:00:00,1,rider_shortage,rebalance_riders,0.8982254266738892,0.0399831086397171,0.8582423180341721
Z08,2025-08-20 21:00:00,0,rider_shortage,alert_ops,0.4746313989162445,0.4746313989162445,0.0
Z10,2025-08-20 21:00:00,0,rider_shortage,alert_ops,0.3587980568408966,0.3587980568408966,0.0
Z01,2025-08-20 22:00:00,1,rider_shortage,alert_ops,0.682411253452301,0.682411253452301,0.0
Z03,2025-08-20 22:00:00,1,rider_shortage,rebalance_riders,0.9792821407318115,0.7026215195655823,0.27666062116622925
Z05,2025-08-20 22:00:00,0,rider_shortage,alert_ops,0.34356242418289185,0.34356242418289185,0.0
Z06,2025-08-20 22:00:00,0,rider_shortage,alert_ops,0.3916291892528534,0.3916291892528534,0.0
Z07,2025-08-20 22:00:00,1,rider_shortage,rebalance_riders,0.9844281077384949,0.116367869079113,0.8680602386593819
Z08,2025-08-20 22:00:00,0,rider_shortage,alert_ops,0.5572277307510376,0.5572277307510376,0.0
Z09,2025-08-20 22:00:00,0,rider_shortage,alert_ops,0.4081287384033203,0.4081287384033203,0.0
Z01,2025-08-21 08:00:00,0,traffic,reroute_traffic,0.825579047203064,0.6188547611236572,0.20672428607940674
Z02,2025-08-21 08:00:00,0,traffic,alert_ops,0.37152379751205444,0.37152379751205444,0.0
Z04,2025-08-21 08:00:00,1,traffic,reroute_traffic,0.916531503200531,0.8229353427886963,0.09359616041183472
Z06,2025-08-21 08:00:00,0,traffic,alert_ops,0.5689759254455566,0.5689759254455566,0.0
Z07,2025-08-21 08:00:00,0,traffic,alert_ops,0.6236298084259033,0.6236298084259033,0.0
Z08,2025-08-21 08:00:00,0,traffic,alert_ops,0.6125275492668152,0.6125275492668152,0.0
Z09,2025-08-21 08:00:00,0,traffic,reroute_traffic,0.7603033781051636,0.45072370767593384,0.30957967042922974
Z01,2025-08-21 09:00:00,1,traffic,reroute_traffic,0.8288942575454712,0.6131788492202759,0.2157154083251953
Z02,2025-08-21 09:00:00,0,traffic,alert_ops,0.5158882141113281,0.5158882141113281,0.0
Z04,2025-08-21 09:00:00,0,traffic,alert_ops,0.42485904693603516,0.42485904693603516,0.0
Z05,2025-08-21 09:00:00,1,rider_shortage,rebalance_riders,0.9573549032211304,0.19129452109336853,0.7660603821277618
Z09,2025-08-21 09:00:00,1,traffic,alert_ops,0.5202916860580444,0.5202916860580444,0.0
Z10,2025-08-21 09:00:00,0,traffic,alert_ops,0.3165458142757416,0.3165458142757416,0.0
Z04,2025-08-21 12:00:00,0,rider_shortage,alert_ops,0.33130717277526855,0.33130717277526855,0.0
Z06,2025-08-21 12:00:00,0,rider_shortage,alert_ops,0.6661577820777893,0.6661577820777893,0.0
Z07,2025-08-21 12:00:00,0,rider_shortage,alert_ops,0.3321284353733063,0.3321284353733063,0.0
Z01,2025-08-21 13:00:00,1,rider_shortage,rebalance_riders,0.9707927107810974,0.5505092144012451,0.4202834963798523
Z05,2025-08-21 13:00:00,0,rider_shortage,alert_ops,0.3222541809082031,0.3222541809082031,0.0
Z07,2025-08-21 13:00:00,1,rider_shortage,alert_ops,0.4640157222747803,0.4640157222747803,0.0
Z05,2025-08-21 14:00:00,1,rider_shortage,alert_ops,0.545665979385376,0.545665979385376,0.0
Z09,2025-08-21 14:00:00,0,rider_shortage,alert_ops,0.4161951541900635,0.4161951541900635,0.0
Z10,2025-08-21 15:00:00,0,rider_shortage,alert_ops,0.3130425214767456,0.3130425214767456,0.0
Z06,2025-08-21 18:00:00,1,traffic,alert_ops,0.5179215669631958,0.5179215669631958,0.0
Z07,2025-08-21 18:00:00,1,traffic,alert_ops,0.5187075138092041,0.5187075138092041,0.0
Z01,2025-08-21 19:00:00,1,rider_shortage,rebalance_riders,0.9571243524551392,0.6346005201339722,0.322523832321167
Z02,2025-08-21 19:00:00,1,rider_shortage,rebalance_riders,0.977258026599884,0.79201740026474,0.18524062633514404
Z03,2025-08-21 19:00:00,1,rider_shortage,rebalance_riders,0.9421151876449585,0.7119145393371582,0.2302006483078003
Z04,2025-08-21 19:00:00,1,rider_shortage,rebalance_riders,0.8884950876235962,0.42760708928108215,0.46088799834251404
Z05,2025-08-21 19:00:00,1,traffic,reroute_traffic,0.9179638624191284,0.7488601207733154,0.169103741645813
Z06,2025-08-21 19:00:00,1,traffic,reroute_traffic,0.9563330411911011,0.8449132442474365,0.11141979694366455
Z07,2025-08-21 19:00:00,1,rider_shortage,rebalance_riders,0.9897778630256653,0.6316733360290527,0.35810452699661255
Z08,2025-08-21 19:00:00,1,rider_shortage,rebalance_riders,0.9735129475593567,0.7967283129692078,0.17678463459014893
Z09,2025-08-21 19:00:00,0,traffic,reroute_traffic,0.880760908126831,0.7550764679908752,0.1256844401359558
Z10,2025-08-21 19:00:00,1,traffic,reroute_traffic,0.8416348099708557,0.6889544725418091,0.15268033742904663
Z01,2025-08-21 20:00:00,0,traffic,reroute_traffic,0.8133472204208374,0.621141254901886,0.19220596551895142
Z02,2025-08-21 20:00:00,1,rider_shortage,rebalance_riders,0.9904210567474365,0.9329656958580017,0.057455360889434814
Z03,2025-08-21 20:00:00,1,rider_shortage,rebalance_riders,0.9293612837791443,0.6626717448234558,0.2666895389556885
Z04,2025-08-21 20:00:00,0,traffic,reroute_traffic,0.8784518241882324,0.7810142040252686,0.09743762016296387
Z05,2025-08-21 20:00:00,0,traffic,reroute_traffic,0.7597010731697083,0.5081278085708618,0.25157326459884644
Z06,2025-08-21 20:00:00,1,rider_shortage,rebalance_riders,0.9444619417190552,0.5796939134597778,0.36476802825927734
Z07,2025-08-21 20:00:00,1,rider_shortage,rebalance_riders,0.992216944694519,0.8469390869140625,0.14527785778045654
Z08,2025-08-21 20:00:00,1,traffic,reroute_traffic,0.8734108209609985,0.7712521553039551,0.10215866565704346
Z09,2025-08-21 20:00:00,0,traffic,reroute_traffic,0.8478845953941345,0.6479538083076477,0.19993078708648682
Z10,2025-08-21 20:00:00,1,rider_shortage,rebalance_riders,0.9359781742095947,0.3476872742176056,0.5882908999919891
Z02,2025-08-21 21:00:00,0,rider_shortage,alert_ops,0.512313187122345,0.512313187122345,0.0
Z05,2025-08-21 21:00:00,0,rider_shortage,alert_ops,0.5059120655059814,0.5059120655059814,0.0
Z06,2025-08-21 21:00:00,0,rider_shortage,alert_ops,0.36992040276527405,0.36992040276527405,0.0
Z07,2025-08-21 21:00:00,1,rider_shortage,rebalance_riders,0.9250223636627197,0.07162152230739594,0.8534008413553238
Z10,2025-08-21 21:00:00,0,rider_shortage,rebalance_riders,0.7222458124160767,0.11829563975334167,0.603950172662735
Z02,2025-08-21 22:00:00,0,rider_shortage,rebalance_riders,0.8869834542274475,0.2592783570289612,0.6277050971984863
Z03,2025-08-21 22:00:00,0,rider_shortage,alert_ops,0.5698467493057251,0.5698467493057251,0.0
Z05,2025-08-21 22:00:00,0,rider_shortage,rebalance_riders,0.7471837401390076,0.03276965022087097,0.7144140899181366
Z06,2025-08-21 22:00:00,0,rider_shortage,alert_ops,0.4003395736217499,0.4003395736217499,0.0
Z07,2025-08-21 22:00:00,0,rider_shortage,rebalance_riders,0.8721968531608582,0.044325072318315506,0.8278717808425426
Z09,2025-08-21 22:00:00,0,rider_shortage,alert_ops,0.6517019271850586,0.6517019271850586,0.0
Z10,2025-08-21 22:00:00,1,rider_shortage,rebalance_riders,0.9420575499534607,0.24442091584205627,0.6976366341114044
Z01,2025-08-22 08:00:00,0,traffic,reroute_traffic,0.7592654228210449,0.4741742014884949,0.28509122133255005
Z02,2025-08-22 08:00:00,0,traffic,reroute_traffic,0.77599036693573,0.5252379179000854,0.25075244903564453
Z03,2025-08-22 08:00:00,0,traffic,alert_ops,0.3881077170372009,0.3881077170372009,0.0
Z04,2025-08-22 08:00:00,0,traffic,alert_ops,0.4520948827266693,0.4520948827266693,0.0
Z05,2025-08-22 08:00:00,0,traffic,alert_ops,0.36242982745170593,0.36242982745170593,0.0
Z06,2025-08-22 08:00:00,0,traffic,alert_ops,0.5233153104782104,0.5233153104782104,0.0
Z07,2025-08-22 08:00:00,0,traffic,alert_ops,0.6040729880332947,0.6040729880332947,0.0
Z08,2025-08-22 08:00:00,1,traffic,reroute_traffic,0.8436743021011353,0.6156018376350403,0.22807246446609497
Z03,2025-08-22 09:00:00,0,traffic,alert_ops,0.4689182639122009,0.4689182639122009,0.0
Z07,2025-08-22 09:00:00,0,traffic,alert_ops,0.32521575689315796,0.32521575689315796,0.0
Z08,2025-08-22 09:00:00,0,traffic,reroute_traffic,0.734119176864624,0.4778740108013153,0.2562451660633087
Z09,2025-08-22 09:00:00,1,traffic,reroute_traffic,0.8015144467353821,0.5864937901496887,0.21502065658569336
Z10,2025-08-22 09:00:00,0,traffic,alert_ops,0.36418604850769043,0.36418604850769043,0.0
Z02,2025-08-22 12:00:00,0,rider_shortage,rebalance_riders,0.7929782867431641,0.15182609856128693,0.6411521881818771
Z03,2025-08-22 12:00:00,0,rider_shortage,alert_ops,0.445107102394104,0.445107102394104,0.0
Z01,2025-08-22 13:00:00,0,rider_shortage,alert_ops,0.5912265181541443,0.5912265181541443,0.0
Z03,2025-08-22 13:00:00,1,rider_shortage,alert_ops,0.6594612002372742,0.6594612002372742,0.0
Z07,2025-08-22 13:00:00,1,rider_shortage,rebalance_riders,0.9800546169281006,0.11063911020755768,0.8694155067205429
Z10,2025-08-22 13:00:00,0,rider_shortage,alert_ops,0.526395857334137,0.526395857334137,0.0
Z05,2025-08-22 14:00:00,1,rider_shortage,alert_ops,0.6106206178665161,0.6106206178665161,0.0
Z07,2025-08-22 14:00:00,0,rider_shortage,alert_ops,0.3049473762512207,0.3049473762512207,0.0
Z09,2025-08-22 14:00:00,0,rider_shortage,alert_ops,0.5241172313690186,0.5241172313690186,0.0
Z10,2025-08-22 14:00:00,1,rider_shortage,rebalance_riders,0.7817168831825256,0.041576139628887177,0.7401407435536385
Z07,2025-08-22 17:00:00,1,rider_shortage,rebalance_riders,0.8028619885444641,0.03105798549950123,0.7718040030449629
Z01,2025-08-22 19:00:00,1,rider_shortage,rebalance_riders,0.9326191544532776,0.3256518542766571,0.6069673001766205
Z02,2025-08-22 19:00:00,1,rider_shortage,rebalance_riders,0.9841757416725159,0.8531212210655212,0.13105452060699463
Z03,2025-08-22 19:00:00,1,rider_shortage,rebalance_riders,0.8346940875053406,0.44577428698539734,0.38891980051994324
Z04,2025-08-22 19:00:00,0,traffic,alert_ops,0.6062887907028198,0.6062887907028198,0.0
Z05,2025-08-22 19:00:00,0,traffic,reroute_traffic,0.8278716206550598,0.6369742751121521,0.19089734554290771
Z06,2025-08-22 19:00:00,1,rider_shortage,rebalance_riders,0.984533429145813,0.8143781423568726,0.17015528678894043
Z07,2025-08-22 19:00:00,1,traffic,reroute_traffic,0.8715706467628479,0.7332556843757629,0.13831496238708496
Z08,2025-08-22 19:00:00,1,rider_shortage,rebalance_riders,0.9353748559951782,0.6880180239677429,0.2473568320274353
Z09,2025-08-22 19:00:00,1,rider_shortage,rebalance_riders,0.9139081835746765,0.5172080397605896,0.3967001438140869
Z10,2025-08-22 19:00:00,0,rider_shortage,rebalance_riders,0.862166166305542,0.07929833978414536,0.7828678265213966
Z01,2025-08-22 20:00:00,1,traffic,reroute_traffic,0.9475915431976318,0.8452064394950867,0.10238510370254517
Z02,2025-08-22 20:00:00,0,traffic,alert_ops,0.6632748246192932,0.6632748246192932,0.0
Z03,2025-08-22 20:00:00,1,rider_shortage,rebalance_riders,0.8997602462768555,0.6715495586395264,0.2282106876373291
Z04,2025-08-22 20:00:00,1,rider_shortage,rebalance_riders,0.9677165150642395,0.7230340242385864,0.24468249082565308
Z05,2025-08-22 20:00:00,1,rider_shortage,rebalance_riders,0.899234414100647,0.2501855492591858,0.6490488648414612
Z06,2025-08-22 20:00:00,1,rider_shortage,rebalance_riders,0.9922904372215271,0.9210968017578125,0.0711936354637146
Z07,2025-08-22 20:00:00,1,rider_shortage,rebalance_riders,0.9087294936180115,0.26530128717422485,0.6434282064437866
Z08,2025-08-22 20:00:00,1,rider_shortage,rebalance_riders,0.9795030355453491,0.813448965549469,0.16605406999588013
Z09,2025-08-22 20:00:00,1,rider_shortage,rebalance_riders,0.9846764206886292,0.838109016418457,0.14656740427017212
Z01,2025-08-22 21:00:00,1,rider_shortage,rebalance_riders,0.894652783870697,0.14364077150821686,0.7510120123624802
Z02,2025-08-22 21:00:00,1,rider_shortage,rebalance_riders,0.9330791234970093,0.34461328387260437,0.5884658396244049
Z05,2025-08-22 21:00:00,1,rider_shortage,rebalance_riders,0.9441732168197632,0.09735450148582458,0.8468187153339386
Z06,2025-08-22 21:00:00,1,rider_shortage,rebalance_riders,0.8923097252845764,0.1638704240322113,0.7284393012523651
Z09,2025-08-22 21:00:00,1,rider_shortage,rebalance_riders,0.8889524936676025,0.29831501841545105,0.5906374752521515
Z02,2025-08-22 22:00:00,0,rider_shortage,alert_ops,0.5695546269416809,0.5695546269416809,0.0
Z03,2025-08-22 22:00:00,0,rider_shortage,rebalance_riders,0.8868692517280579,0.3607020974159241,0.5261671543121338
Z05,2025-08-22 22:00:00,0,rider_shortage,alert_ops,0.5706451535224915,0.5706451535224915,0.0
Z06,2025-08-22 22:00:00,0,rider_shortage,alert_ops,0.6687712073326111,0.6687712073326111,0.0
Z07,2025-08-22 22:00:00,1,rider_shortage,rebalance_riders,0.979873538017273,0.0937039777636528,0.8861695602536201
Z08,2025-08-22 22:00:00,0,rider_shortage,alert_ops,0.4128219485282898,0.4128219485282898,0.0
Z09,2025-08-22 22:00:00,1,rider_shortage,rebalance_riders,0.7575322985649109,0.1415514051914215,0.6159808933734894
Z10,2025-08-22 22:00:00,1,rider_shortage,rebalance_riders,0.7792263031005859,0.11689169704914093,0.662334606051445
Z01,2025-08-23 06:00:00,1,traffic,reroute_traffic,0.7485772967338562,0.37497344613075256,0.37360385060310364
Z02,2025-08-23 06:00:00,0,traffic,alert_ops,0.3121214509010315,0.3121214509010315,0.0
Z04,2025-08-23 06:00:00,1,traffic,alert_ops,0.6609265208244324,0.6609265208244324,0.0
Z06,2025-08-23 06:00:00,0,traffic,reroute_traffic,0.732365608215332,0.33855754137039185,0.3938080668449402
Z07,2025-08-23 06:00:00,0,traffic,alert_ops,0.6555734872817993,0.6555734872817993,0.0
Z10,2025-08-23 06:00:00,0,traffic,alert_ops,0.3419082462787628,0.3419082462787628,0.0
Z02,2025-08-23 07:00:00,1,rider_shortage,rebalance_riders,0.8534210324287415,0.21989479660987854,0.6335262358188629
Z05,2025-08-23 07:00:00,0,rider_shortage,alert_ops,0.38410261273384094,0.38410261273384094,0.0
Z08,2025-08-23 07:00:00,0,rider_shortage,alert_ops,0.3533059358596802,0.3533059358596802,0.0
Z09,2025-08-23 07:00:00,1,rider_shortage,rebalance_riders,0.8980814814567566,0.2522168457508087,0.6458646357059479
Z01,2025-08-23 08:00:00,1,traffic,reroute_traffic,0.8713665008544922,0.7522602081298828,0.11910629272460938
Z02,2025-08-23 08:00:00,0,traffic,alert_ops,0.5839393138885498,0.5839393138885498,0.0
Z03,2025-08-23 08:00:00,0,rider_shortage,rebalance_riders,0.7522244453430176,0.21963533759117126,0.5325891077518463
Z04,2025-08-23 08:00:00,1,rider_shortage,rebalance_riders,0.9620946645736694,0.43635648488998413,0.5257381796836853
Z05,2025-08-23 08:00:00,1,traffic,reroute_traffic,0.896335244178772,0.7189234495162964,0.17741179466247559
Z06,2025-08-23 08:00:00,0,traffic,alert_ops,0.6712577939033508,0.6712577939033508,0.0
Z07,2025-08-23 08:00:00,1,rider_shortage,rebalance_riders,0.9731672406196594,0.1847897469997406,0.7883774936199188
Z08,2025-08-23 08:00:00,1,rider_shortage,rebalance_riders,0.946664571762085,0.3507992625236511,0.5958653092384338
Z10,2025-08-23 08:00:00,0,traffic,alert_ops,0.6631719470024109,0.6631719470024109,0.0
Z01,2025-08-23 09:00:00,1,traffic,reroute_traffic,0.9932767748832703,0.989709198474884,0.0035675764083862305
Z02,2025-08-23 09:00:00,1,traffic,reroute_traffic,0.9905819892883301,0.9756423234939575,0.014939665794372559
Z03,2025-08-23 09:00:00,1,traffic,reroute_traffic,0.9915289878845215,0.9848628640174866,0.006666123867034912
Z04,2025-08-23 09:00:00,1,traffic,reroute_traffic,0.9886617660522461,0.9584946632385254,0.030167102813720703
Z05,2025-08-23 09:00:00,1,traffic,reroute_traffic,0.9827529191970825,0.9709917902946472,0.011761128902435303
Z06,2025-08-23 09:00:00,1,traffic,reroute_traffic,0.9907735586166382,0.9825167059898376,0.008256852626800537
Z07,2025-08-23 09:00:00,1,traffic,reroute_traffic,0.9906237721443176,0.9862434267997742,0.004380345344543457
Z08,2025-08-23 09:00:00,1,rider_shortage,rebalance_riders,0.9951425790786743,0.9920834302902222,0.0030591487884521484
Z09,2025-08-23 09:00:00,1,traffic,reroute_traffic,0.9917992353439331,0.9876798391342163,0.004119396209716797
Z10,2025-08-23 09:00:00,1,traffic,reroute_traffic,0.9942435622215271,0.9930002689361572,0.001243293285369873
Z01,2025-08-23 10:00:00,0,traffic,alert_ops,0.6571667790412903,0.6571667790412903,0.0
Z02,2025-08-23 10:00:00,1,traffic,reroute_traffic,0.9874694347381592,0.9655401706695557,0.021929264068603516
Z03,2025-08-23 10:00:00,1,traffic,reroute_traffic,0.989520788192749,0.976679801940918,0.012840986251831055
Z04,2025-08-23 10:00:00,1,traffic,reroute_traffic,0.9132879972457886,0.687605082988739,0.22568291425704956
Z05,2025-08-23 10:00:00,0,traffic,reroute_traffic,0.9656205177307129,0.8330303430557251,0.1325901746749878
Z06,2025-08-23 10:00:00,1,traffic,reroute_traffic,0.8909738659858704,0.5782036781311035,0.31277018785476685
Z07,2025-08-23 10:00:00,1,traffic,reroute_traffic,0.9894564747810364,0.9860506653785706,0.0034058094024658203
Z08,2025-08-23 10:00:00,1,traffic,reroute_traffic,0.9894194602966309,0.9772272706031799,0.012192189693450928
Z09,2025-08-23 10:00:00,1,traffic,reroute_traffic,0.8899494409561157,0.648342490196228,0.2416069507598877
Z10,2025-08-23 10:00:00,0,traffic,alert_ops,0.6961590647697449,0.6961590647697449,0.0
Z01,2025-08-23 11:00:00,1,rider_shortage,rebalance_riders,0.9865586757659912,0.7079665660858154,0.2785921096801758
Z02,2025-08-23 11:00:00,1,traffic,reroute_traffic,0.8583599925041199,0.6732333302497864,0.1851266622543335
Z03,2025-08-23 11:00:00,1,traffic,reroute_traffic,0.989863932132721,0.9756813645362854,0.014182567596435547
Z04,2025-08-23 11:00:00,1,traffic,reroute_traffic,0.9286382794380188,0.6737298369407654,0.2549084424972534
Z05,2025-08-23 11:00:00,1,traffic,reroute_traffic,0.9938622713088989,0.9892320036888123,0.00463026762008667
Z06,2025-08-23 11:00:00,1,traffic,reroute_traffic,0.9856753945350647,0.9708672761917114,0.014808118343353271
Z07,2025-08-23 11:00:00,1,rider_shortage,rebalance_riders,0.9932348132133484,0.9590350985527039,0.03419971466064453
Z08,2025-08-23 11:00:00,1,traffic,reroute_traffic,0.9879693984985352,0.9480177164077759,0.03995168209075928
Z09,2025-08-23 11:00:00,1,traffic,reroute_traffic,0.9619773626327515,0.9303827285766602,0.03159463405609131
Z10,2025-08-23 11:00:00,1,traffic,reroute_traffic,0.9721810221672058,0.8420674800872803,0.13011354207992554
Z01,2025-08-23 12:00:00,1,rider_shortage,rebalance_riders,0.995169460773468,0.995169460773468,0.0
Z02,2025-08-23 12:00:00,1,rider_shortage,rebalance_riders,0.995169460773468,0.995169460773468,0.0
Z03,2025-08-23 12:00:00,1,rider_shortage,rebalance_riders,0.995169460773468,0.995169460773468,0.0
Z04,2025-08-23 12:00:00,1,rider_shortage,rebalance_riders,0.995169460773468,0.995169460773468,0.0
Z05,2025-08-23 12:00:00,1,rider_shortage,rebalance_riders,0.995169460773468,0.995169460773468,0.0
Z06,2025-08-23 12:00:00,1,rider_shortage,rebalance_riders,0.995169460773468,0.995169460773468,0.0
Z07,2025-08-23 12:00:00,1,rider_shortage,rebalance_riders,0.994961142539978,0.994961142539978,0.0
Z08,2025-08-23 12:00:00,1,rider_shortage,rebalance_riders,0.995169460773468,0.995169460773468,0.0
Z09,2025-08-23 12:00:00,1,rider_shortage,rebalance_riders,0.995169460773468,0.995169460773468,0.0
Z10,2025-08-23 12:00:00,1,rider_shortage,rebalance_riders,0.995169460773468,0.995169460773468,0.0
Z01,2025-08-23 13:00:00,1,rider_shortage,rebalance_riders,0.9342836737632751,0.41544774174690247,0.5188359320163727
Z02,2025-08-23 13:00:00,1,rider_shortage,rebalance_riders,0.9689833521842957,0.6895730495452881,0.27941030263900757
Z03,2025-08-23 13:00:00,1,rider_shortage,rebalance_riders,0.9791638255119324,0.8170482516288757,0.16211557388305664
Z04,2025-08-23 13:00:00,1,rider_shortage,rebalance_riders,0.9510818123817444,0.3978721797466278,0.5532096326351166
Z05,2025-08-23 13:00:00,1,rider_shortage,rebalance_riders,0.9917056560516357,0.8602572679519653,0.1314483880996704
Z06,2025-08-23 13:00:00,0,rider_shortage,alert_ops,0.6465634703636169,0.6465634703636169,0.0
Z07,2025-08-23 13:00:00,1,rider_shortage,rebalance_riders,0.9908780455589294,0.6754774451255798,0.3154006004333496
Z08,2025-08-23 13:00:00,1,rider_shortage,alert_ops,0.6381232142448425,0.6381232142448425,0.0
Z09,2025-08-23 13:00:00,1,rider_shortage,rebalance_riders,0.9686211943626404,0.5603302121162415,0.4082909822463989
Z10,2025-08-23 13:00:00,1,rider_shortage,rebalance_riders,0.8218406438827515,0.06414388865232468,0.7576967552304268
Z01,2025-08-23 14:00:00,1,rider_shortage,rebalance_riders,0.8796589374542236,0.19452202320098877,0.6851369142532349
Z02,2025-08-23 14:00:00,1,rider_shortage,rebalance_riders,0.7588614821434021,0.1483701467514038,0.6104913353919983
Z04,2025-08-23 14:00:00,1,rider_shortage,rebalance_riders,0.9559868574142456,0.4611264765262604,0.49486038088798523
Z05,2025-08-23 14:00:00,1,rider_shortage,rebalance_riders,0.963262140750885,0.23947690427303314,0.7237852364778519
Z06,2025-08-23 14:00:00,1,rider_shortage,rebalance_riders,0.8093464970588684,0.12787234783172607,0.6814741492271423
Z07,2025-08-23 14:00:00,1,rider_shortage,rebalance_riders,0.8075332045555115,0.02419346570968628,0.7833397388458252
Z08,2025-08-23 14:00:00,1,rider_shortage,rebalance_riders,0.8165937662124634,0.17114390432834625,0.6454498618841171
Z09,2025-08-23 14:00:00,1,rider_shortage,rebalance_riders,0.8825055360794067,0.2825060784816742,0.5999994575977325
Z10,2025-08-23 14:00:00,1,rider_shortage,rebalance_riders,0.9916977882385254,0.7283337116241455,0.2633640766143799
Z01,2025-08-23 15:00:00,0,traffic,alert_ops,0.4000064730644226,0.4000064730644226,0.0
Z02,2025-08-23 15:00:00,0,traffic,alert_ops,0.4938206374645233,0.4938206374645233,0.0
Z06,2025-08-23 15:00:00,1,traffic,reroute_traffic,0.7633475661277771,0.4984782934188843,0.2648692727088928
Z08,2025-08-23 15:00:00,1,traffic,alert_ops,0.3343995213508606,0.3343995213508606,0.0
Z10,2025-08-23 15:00:00,0,traffic,alert_ops,0.6155949234962463,0.6155949234962463,0.0
Z01,2025-08-23 17:00:00,1,traffic,reroute_traffic,0.9943240880966187,0.9933933615684509,0.0009307265281677246
Z02,2025-08-23 17:00:00,1,traffic,reroute_traffic,0.9941100478172302,0.9930875897407532,0.0010224580764770508
Z03,2025-08-23 17:00:00,1,traffic,reroute_traffic,0.9944557547569275,0.9936714172363281,0.0007843375205993652
Z04,2025-08-23 17:00:00,1,traffic,reroute_traffic,0.9918816685676575,0.9886707067489624,0.0032109618186950684
Z05,2025-08-23 17:00:00,1,traffic,reroute_traffic,0.9925723671913147,0.9896683692932129,0.0029039978981018066
Z06,2025-08-23 17:00:00,1,traffic,reroute_traffic,0.9883500337600708,0.9814996719360352,0.0068503618240356445
Z07,2025-08-23 17:00:00,1,traffic,reroute_traffic,0.982343316078186,0.976861298084259,0.005482017993927002
Z08,2025-08-23 17:00:00,1,traffic,reroute_traffic,0.9921050071716309,0.9896049499511719,0.0025000572204589844
Z09,2025-08-23 17:00:00,1,traffic,reroute_traffic,0.9946387410163879,0.9941158294677734,0.000522911548614502
Z10,2025-08-23 17:00:00,1,traffic,reroute_traffic,0.9913403391838074,0.9879497289657593,0.0033906102180480957
Z01,2025-08-23 18:00:00,1,traffic,reroute_traffic,0.9789966344833374,0.8536752462387085,0.1253213882446289
Z02,2025-08-23 18:00:00,1,traffic,reroute_traffic,0.7555928230285645,0.39927977323532104,0.3563130497932434
Z03,2025-08-23 18:00:00,1,traffic,reroute_traffic,0.9789113998413086,0.964154064655304,0.014757335186004639
Z04,2025-08-23 18:00:00,1,traffic,reroute_traffic,0.9905168414115906,0.9871928691864014,0.003323972225189209
Z05,2025-08-23 18:00:00,1,traffic,reroute_traffic,0.9907149076461792,0.9876636862754822,0.0030512213706970215
Z06,2025-08-23 18:00:00,1,traffic,reroute_traffic,0.9788693785667419,0.8977134823799133,0.08115589618682861
Z07,2025-08-23 18:00:00,1,traffic,reroute_traffic,0.982892632484436,0.9177813529968262,0.06511127948760986
Z08,2025-08-23 18:00:00,0,traffic,reroute_traffic,0.7790448069572449,0.4763546884059906,0.3026901185512543
Z09,2025-08-23 18:00:00,0,traffic,reroute_traffic,0.7478938102722168,0.35745060443878174,0.39044320583343506
Z10,2025-08-23 18:00:00,1,traffic,reroute_traffic,0.7610090970993042,0.40750652551651,0.3535025715827942
Z01,2025-08-23 19:00:00,1,rider_shortage,rebalance_riders,0.9951425790786743,0.9951425790786743,0.0
Z02,2025-08-23 19:00:00,1,rider_shortage,rebalance_riders,0.9951425790786743,0.9951425790786743,0.0
Z03,2025-08-23 19:00:00,1,rider_shortage,rebalance_riders,0.9949111342430115,0.9946613907814026,0.0002497434616088867
Z04,2025-08-23 19:00:00,1,rider_shortage,rebalance_riders,0.9950769543647766,0.9948352575302124,0.00024169683456420898
Z05,2025-08-23 19:00:00,1,rider_shortage,rebalance_riders,0.9949883222579956,0.9894859790802002,0.00550234317779541
Z06,2025-08-23 19:00:00,1,rider_shortage,rebalance_riders,0.9950769543647766,0.9915822148323059,0.003494739532470703
Z07,2025-08-23 19:00:00,1,rider_shortage,rebalance_riders,0.9948977828025818,0.9892761707305908,0.005621612071990967
Z08,2025-08-23 19:00:00,1,rider_shortage,rebalance_riders,0.9950769543647766,0.993694007396698,0.0013829469680786133
Z09,2025-08-23 19:00:00,1,rider_shortage,rebalance_riders,0.9951425790786743,0.9951425790786743,0.0
Z10,2025-08-23 19:00:00,1,rider_shortage,rebalance_riders,0.9951425790786743,0.9949125051498413,0.0002300739288330078
Z01,2025-08-23 20:00:00,1,rider_shortage,rebalance_riders,0.9947561025619507,0.9895037412643433,0.005252361297607422
Z02,2025-08-23 20:00:00,1,rider_shortage,rebalance_riders,0.9913672804832458,0.9637495279312134,0.02761775255203247
Z03,2025-08-23 20:00:00,1,rider_shortage,rebalance_riders,0.9945917725563049,0.990261971950531,0.004329800605773926
Z04,2025-08-23 20:00:00,1,rider_shortage,rebalance_riders,0.9946604371070862,0.9926847219467163,0.001975715160369873
Z05,2025-08-23 20:00:00,1,rider_shortage,rebalance_riders,0.994709849357605,0.9840356707572937,0.01067417860031128
Z06,2025-08-23 20:00:00,1,rider_shortage,rebalance_riders,0.994709849357605,0.9904327392578125,0.0042771100997924805
Z07,2025-08-23 20:00:00,1,rider_shortage,rebalance_riders,0.9944261312484741,0.9902185797691345,0.0042075514793396
Z08,2025-08-23 20:00:00,1,rider_shortage,rebalance_riders,0.9943128824234009,0.9867559671401978,0.007556915283203125
Z09,2025-08-23 20:00:00,1,rider_shortage,rebalance_riders,0.9944851994514465,0.9872847199440002,0.007200479507446289
Z10,2025-08-23 20:00:00,1,rider_shortage,rebalance_riders,0.9944729208946228,0.9784399271011353,0.01603299379348755
Z01,2025-08-23 21:00:00,1,rider_shortage,rebalance_riders,0.9776909351348877,0.7129899263381958,0.2647010087966919
Z02,2025-08-23 21:00:00,1,rider_shortage,rebalance_riders,0.9932950139045715,0.9782463312149048,0.015048682689666748
Z03,2025-08-23 21:00:00,1,rider_shortage,rebalance_riders,0.9868804216384888,0.9497617483139038,0.03711867332458496
Z04,2025-08-23 21:00:00,1,rider_shortage,rebalance_riders,0.9941545128822327,0.9765798449516296,0.017574667930603027
Z05,2025-08-23 21:00:00,1,rider_shortage,rebalance_riders,0.9943251013755798,0.9664121270179749,0.02791297435760498
Z06,2025-08-23 21:00:00,1,rider_shortage,rebalance_riders,0.9944149255752563,0.9897274374961853,0.004687488079071045
Z07,2025-08-23 21:00:00,1,rider_shortage,rebalance_riders,0.99446702003479,0.9600574970245361,0.034409523010253906
Z08,2025-08-23 21:00:00,1,rider_shortage,rebalance_riders,0.9932037591934204,0.9811919331550598,0.012011826038360596
Z09,2025-08-23 21:00:00,1,rider_shortage,rebalance_riders,0.9923582673072815,0.9724146723747253,0.019943594932556152
Z10,2025-08-23 21:00:00,1,rider_shortage,rebalance_riders,0.9801340699195862,0.7986683249473572,0.181465744972229
Z01,2025-08-23 22:00:00,1,rider_shortage,rebalance_riders,0.9811989068984985,0.5992903113365173,0.3819085955619812
Z02,2025-08-23 22:00:00,1,rider_shortage,rebalance_riders,0.9627599120140076,0.6690471172332764,0.2937127947807312
Z03,2025-08-23 22:00:00,1,rider_shortage,rebalance_riders,0.9179155230522156,0.6316918730735779,0.2862236499786377
Z04,2025-08-23 22:00:00,1,rider_shortage,rebalance_riders,0.9120147824287415,0.3255477845668793,0.5864669978618622
Z05,2025-08-23 22:00:00,1,rider_shortage,rebalance_riders,0.9931678175926208,0.8795359134674072,0.11363190412521362
Z06,2025-08-23 22:00:00,1,rider_shortage,rebalance_riders,0.9939046502113342,0.9878457188606262,0.006058931350708008
Z07,2025-08-23 22:00:00,1,rider_shortage,rebalance_riders,0.9801729321479797,0.3562687933444977,0.6239041388034821
Z08,2025-08-23 22:00:00,1,rider_shortage,rebalance_riders,0.9770533442497253,0.8149759769439697,0.16207736730575562
Z09,2025-08-23 22:00:00,1,rider_shortage,rebalance_riders,0.9772904515266418,0.667403519153595,0.3098869323730469
Z10,2025-08-23 22:00:00,1,rider_shortage,rebalance_riders,0.9598411917686462,0.36749330163002014,0.5923478901386261
Z01,2025-08-23 23:00:00,1,traffic,reroute_traffic,0.9926313161849976,0.9786486029624939,0.013982713222503662
Z02,2025-08-23 23:00:00,1,traffic,reroute_traffic,0.9935583472251892,0.9813389778137207,0.012219369411468506
Z03,2025-08-23 23:00:00,1,traffic,reroute_traffic,0.993355393409729,0.9827585816383362,0.010596811771392822
Z04,2025-08-23 23:00:00,1,traffic,reroute_traffic,0.9928736686706543,0.9778174757957458,0.015056192874908447
Z05,2025-08-23 23:00:00,1,traffic,reroute_traffic,0.9928591251373291,0.9761334657669067,0.016725659370422363
Z06,2025-08-23 23:00:00,1,traffic,reroute_traffic,0.9941250085830688,0.9910072684288025,0.0031177401542663574
Z07,2025-08-23 23:00:00,1,rider_shortage,rebalance_riders,0.9935733675956726,0.9862145781517029,0.0073587894439697266
Z08,2025-08-23 23:00:00,1,traffic,reroute_traffic,0.9924672245979309,0.9698804020881653,0.022586822509765625
Z09,2025-08-23 23:00:00,1,traffic,reroute_traffic,0.9926539659500122,0.9786379933357239,0.01401597261428833
Z10,2025-08-23 23:00:00,1,rider_shortage,rebalance_riders,0.9938317537307739,0.9918753504753113,0.0019564032554626465
Z01,2025-08-24 07:00:00,0,rider_shortage,alert_ops,0.36579909920692444,0.36579909920692444,0.0
Z07,2025-08-24 07:00:00,1,rider_shortage,rebalance_riders,0.8023151159286499,0.021886589005589485,0.7804285269230604
Z09,2025-08-24 07:00:00,0,rider_shortage,alert_ops,0.31259071826934814,0.31259071826934814,0.0
Z01,2025-08-24 08:00:00,0,traffic,alert_ops,0.4865787625312805,0.4865787625312805,0.0
Z02,2025-08-24 08:00:00,0,traffic,alert_ops,0.38718944787979126,0.38718944787979126,0.0
Z04,2025-08-24 08:00:00,1,rider_shortage,rebalance_riders,0.9757382273674011,0.6908145546913147,0.2849236726760864
Z05,2025-08-24 08:00:00,1,traffic,alert_ops,0.4103682339191437,0.4103682339191437,0.0
Z06,2025-08-24 08:00:00,1,rider_shortage,rebalance_riders,0.8974294662475586,0.1621807962656021,0.7352486699819565
Z07,2025-08-24 08:00:00,1,rider_shortage,rebalance_riders,0.9235032200813293,0.08910266309976578,0.8344005569815636
Z08,2025-08-24 08:00:00,1,traffic,alert_ops,0.6168655753135681,0.6168655753135681,0.0
Z09,2025-08-24 08:00:00,1,rider_shortage,rebalance_riders,0.856230616569519,0.2258225828409195,0.6304080337285995
Z10,2025-08-24 08:00:00,1,rider_shortage,rebalance_riders,0.9708115458488464,0.3631846010684967,0.6076269447803497
Z01,2025-08-24 09:00:00,0,traffic,reroute_traffic,0.7947309017181396,0.5706495046615601,0.2240813970565796
Z02,2025-08-24 09:00:00,1,rider_shortage,rebalance_riders,0.895807147026062,0.3642319142818451,0.5315752327442169
Z03,2025-08-24 09:00:00,1,traffic,reroute_traffic,0.8371881246566772,0.6740179061889648,0.1631702184677124
Z04,2025-08-24 09:00:00,0,traffic,alert_ops,0.33965376019477844,0.33965376019477844,0.0
Z05,2025-08-24 09:00:00,0,traffic,alert_ops,0.4334045648574829,0.4334045648574829,0.0
Z06,2025-08-24 09:00:00,1,traffic,reroute_traffic,0.948128879070282,0.8206332921981812,0.12749558687210083
Z07,2025-08-24 09:00:00,1,rider_shortage,rebalance_riders,0.9834948182106018,0.5161402821540833,0.46735453605651855
Z08,2025-08-24 09:00:00,0,traffic,alert_ops,0.3741929233074188,0.3741929233074188,0.0
Z09,2025-08-24 09:00:00,0,rider_shortage,rebalance_riders,0.7292249798774719,0.0951375812292099,0.634087398648262
Z10,2025-08-24 09:00:00,0,traffic,alert_ops,0.5989242196083069,0.5989242196083069,0.0
Z10,2025-08-24 10:00:00,1,traffic,alert_ops,0.39088189601898193,0.39088189601898193,0.0
Z05,2025-08-24 11:00:00,0,rider_shortage,alert_ops,0.5882142186164856,0.5882142186164856,0.0
Z03,2025-08-24 12:00:00,1,rider_shortage,alert_ops,0.5650225877761841,0.5650225877761841,0.0
Z05,2025-08-24 12:00:00,0,rider_shortage,rebalance_riders,0.7597479820251465,0.029273351654410362,0.7304746303707361
Z08,2025-08-24 12:00:00,1,rider_shortage,rebalance_riders,0.9840951561927795,0.6961199045181274,0.2879752516746521
Z09,2025-08-24 12:00:00,1,rider_shortage,alert_ops,0.6647167205810547,0.6647167205810547,0.0
Z10,2025-08-24 12:00:00,0,rider_shortage,rebalance_riders,0.7886205315589905,0.04294958338141441,0.7456709481775761
Z01,2025-08-24 13:00:00,1,rider_shortage,rebalance_riders,0.7255211472511292,0.06604180485010147,0.6594793424010277
Z02,2025-08-24 13:00:00,0,rider_shortage,alert_ops,0.6720752716064453,0.6720752716064453,0.0
Z03,2025-08-24 13:00:00,1,rider_shortage,rebalance_riders,0.8403582572937012,0.22637084126472473,0.6139874160289764
Z04,2025-08-24 13:00:00,1,rider_shortage,rebalance_riders,0.8905534148216248,0.1578715294599533,0.7326818853616714
Z05,2025-08-24 13:00:00,0,rider_shortage,rebalance_riders,0.8697808384895325,0.052813686430454254,0.8169671520590782
Z08,2025-08-24 13:00:00,1,rider_shortage,rebalance_riders,0.9910938143730164,0.9608680009841919,0.030225813388824463
Z09,2025-08-24 13:00:00,1,rider_shortage,alert_ops,0.6644293665885925,0.6644293665885925,0.0
Z10,2025-08-24 13:00:00,0,rider_shortage,rebalance_riders,0.9510178565979004,0.2984011471271515,0.6526167094707489
Z01,2025-08-24 14:00:00,1,rider_shortage,rebalance_riders,0.8771394491195679,0.15135210752487183,0.725787341594696
Z02,2025-08-24 14:00:00,0,rider_shortage,alert_ops,0.372804194688797,0.372804194688797,0.0
Z03,2025-08-24 14:00:00,0,rider_shortage,alert_ops,0.6168901324272156,0.6168901324272156,0.0
Z04,2025-08-24 14:00:00,0,rider_shortage,rebalance_riders,0.7494911551475525,0.09180275350809097,0.6576884016394615
Z07,2025-08-24 14:00:00,0,rider_shortage,rebalance_riders,0.7840752601623535,0.031151361763477325,0.7529238983988762
Z08,2025-08-24 14:00:00,0,rider_shortage,alert_ops,0.6016180515289307,0.6016180515289307,0.0
Z09,2025-08-24 14:00:00,0,rider_shortage,alert_ops,0.4322253167629242,0.4322253167629242,0.0
Z10,2025-08-24 14:00:00,0,rider_shortage,alert_ops,0.35921818017959595,0.35921818017959595,0.0
Z02,2025-08-24 17:00:00,0,traffic,alert_ops,0.47675982117652893,0.47675982117652893,0.0
Z04,2025-08-24 17:00:00,0,traffic,alert_ops,0.4313403069972992,0.4313403069972992,0.0
Z05,2025-08-24 17:00:00,1,traffic,alert_ops,0.3978462219238281,0.3978462219238281,0.0
Z01,2025-08-24 18:00:00,1,traffic,reroute_traffic,0.7165138721466064,0.5049648880958557,0.21154898405075073
Z01,2025-08-24 19:00:00,1,rider_shortage,rebalance_riders,0.9925498962402344,0.9613869786262512,0.031162917613983154
Z02,2025-08-24 19:00:00,1,rider_shortage,rebalance_riders,0.9407883286476135,0.6813772916793823,0.2594110369682312
Z03,2025-08-24 19:00:00,1,rider_shortage,rebalance_riders,0.989866316318512,0.9529135823249817,0.03695273399353027
Z04,2025-08-24 19:00:00,1,rider_shortage,rebalance_riders,0.9143072366714478,0.5103039145469666,0.4040033221244812
Z05,2025-08-24 19:00:00,1,rider_shortage,rebalance_riders,0.9883412718772888,0.7356860041618347,0.2526552677154541
Z06,2025-08-24 19:00:00,1,rider_shortage,rebalance_riders,0.9819816946983337,0.8063859343528748,0.17559576034545898
Z07,2025-08-24 19:00:00,1,rider_shortage,rebalance_riders,0.9473097920417786,0.18464964628219604,0.7626601457595825
Z08,2025-08-24 19:00:00,1,rider_shortage,rebalance_riders,0.9882624745368958,0.9181962609291077,0.07006621360778809
Z09,2025-08-24 19:00:00,1,rider_shortage,rebalance_riders,0.9580520391464233,0.6780523657798767,0.27999967336654663
Z10,2025-08-24 19:00:00,1,rider_shortage,rebalance_riders,0.9753128290176392,0.7142714858055115,0.2610413432121277
Z01,2025-08-24 20:00:00,1,rider_shortage,rebalance_riders,0.9908503890037537,0.8960015177726746,0.0948488712310791
Z02,2025-08-24 20:00:00,1,rider_shortage,rebalance_riders,0.9888324737548828,0.9225393533706665,0.06629312038421631
Z03,2025-08-24 20:00:00,1,rider_shortage,rebalance_riders,0.9661352038383484,0.8282510042190552,0.1378841996192932
Z04,2025-08-24 20:00:00,1,rider_shortage,rebalance_riders,0.9803299903869629,0.7697281241416931,0.21060186624526978
Z05,2025-08-24 20:00:00,1,rider_shortage,rebalance_riders,0.971067488193512,0.4237844944000244,0.5472829937934875
Z06,2025-08-24 20:00:00,1,rider_shortage,rebalance_riders,0.8464929461479187,0.2014634758234024,0.6450294703245163
Z07,2025-08-24 20:00:00,1,rider_shortage,rebalance_riders,0.9526221752166748,0.24671480059623718,0.7059073746204376
Z08,2025-08-24 20:00:00,0,rider_shortage,rebalance_riders,0.9421285390853882,0.5955445170402527,0.3465840220451355
Z09,2025-08-24 20:00:00,1,rider_shortage,rebalance_riders,0.9895139932632446,0.9442151188850403,0.045298874378204346
Z10,2025-08-24 20:00:00,1,rider_shortage,rebalance_riders,0.9874415397644043,0.8562976121902466,0.13114392757415771
Z01,2025-08-24 21:00:00,1,rider_shortage,rebalance_riders,0.8972876071929932,0.17009752988815308,0.7271900773048401
Z02,2025-08-24 21:00:00,0,rider_shortage,alert_ops,0.6878916621208191,0.6878916621208191,0.0
Z03,2025-08-24 21:00:00,1,rider_shortage,rebalance_riders,0.9837116599082947,0.7518042325973511,0.2319074273109436
Z04,2025-08-24 21:00:00,0,rider_shortage,rebalance_riders,0.731363832950592,0.08967701345682144,0.6416868194937706
Z05,2025-08-24 21:00:00,1,rider_shortage,rebalance_riders,0.8869072198867798,0.0762837752699852,0.8106234446167946
Z06,2025-08-24 21:00:00,1,rider_shortage,rebalance_riders,0.8945655822753906,0.22734913229942322,0.6672164499759674
Z07,2025-08-24 21:00:00,0,rider_shortage,alert_ops,0.4880271553993225,0.4880271553993225,0.0
Z08,2025-08-24 21:00:00,0,rider_shortage,rebalance_riders,0.8740259408950806,0.24075084924697876,0.6332750916481018
Z09,2025-08-24 21:00:00,0,rider_shortage,rebalance_riders,0.8164464831352234,0.18158698081970215,0.6348595023155212
Z10,2025-08-24 21:00:00,1,rider_shortage,alert_ops,0.5933122634887695,0.5933122634887695,0.0
Z01,2025-08-24 22:00:00,0,rider_shortage,alert_ops,0.6356081962585449,0.6356081962585449,0.0
Z02,2025-08-24 22:00:00,1,rider_shortage,rebalance_riders,0.986465334892273,0.7476217746734619,0.23884356021881104
Z03,2025-08-24 22:00:00,0,rider_shortage,alert_ops,0.6422260999679565,0.6422260999679565,0.0
Z04,2025-08-24 22:00:00,0,rider_shortage,alert_ops,0.4875679314136505,0.4875679314136505,0.0
Z06,2025-08-24 22:00:00,1,rider_shortage,rebalance_riders,0.8058151006698608,0.19910675287246704,0.6067083477973938
Z07,2025-08-24 22:00:00,0,rider_shortage,rebalance_riders,0.7767825722694397,0.03398093953728676,0.7428016327321529
Z08,2025-08-24 22:00:00,0,rider_shortage,rebalance_riders,0.9308168292045593,0.4356490969657898,0.49516773223876953
Z09,2025-08-24 22:00:00,1,rider_shortage,rebalance_riders,0.9750145673751831,0.34138694405555725,0.6336276233196259
Z10,2025-08-24 22:00:00,1,rider_shortage,rebalance_riders,0.9777938723564148,0.1901872456073761,0.7876066267490387
Z02,2025-08-24 23:00:00,0,traffic,alert_ops,0.4658012390136719,0.4658012390136719,0.0
Z07,2025-08-25 00:00:00,0,rider_shortage,alert_ops,0.31455448269844055,0.31455448269844055,0.0
Z01,2025-08-25 08:00:00,1,traffic,reroute_traffic,0.8179055452346802,0.6256461143493652,0.19225943088531494
Z03,2025-08-25 08:00:00,0,traffic,alert_ops,0.615312397480011,0.615312397480011,0.0
Z05,2025-08-25 08:00:00,0,traffic,reroute_traffic,0.7533319592475891,0.48732149600982666,0.26601046323776245
Z09,2025-08-25 08:00:00,0,traffic,alert_ops,0.4579361081123352,0.4579361081123352,0.0
Z10,2025-08-25 08:00:00,0,traffic,alert_ops,0.635187029838562,0.635187029838562,0.0
Z01,2025-08-25 09:00:00,0,traffic,alert_ops,0.6155528426170349,0.6155528426170349,0.0
Z03,2025-08-25 09:00:00,1,traffic,alert_ops,0.3326026201248169,0.3326026201248169,0.0
Z05,2025-08-25 09:00:00,0,traffic,alert_ops,0.5946727395057678,0.5946727395057678,0.0
Z07,2025-08-25 09:00:00,0,traffic,alert_ops,0.379391610622406,0.379391610622406,0.0
Z08,2025-08-25 09:00:00,0,traffic,alert_ops,0.43519967794418335,0.43519967794418335,0.0
Z09,2025-08-25 09:00:00,0,traffic,alert_ops,0.642259418964386,0.642259418964386,0.0
Z05,2025-08-25 12:00:00,1,rider_shortage,rebalance_riders,0.9666615724563599,0.24920141696929932,0.7174601554870605
Z06,2025-08-25 12:00:00,1,rider_shortage,alert_ops,0.6241812705993652,0.6241812705993652,0.0
Z09,2025-08-25 12:00:00,0,rider_shortage,alert_ops,0.6414657235145569,0.6414657235145569,0.0
Z10,2025-08-25 12:00:00,0,rider_shortage,alert_ops,0.31036052107810974,0.31036052107810974,0.0
Z03,2025-08-25 13:00:00,0,rider_shortage,alert_ops,0.33793070912361145,0.33793070912361145,0.0
Z01,2025-08-25 14:00:00,0,rider_shortage,alert_ops,0.30010977387428284,0.30010977387428284,0.0
Z03,2025-08-25 14:00:00,0,rider_shortage,alert_ops,0.34880685806274414,0.34880685806274414,0.0
Z08,2025-08-25 14:00:00,1,rider_shortage,rebalance_riders,0.9843824505805969,0.3475491404533386,0.6368333101272583
Z01,2025-08-25 19:00:00,1,rider_shortage,rebalance_riders,0.9357291460037231,0.3253095746040344,0.6104195713996887
Z02,2025-08-25 19:00:00,1,rider_shortage,rebalance_riders,0.9138297438621521,0.5561951994895935,0.3576345443725586
Z03,2025-08-25 19:00:00,0,rider_shortage,rebalance_riders,0.920282244682312,0.7201558947563171,0.20012634992599487
Z04,2025-08-25 19:00:00,0,rider_shortage,rebalance_riders,0.948017418384552,0.6484230160713196,0.2995944023132324
Z05,2025-08-25 19:00:00,0,traffic,reroute_traffic,0.7757964730262756,0.5541820526123047,0.22161442041397095
Z06,2025-08-25 19:00:00,1,rider_shortage,rebalance_riders,0.9893888831138611,0.8665688037872314,0.12282007932662964
Z08,2025-08-25 19:00:00,1,rider_shortage,rebalance_riders,0.9830721616744995,0.827796459197998,0.15527570247650146
Z09,2025-08-25 19:00:00,1,rider_shortage,rebalance_riders,0.966696560382843,0.6766694784164429,0.29002708196640015
Z10,2025-08-25 19:00:00,1,traffic,reroute_traffic,0.9381012320518494,0.839389979839325,0.09871125221252441
Z01,2025-08-25 20:00:00,1,traffic,reroute_traffic,0.7428303360939026,0.5511199235916138,0.19171041250228882
Z02,2025-08-25 20:00:00,0,traffic,reroute_traffic,0.8811317086219788,0.7258012890815735,0.15533041954040527
Z03,2025-08-25 20:00:00,1,rider_shortage,rebalance_riders,0.7993524670600891,0.33973798155784607,0.45961448550224304
Z04,2025-08-25 20:00:00,0,traffic,alert_ops,0.4046400487422943,0.4046400487422943,0.0
Z05,2025-08-25 20:00:00,1,traffic,reroute_traffic,0.7799238562583923,0.5392196774482727,0.24070417881011963
Z06,2025-08-25 20:00:00,0,traffic,alert_ops,0.6342038512229919,0.6342038512229919,0.0
Z07,2025-08-25 20:00:00,1,traffic,reroute_traffic,0.9376901388168335,0.8064083456993103,0.1312817931175232
Z08,2025-08-25 20:00:00,1,rider_shortage,rebalance_riders,0.9323145151138306,0.559018611907959,0.3732959032058716
Z09,2025-08-25 20:00:00,0,rider_shortage,rebalance_riders,0.7303649187088013,0.1310185194015503,0.599346399307251
Z10,2025-08-25 20:00:00,0,traffic,alert_ops,0.5894267559051514,0.5894267559051514,0.0
Z02,2025-08-25 21:00:00,1,rider_shortage,alert_ops,0.67326420545578,0.67326420545578,0.0
Z03,2025-08-25 21:00:00,0,rider_shortage,alert_ops,0.6453931927680969,0.6453931927680969,0.0
Z04,2025-08-25 21:00:00,1,rider_shortage,rebalance_riders,0.8806425333023071,0.2045135349035263,0.6761289983987808
Z06,2025-08-25 21:00:00,0,rider_shortage,alert_ops,0.4003022611141205,0.4003022611141205,0.0
Z07,2025-08-25 21:00:00,0,rider_shortage,alert_ops,0.5468885898590088,0.5468885898590088,0.0
Z08,2025-08-25 21:00:00,0,rider_shortage,alert_ops,0.6856921315193176,0.6856921315193176,0.0
Z09,2025-08-25 21:00:00,0,rider_shortage,alert_ops,0.352287232875824,0.352287232875824,0.0
Z10,2025-08-25 21:00:00,0,rider_shortage,alert_ops,0.6516900658607483,0.6516900658607483,0.0
Z02,2025-08-25 22:00:00,1,rider_shortage,rebalance_riders,0.966922402381897,0.4371267855167389,0.5297956168651581
Z03,2025-08-25 22:00:00,0,rider_shortage,rebalance_riders,0.7394816875457764,0.17347492277622223,0.5660067647695541
Z04,2025-08-25 22:00:00,0,rider_shortage,alert_ops,0.326454758644104,0.326454758644104,0.0
Z05,2025-08-25 22:00:00,1,rider_shortage,rebalance_riders,0.8464310169219971,0.05015421286225319,0.7962768040597439
Z06,2025-08-25 22:00:00,0,rider_shortage,rebalance_riders,0.9096925258636475,0.25357571244239807,0.6561168134212494
Z08,2025-08-25 22:00:00,0,rider_shortage,alert_ops,0.5051433444023132,0.5051433444023132,0.0
Z09,2025-08-25 22:00:00,0,rider_shortage,alert_ops,0.6914237141609192,0.6914237141609192,0.0
Z10,2025-08-25 22:00:00,0,rider_shortage,alert_ops,0.5091174244880676,0.5091174244880676,0.0
Z04,2025-08-26 00:00:00,0,rider_shortage,alert_ops,0.32595837116241455,0.32595837116241455,0.0
Z06,2025-08-26 00:00:00,0,rider_shortage,alert_ops,0.4580434560775757,0.4580434560775757,0.0
Z01,2025-08-26 06:00:00,1,traffic,reroute_traffic,0.9853583574295044,0.9490469694137573,0.03631138801574707
Z02,2025-08-26 06:00:00,1,traffic,reroute_traffic,0.9896027445793152,0.9778238534927368,0.01177889108657837
Z03,2025-08-26 06:00:00,1,traffic,reroute_traffic,0.9917470216751099,0.9871312975883484,0.004615724086761475
Z04,2025-08-26 06:00:00,1,traffic,reroute_traffic,0.9919058084487915,0.9876285791397095,0.004277229309082031
Z05,2025-08-26 06:00:00,1,traffic,reroute_traffic,0.9930873513221741,0.9874021410942078,0.005685210227966309
Z06,2025-08-26 06:00:00,1,traffic,reroute_traffic,0.9939405918121338,0.9901885390281677,0.0037520527839660645
Z07,2025-08-26 06:00:00,1,traffic,reroute_traffic,0.9915851354598999,0.9725254774093628,0.01905965805053711
Z08,2025-08-26 06:00:00,1,traffic,reroute_traffic,0.9806148409843445,0.9653114676475525,0.015303373336791992
Z09,2025-08-26 06:00:00,1,traffic,reroute_traffic,0.9922447800636292,0.9883103370666504,0.00393444299697876
Z10,2025-08-26 06:00:00,1,traffic,reroute_traffic,0.9931586384773254,0.9817360639572144,0.011422574520111084
Z01,2025-08-26 07:00:00,1,traffic,reroute_traffic,0.9902618527412415,0.9751541018486023,0.01510775089263916
Z02,2025-08-26 07:00:00,1,traffic,reroute_traffic,0.9742077589035034,0.9442737698554993,0.02993398904800415
Z03,2025-08-26 07:00:00,1,rider_shortage,rebalance_riders,0.9919453263282776,0.9710655212402344,0.020879805088043213
Z04,2025-08-26 07:00:00,1,traffic,reroute_traffic,0.9916470050811768,0.9722508788108826,0.01939612627029419
Z05,2025-08-26 07:00:00,1,traffic,reroute_traffic,0.9489492774009705,0.7818930149078369,0.16705626249313354
Z06,2025-08-26 07:00:00,1,rider_shortage,rebalance_riders,0.9936477541923523,0.9769443869590759,0.016703367233276367
Z07,2025-08-26 07:00:00,1,rider_shortage,rebalance_riders,0.9932084679603577,0.8380504250526428,0.15515804290771484
Z08,2025-08-26 07:00:00,1,rider_shortage,rebalance_riders,0.9925204515457153,0.976772129535675,0.015748322010040283
Z09,2025-08-26 07:00:00,1,rider_shortage,rebalance_riders,0.96776282787323,0.669757604598999,0.29800522327423096
Z10,2025-08-26 07:00:00,1,rider_shortage,rebalance_riders,0.9891520738601685,0.916466236114502,0.0726858377456665
Z01,2025-08-26 08:00:00,1,rider_shortage,rebalance_riders,0.9951733946800232,0.9933144450187683,0.0018589496612548828
Z02,2025-08-26 08:00:00,1,traffic,reroute_traffic,0.9906116127967834,0.9882832169532776,0.0023283958435058594
Z03,2025-08-26 08:00:00,1,rider_shortage,rebalance_riders,0.995169460773468,0.994269609451294,0.0008998513221740723
Z04,2025-08-26 08:00:00,1,traffic,reroute_traffic,0.9948118925094604,0.9943057894706726,0.0005061030387878418
Z05,2025-08-26 08:00:00,1,rider_shortage,rebalance_riders,0.993698239326477,0.9908567667007446,0.002841472625732422
Z06,2025-08-26 08:00:00,1,traffic,reroute_traffic,0.9948118925094604,0.9943057894706726,0.0005061030387878418
Z07,2025-08-26 08:00:00,1,rider_shortage,rebalance_riders,0.995169460773468,0.9945333003997803,0.0006361603736877441
Z08,2025-08-26 08:00:00,1,traffic,reroute_traffic,0.9951733946800232,0.9949339032173157,0.00023949146270751953
Z09,2025-08-26 08:00:00,1,traffic,reroute_traffic,0.9951733946800232,0.9949339032173157,0.00023949146270751953
Z10,2025-08-26 08:00:00,1,traffic,reroute_traffic,0.9930509328842163,0.9914467334747314,0.0016041994094848633
Z01,2025-08-26 09:00:00,1,traffic,reroute_traffic,0.9869940876960754,0.957301914691925,0.02969217300415039
Z02,2025-08-26 09:00:00,1,traffic,reroute_traffic,0.8711444735527039,0.7178261876106262,0.15331828594207764
Z03,2025-08-26 09:00:00,1,traffic,reroute_traffic,0.9852272272109985,0.9557353854179382,0.029491841793060303
Z04,2025-08-26 09:00:00,1,traffic,reroute_traffic,0.9848662614822388,0.9520007371902466,0.03286552429199219
Z05,2025-08-26 09:00:00,0,traffic,reroute_traffic,0.7928352952003479,0.41892510652542114,0.37391018867492676
Z06,2025-08-26 09:00:00,1,traffic,reroute_traffic,0.7919628024101257,0.46364137530326843,0.3283214271068573
Z07,2025-08-26 09:00:00,1,traffic,reroute_traffic,0.9717956185340881,0.8248147964477539,0.14698082208633423
Z08,2025-08-26 09:00:00,1,traffic,reroute_traffic,0.8663198351860046,0.732856035232544,0.1334637999534607
Z09,2025-08-26 09:00:00,1,traffic,reroute_traffic,0.8430566191673279,0.6865817308425903,0.15647488832473755
Z10,2025-08-26 09:00:00,0,traffic,alert_ops,0.6377074718475342,0.6377074718475342,0.0
Z01,2025-08-26 10:00:00,1,traffic,reroute_traffic,0.9919608235359192,0.9856319427490234,0.006328880786895752
Z02,2025-08-26 10:00:00,1,traffic,reroute_traffic,0.9839382767677307,0.9473797678947449,0.03655850887298584
Z03,2025-08-26 10:00:00,1,traffic,reroute_traffic,0.9890332221984863,0.9747605323791504,0.014272689819335938
Z04,2025-08-26 10:00:00,1,traffic,reroute_traffic,0.9718223214149475,0.8472335934638977,0.1245887279510498
Z05,2025-08-26 10:00:00,1,traffic,reroute_traffic,0.9943714737892151,0.9927823543548584,0.0015891194343566895
Z06,2025-08-26 10:00:00,1,traffic,reroute_traffic,0.979105532169342,0.9499347805976868,0.029170751571655273
Z07,2025-08-26 10:00:00,1,traffic,reroute_traffic,0.9766347408294678,0.9463292360305786,0.03030550479888916
Z08,2025-08-26 10:00:00,1,traffic,reroute_traffic,0.9753446578979492,0.8756055235862732,0.09973913431167603
Z09,2025-08-26 10:00:00,1,traffic,reroute_traffic,0.9883772730827332,0.9841994047164917,0.004177868366241455
Z10,2025-08-26 10:00:00,1,traffic,reroute_traffic,0.9271164536476135,0.635461151599884,0.2916553020477295
Z10,2025-08-26 11:00:00,0,rider_shortage,rebalance_riders,0.7526439428329468,0.02888711355626583,0.723756829276681
Z01,2025-08-26 12:00:00,1,rider_shortage,rebalance_riders,0.995169460773468,0.9935396313667297,0.0016298294067382812
Z02,2025-08-26 12:00:00,1,rider_shortage,rebalance_riders,0.9949111342430115,0.9941006302833557,0.0008105039596557617
Z03,2025-08-26 12:00:00,1,rider_shortage,rebalance_riders,0.9949339032173157,0.9937736988067627,0.0011602044105529785
Z04,2025-08-26 12:00:00,1,rider_shortage,rebalance_riders,0.995169460773468,0.9939034581184387,0.0012660026550292969
Z05,2025-08-26 12:00:00,1,rider_shortage,rebalance_riders,0.9949199557304382,0.9940938353538513,0.0008261203765869141
Z06,2025-08-26 12:00:00,1,rider_shortage,rebalance_riders,0.9949671626091003,0.9931375980377197,0.0018295645713806152
Z07,2025-08-26 12:00:00,1,rider_shortage,rebalance_riders,0.9951375126838684,0.9938616752624512,0.0012758374214172363
Z08,2025-08-26 12:00:00,1,rider_shortage,rebalance_riders,0.995169460773468,0.9945454597473145,0.0006240010261535645
Z09,2025-08-26 12:00:00,1,rider_shortage,rebalance_riders,0.9951375126838684,0.9945238828659058,0.0006136298179626465
Z10,2025-08-26 12:00:00,1,rider_shortage,rebalance_riders,0.995169460773468,0.9932361245155334,0.0019333362579345703
Z01,2025-08-26 13:00:00,1,rider_shortage,rebalance_riders,0.9891650080680847,0.8540372252464294,0.13512778282165527
Z02,2025-08-26 13:00:00,1,rider_shortage,rebalance_riders,0.9774938821792603,0.6510425806045532,0.32645130157470703
Z03,2025-08-26 13:00:00,1,rider_shortage,rebalance_riders,0.9895790219306946,0.9442707896232605,0.04530823230743408
Z04,2025-08-26 13:00:00,1,rider_shortage,rebalance_riders,0.9650991559028625,0.6705355644226074,0.2945635914802551
Z05,2025-08-26 13:00:00,1,rider_shortage,rebalance_riders,0.9944842457771301,0.969321608543396,0.02516263723373413
Z06,2025-08-26 13:00:00,1,rider_shortage,rebalance_riders,0.9813910722732544,0.8312661051750183,0.15012496709823608
Z07,2025-08-26 13:00:00,1,rider_shortage,rebalance_riders,0.9943205118179321,0.8660540580749512,0.12826645374298096
Z08,2025-08-26 13:00:00,1,rider_shortage,rebalance_riders,0.9828500151634216,0.6938963532447815,0.28895366191864014
Z09,2025-08-26 13:00:00,1,rider_shortage,rebalance_riders,0.9893306493759155,0.8193987011909485,0.16993194818496704
Z10,2025-08-26 13:00:00,1,rider_shortage,rebalance_riders,0.9810124635696411,0.6141517162322998,0.3668607473373413
Z01,2025-08-26 14:00:00,1,rider_shortage,rebalance_riders,0.9951375126838684,0.994465172290802,0.0006723403930664062
Z02,2025-08-26 14:00:00,1,rider_shortage,rebalance_riders,0.995169460773468,0.9947757720947266,0.0003936886787414551
Z03,2025-08-26 14:00:00,1,rider_shortage,rebalance_riders,0.995169460773468,0.994550883769989,0.0006185770034790039
Z04,2025-08-26 14:00:00,1,rider_shortage,rebalance_riders,0.9949199557304382,0.9942029118537903,0.0007170438766479492
Z05,2025-08-26 14:00:00,1,rider_shortage,rebalance_riders,0.995169460773468,0.9947254061698914,0.00044405460357666016
Z06,2025-08-26 14:00:00,1,rider_shortage,rebalance_riders,0.995169460773468,0.9947131276130676,0.0004563331604003906
Z07,2025-08-26 14:00:00,1,rider_shortage,rebalance_riders,0.9949199557304382,0.9895792603492737,0.005340695381164551
Z08,2025-08-26 14:00:00,1,rider_shortage,rebalance_riders,0.9949199557304382,0.9944626688957214,0.0004572868347167969
Z09,2025-08-26 14:00:00,1,rider_shortage,rebalance_riders,0.995169460773468,0.995169460773468,0.0
Z10,2025-08-26 14:00:00,1,rider_shortage,rebalance_riders,0.995169460773468,0.994117021560669,0.0010524392127990723
Z01,2025-08-26 15:00:00,1,traffic,reroute_traffic,0.9923179149627686,0.9790705442428589,0.013247370719909668
Z02,2025-08-26 15:00:00,1,traffic,reroute_traffic,0.9941695928573608,0.9933450222015381,0.0008245706558227539
Z03,2025-08-26 15:00:00,1,traffic,reroute_traffic,0.9946873188018799,0.9938979744911194,0.000789344310760498
Z04,2025-08-26 15:00:00,1,traffic,reroute_traffic,0.993636965751648,0.9858651161193848,0.007771849632263184
Z05,2025-08-26 15:00:00,1,traffic,reroute_traffic,0.9920018911361694,0.9863318204879761,0.005670070648193359
Z06,2025-08-26 15:00:00,1,traffic,reroute_traffic,0.9690911173820496,0.8854545950889587,0.08363652229309082
Z07,2025-08-26 15:00:00,1,traffic,reroute_traffic,0.9928895235061646,0.9895108342170715,0.0033786892890930176
Z08,2025-08-26 15:00:00,1,traffic,reroute_traffic,0.992985188961029,0.9830809235572815,0.009904265403747559
Z09,2025-08-26 15:00:00,1,traffic,reroute_traffic,0.9928597807884216,0.9883913397789001,0.004468441009521484
Z10,2025-08-26 15:00:00,1,traffic,reroute_traffic,0.9948741793632507,0.9941970109939575,0.0006771683692932129
Z01,2025-08-26 17:00:00,1,traffic,reroute_traffic,0.9944671392440796,0.9933765530586243,0.0010905861854553223
Z02,2025-08-26 17:00:00,1,traffic,reroute_traffic,0.9790562987327576,0.9535799026489258,0.025476396083831787
Z03,2025-08-26 17:00:00,1,traffic,reroute_traffic,0.9851742386817932,0.9631974697113037,0.021976768970489502
Z04,2025-08-26 17:00:00,1,traffic,reroute_traffic,0.9901785850524902,0.9800712466239929,0.010107338428497314
Z05,2025-08-26 17:00:00,1,traffic,reroute_traffic,0.9905095100402832,0.9835494756698608,0.006960034370422363
Z06,2025-08-26 17:00:00,1,traffic,reroute_traffic,0.9923524260520935,0.9896117448806763,0.0027406811714172363
Z07,2025-08-26 17:00:00,1,traffic,reroute_traffic,0.9904847145080566,0.9854610562324524,0.005023658275604248
Z08,2025-08-26 17:00:00,1,traffic,reroute_traffic,0.9707247018814087,0.8355156183242798,0.1352090835571289
Z09,2025-08-26 17:00:00,1,traffic,reroute_traffic,0.9895436763763428,0.9834414720535278,0.006102204322814941
Z10,2025-08-26 17:00:00,1,traffic,reroute_traffic,0.982798159122467,0.9549267888069153,0.027871370315551758
Z01,2025-08-26 18:00:00,1,traffic,reroute_traffic,0.9920790791511536,0.9903253316879272,0.0017537474632263184
Z02,2025-08-26 18:00:00,1,traffic,reroute_traffic,0.9895821809768677,0.9861942529678345,0.003387928009033203
Z03,2025-08-26 18:00:00,1,traffic,reroute_traffic,0.9594128727912903,0.8936202526092529,0.06579262018203735
Z04,2025-08-26 18:00:00,1,traffic,reroute_traffic,0.9732464551925659,0.9132863283157349,0.059960126876831055
Z05,2025-08-26 18:00:00,1,traffic,reroute_traffic,0.9938439130783081,0.9917562007904053,0.002087712287902832
Z06,2025-08-26 18:00:00,1,traffic,reroute_traffic,0.9150128364562988,0.7865798473358154,0.1284329891204834
Z07,2025-08-26 18:00:00,1,traffic,reroute_traffic,0.9081790447235107,0.7871606945991516,0.12101835012435913
Z08,2025-08-26 18:00:00,1,traffic,reroute_traffic,0.9892082810401917,0.9817727208137512,0.00743556022644043
Z09,2025-08-26 18:00:00,1,traffic,reroute_traffic,0.9892232418060303,0.9800286293029785,0.009194612503051758
Z10,2025-08-26 18:00:00,1,traffic,reroute_traffic,0.993569016456604,0.992359459400177,0.001209557056427002
Z01,2025-08-26 19:00:00,1,rider_shortage,rebalance_riders,0.9950769543647766,0.9912785887718201,0.003798365592956543
Z02,2025-08-26 19:00:00,1,rider_shortage,rebalance_riders,0.9949520826339722,0.9911449551582336,0.0038071274757385254
Z03,2025-08-26 19:00:00,1,rider_shortage,rebalance_riders,0.9948424696922302,0.9934949278831482,0.0013475418090820312
Z04,2025-08-26 19:00:00,1,traffic,reroute_traffic,0.9926757216453552,0.9857481122016907,0.006927609443664551
Z05,2025-08-26 19:00:00,1,rider_shortage,rebalance_riders,0.994959831237793,0.991848349571228,0.0031114816665649414
Z06,2025-08-26 19:00:00,1,rider_shortage,rebalance_riders,0.9950489401817322,0.9890571236610413,0.005991816520690918
Z07,2025-08-26 19:00:00,1,traffic,reroute_traffic,0.9921855330467224,0.9901663064956665,0.002019226551055908
Z08,2025-08-26 19:00:00,1,traffic,reroute_traffic,0.9052334427833557,0.614213228225708,0.2910202145576477
Z09,2025-08-26 19:00:00,1,rider_shortage,rebalance_riders,0.9940152764320374,0.989304780960083,0.004710495471954346
Z10,2025-08-26 19:00:00,1,rider_shortage,rebalance_riders,0.9950441122055054,0.9904452562332153,0.004598855972290039
Z01,2025-08-26 20:00:00,1,rider_shortage,rebalance_riders,0.9479506611824036,0.6076275110244751,0.34032315015792847
Z02,2025-08-26 20:00:00,1,rider_shortage,rebalance_riders,0.9801627397537231,0.8762047290802002,0.10395801067352295
Z03,2025-08-26 20:00:00,1,rider_shortage,rebalance_riders,0.9754194021224976,0.8758431077003479,0.09957629442214966
Z04,2025-08-26 20:00:00,1,rider_shortage,rebalance_riders,0.9815393090248108,0.8011060357093811,0.1804332733154297
Z05,2025-08-26 20:00:00,1,rider_shortage,rebalance_riders,0.9894952178001404,0.7888057231903076,0.20068949460983276
Z07,2025-08-26 20:00:00,0,traffic,reroute_traffic,0.7961769700050354,0.5551177263259888,0.24105924367904663
Z08,2025-08-26 20:00:00,1,rider_shortage,rebalance_riders,0.9440917372703552,0.6461108326911926,0.2979809045791626
Z09,2025-08-26 20:00:00,1,rider_shortage,rebalance_riders,0.9509018659591675,0.6546151041984558,0.29628676176071167
Z10,2025-08-26 20:00:00,1,rider_shortage,rebalance_riders,0.9784891605377197,0.6834557056427002,0.29503345489501953
Z01,2025-08-26 21:00:00,1,rider_shortage,rebalance_riders,0.9945459365844727,0.9850276708602905,0.009518265724182129
Z02,2025-08-26 21:00:00,1,rider_shortage,rebalance_riders,0.9947249293327332,0.9925851225852966,0.0021398067474365234
Z03,2025-08-26 21:00:00,1,rider_shortage,rebalance_riders,0.9948925971984863,0.9930422306060791,0.0018503665924072266
Z04,2025-08-26 21:00:00,1,rider_shortage,rebalance_riders,0.9947249293327332,0.9940012097358704,0.000723719596862793
Z05,2025-08-26 21:00:00,1,rider_shortage,rebalance_riders,0.9905450344085693,0.8032833933830261,0.1872616410255432
Z06,2025-08-26 21:00:00,1,rider_shortage,rebalance_riders,0.9950258135795593,0.9925663471221924,0.0024594664573669434
Z07,2025-08-26 21:00:00,1,rider_shortage,rebalance_riders,0.9947249293327332,0.9768396019935608,0.017885327339172363
Z08,2025-08-26 21:00:00,1,rider_shortage,rebalance_riders,0.995169460773468,0.9939265847206116,0.0012428760528564453
Z09,2025-08-26 21:00:00,1,rider_shortage,rebalance_riders,0.9950054287910461,0.9908567667007446,0.004148662090301514
Z10,2025-08-26 21:00:00,1,rider_shortage,rebalance_riders,0.995169460773468,0.9950313568115234,0.00013810396194458008
Z01,2025-08-26 22:00:00,1,rider_shortage,rebalance_riders,0.9945218563079834,0.9872806668281555,0.007241189479827881
Z02,2025-08-26 22:00:00,1,rider_shortage,rebalance_riders,0.9948850274085999,0.9941831231117249,0.000701904296875
Z03,2025-08-26 22:00:00,1,rider_shortage,rebalance_riders,0.993694007396698,0.9908469319343567,0.0028470754623413086
Z04,2025-08-26 22:00:00,1,rider_shortage,rebalance_riders,0.9948850274085999,0.9869333505630493,0.007951676845550537
Z05,2025-08-26 22:00:00,1,rider_shortage,rebalance_riders,0.9951176643371582,0.992440938949585,0.002676725387573242
Z06,2025-08-26 22:00:00,1,rider_shortage,rebalance_riders,0.994299054145813,0.9849770069122314,0.009322047233581543
Z07,2025-08-26 22:00:00,1,rider_shortage,rebalance_riders,0.9937164187431335,0.9054940938949585,0.08822232484817505
Z08,2025-08-26 22:00:00,1,rider_shortage,rebalance_riders,0.994295060634613,0.992007851600647,0.0022872090339660645
Z09,2025-08-26 22:00:00,1,rider_shortage,rebalance_riders,0.9943106174468994,0.9872099161148071,0.007100701332092285
Z10,2025-08-26 22:00:00,1,rider_shortage,rebalance_riders,0.9918462634086609,0.8702167868614197,0.12162947654724121
Z01,2025-08-27 07:00:00,0,traffic,alert_ops,0.3111112415790558,0.3111112415790558,0.0
Z01,2025-08-27 08:00:00,0,rider_shortage,alert_ops,0.4564192593097687,0.4564192593097687,0.0
Z02,2025-08-27 08:00:00,0,traffic,reroute_traffic,0.7905502915382385,0.561726450920105,0.22882384061813354
Z05,2025-08-27 08:00:00,1,traffic,reroute_traffic,0.8837054967880249,0.7762269973754883,0.10747849941253662
Z06,2025-08-27 08:00:00,0,traffic,reroute_traffic,0.7718217372894287,0.4915771186351776,0.2802446186542511
Z07,2025-08-27 08:00:00,1,traffic,alert_ops,0.3073549270629883,0.3073549270629883,0.0
Z09,2025-08-27 08:00:00,0,traffic,alert_ops,0.5217350721359253,0.5217350721359253,0.0
Z10,2025-08-27 08:00:00,1,traffic,alert_ops,0.6296267509460449,0.6296267509460449,0.0
Z03,2025-08-27 09:00:00,1,traffic,reroute_traffic,0.7594174742698669,0.4923304617404938,0.26708701252937317
Z05,2025-08-27 09:00:00,0,traffic,alert_ops,0.5270346999168396,0.5270346999168396,0.0
Z08,2025-08-27 09:00:00,1,traffic,reroute_traffic,0.8816261291503906,0.7807161211967468,0.1009100079536438
Z09,2025-08-27 09:00:00,1,traffic,reroute_traffic,0.755114734172821,0.5071283578872681,0.24798637628555298
Z10,2025-08-27 09:00:00,0,traffic,alert_ops,0.5634345412254333,0.5634345412254333,0.0
Z09,2025-08-27 12:00:00,1,rider_shortage,rebalance_riders,0.9736202359199524,0.485042929649353,0.48857730627059937
Z02,2025-08-27 13:00:00,1,rider_shortage,alert_ops,0.628648042678833,0.628648042678833,0.0
Z03,2025-08-27 13:00:00,0,rider_shortage,alert_ops,0.43275514245033264,0.43275514245033264,0.0
Z05,2025-08-27 13:00:00,0,rider_shortage,alert_ops,0.32829922437667847,0.32829922437667847,0.0
Z02,2025-08-27 14:00:00,0,rider_shortage,alert_ops,0.34695515036582947,0.34695515036582947,0.0
Z04,2025-08-27 14:00:00,0,rider_shortage,alert_ops,0.36922749876976013,0.36922749876976013,0.0
Z10,2025-08-27 14:00:00,1,rider_shortage,alert_ops,0.39294004440307617,0.39294004440307617,0.0
Z01,2025-08-27 15:00:00,1,rider_shortage,alert_ops,0.4435740113258362,0.4435740113258362,0.0
Z05,2025-08-27 17:00:00,1,traffic,alert_ops,0.6539406180381775,0.6539406180381775,0.0
Z01,2025-08-27 19:00:00,1,rider_shortage,rebalance_riders,0.877237856388092,0.2622221112251282,0.6150157451629639
Z02,2025-08-27 19:00:00,1,traffic,reroute_traffic,0.8767817616462708,0.7844969630241394,0.09228479862213135
Z03,2025-08-27 19:00:00,1,rider_shortage,rebalance_riders,0.9627698659896851,0.7887791395187378,0.17399072647094727
Z04,2025-08-27 19:00:00,1,traffic,alert_ops,0.6759830713272095,0.6759830713272095,0.0
Z05,2025-08-27 19:00:00,1,rider_shortage,rebalance_riders,0.9926140308380127,0.91628497838974,0.0763290524482727
Z06,2025-08-27 19:00:00,1,rider_shortage,rebalance_riders,0.944934606552124,0.6379485130310059,0.30698609352111816
Z07,2025-08-27 19:00:00,1,rider_shortage,rebalance_riders,0.9030225276947021,0.14350084960460663,0.7595216780900955
Z08,2025-08-27 19:00:00,1,rider_shortage,rebalance_riders,0.8168391585350037,0.1666620373725891,0.6501771211624146
Z09,2025-08-27 19:00:00,1,rider_shortage,rebalance_riders,0.9680238366127014,0.733801543712616,0.23422229290008545
Z10,2025-08-27 19:00:00,1,rider_shortage,rebalance_riders,0.9026356339454651,0.3018482029438019,0.6007874310016632
Z01,2025-08-27 20:00:00,1,rider_shortage,rebalance_riders,0.8848674297332764,0.2320704609155655,0.6527969688177109
Z02,2025-08-27 20:00:00,1,rider_shortage,rebalance_riders,0.9894981384277344,0.9164029955863953,0.07309514284133911
Z03,2025-08-27 20:00:00,0,rider_shortage,rebalance_riders,0.934360146522522,0.6945331692695618,0.2398269772529602
Z04,2025-08-27 20:00:00,1,traffic,reroute_traffic,0.824406087398529,0.637444019317627,0.1869620680809021
Z05,2025-08-27 20:00:00,0,rider_shortage,rebalance_riders,0.9210644364356995,0.2374383807182312,0.6836260557174683
Z06,2025-08-27 20:00:00,1,rider_shortage,rebalance_riders,0.9513646364212036,0.6177594661712646,0.33360517024993896
Z07,2025-08-27 20:00:00,1,rider_shortage,rebalance_riders,0.9592280983924866,0.27382516860961914,0.6854029297828674
Z08,2025-08-27 20:00:00,1,rider_shortage,rebalance_riders,0.9906660914421082,0.935923159122467,0.05474293231964111
Z09,2025-08-27 20:00:00,1,rider_shortage,rebalance_riders,0.9388240575790405,0.5704841017723083,0.3683399558067322
Z10,2025-08-27 20:00:00,1,rider_shortage,rebalance_riders,0.984062671661377,0.780532956123352,0.2035297155380249
Z01,2025-08-27 21:00:00,1,rider_shortage,rebalance_riders,0.7782593965530396,0.09241484105587006,0.6858445554971695
Z02,2025-08-27 21:00:00,0,rider_shortage,alert_ops,0.6584281325340271,0.6584281325340271,0.0
Z03,2025-08-27 21:00:00,0,rider_shortage,alert_ops,0.6539961099624634,0.6539961099624634,0.0
Z04,2025-08-27 21:00:00,1,rider_shortage,alert_ops,0.4058547914028168,0.4058547914028168,0.0
Z06,2025-08-27 21:00:00,1,rider_shortage,rebalance_riders,0.9723854660987854,0.361821711063385,0.6105637550354004
Z07,2025-08-27 21:00:00,1,rider_shortage,rebalance_riders,0.8605750203132629,0.03247120976448059,0.8281038105487823
Z08,2025-08-27 21:00:00,0,rider_shortage,alert_ops,0.5031588673591614,0.5031588673591614,0.0
Z10,2025-08-27 21:00:00,1,rider_shortage,rebalance_riders,0.7139219045639038,0.07566680759191513,0.6382550969719887
Z01,2025-08-27 22:00:00,1,rider_shortage,rebalance_riders,0.9621285200119019,0.2883850038051605,0.6737435162067413
Z03,2025-08-27 22:00:00,1,rider_shortage,alert_ops,0.6365442872047424,0.6365442872047424,0.0
Z04,2025-08-27 22:00:00,1,rider_shortage,alert_ops,0.38144752383232117,0.38144752383232117,0.0
Z05,2025-08-27 22:00:00,0,rider_shortage,rebalance_riders,0.7498222589492798,0.03264882415533066,0.7171734347939491
Z07,2025-08-27 22:00:00,1,rider_shortage,rebalance_riders,0.922275960445404,0.03633452579379082,0.8859414346516132
Z08,2025-08-27 22:00:00,0,rider_shortage,alert_ops,0.30716392397880554,0.30716392397880554,0.0
Z09,2025-08-27 22:00:00,1,rider_shortage,rebalance_riders,0.9305145144462585,0.2515139877796173,0.6790005266666412
Z10,2025-08-27 22:00:00,0,rider_shortage,alert_ops,0.4294061064720154,0.4294061064720154,0.0
Z01,2025-08-28 06:00:00,1,traffic,reroute_traffic,0.9436173439025879,0.6481042504310608,0.2955130934715271
Z02,2025-08-28 06:00:00,0,traffic,alert_ops,0.5811636447906494,0.5811636447906494,0.0
Z03,2025-08-28 06:00:00,0,traffic,reroute_traffic,0.903104305267334,0.8360193371772766,0.06708496809005737
Z04,2025-08-28 06:00:00,0,traffic,reroute_traffic,0.7588415741920471,0.4787251949310303,0.28011637926101685
Z05,2025-08-28 06:00:00,1,traffic,reroute_traffic,0.7415628433227539,0.411996990442276,0.3295658528804779
Z06,2025-08-28 06:00:00,1,traffic,reroute_traffic,0.9577455520629883,0.821444034576416,0.13630151748657227
Z07,2025-08-28 06:00:00,1,traffic,reroute_traffic,0.843105673789978,0.6206580400466919,0.22244763374328613
Z08,2025-08-28 06:00:00,0,traffic,alert_ops,0.5117679238319397,0.5117679238319397,0.0
Z09,2025-08-28 06:00:00,1,traffic,reroute_traffic,0.9605026841163635,0.8083489537239075,0.15215373039245605
Z10,2025-08-28 06:00:00,1,traffic,reroute_traffic,0.9873616695404053,0.9302800893783569,0.05708158016204834
Z04,2025-08-28 07:00:00,0,rider_shortage,rebalance_riders,0.7987672090530396,0.05279379338026047,0.7459734156727791
Z10,2025-08-28 07:00:00,0,rider_shortage,alert_ops,0.33977454900741577,0.33977454900741577,0.0
Z01,2025-08-28 08:00:00,0,traffic,alert_ops,0.39385101199150085,0.39385101199150085,0.0
Z02,2025-08-28 08:00:00,0,traffic,alert_ops,0.4243839681148529,0.4243839681148529,0.0
Z03,2025-08-28 08:00:00,1,traffic,reroute_traffic,0.8514275550842285,0.6965997219085693,0.15482783317565918
Z04,2025-08-28 08:00:00,1,rider_shortage,rebalance_riders,0.9867321848869324,0.8476402163505554,0.13909196853637695
Z05,2025-08-28 08:00:00,1,traffic,reroute_traffic,0.9798775315284729,0.9119290113449097,0.06794852018356323
Z06,2025-08-28 08:00:00,1,traffic,reroute_traffic,0.978413462638855,0.9176527857780457,0.060760676860809326
Z07,2025-08-28 08:00:00,0,traffic,alert_ops,0.3978811502456665,0.3978811502456665,0.0
Z08,2025-08-28 08:00:00,1,traffic,reroute_traffic,0.9512598514556885,0.8615227341651917,0.08973711729049683
Z09,2025-08-28 08:00:00,0,traffic,reroute_traffic,0.8147574067115784,0.5822246670722961,0.23253273963928223
Z10,2025-08-28 08:00:00,1,traffic,reroute_traffic,0.7635145783424377,0.4651993215084076,0.29831525683403015
Z01,2025-08-28 09:00:00,1,traffic,reroute_traffic,0.9583420157432556,0.8863893747329712,0.07195264101028442
Z02,2025-08-28 09:00:00,1,traffic,reroute_traffic,0.9878827333450317,0.9625850319862366,0.025297701358795166
Z03,2025-08-28 09:00:00,1,traffic,reroute_traffic,0.9863845705986023,0.9777984023094177,0.00858616828918457
Z04,2025-08-28 09:00:00,1,traffic,reroute_traffic,0.7847573757171631,0.5375795364379883,0.2471778392791748
Z05,2025-08-28 09:00:00,1,traffic,reroute_traffic,0.9921182990074158,0.9902706146240234,0.001847684383392334
Z06,2025-08-28 09:00:00,1,traffic,reroute_traffic,0.9845645427703857,0.9407607913017273,0.04380375146865845
Z07,2025-08-28 09:00:00,1,traffic,reroute_traffic,0.9862126111984253,0.9307023286819458,0.05551028251647949
Z08,2025-08-28 09:00:00,1,traffic,reroute_traffic,0.9906501173973083,0.9763484001159668,0.014301717281341553
Z09,2025-08-28 09:00:00,1,traffic,reroute_traffic,0.9909668564796448,0.9872899651527405,0.003676891326904297
Z10,2025-08-28 09:00:00,1,traffic,reroute_traffic,0.9910538792610168,0.9813815355300903,0.009672343730926514
Z01,2025-08-28 10:00:00,1,traffic,reroute_traffic,0.7387272119522095,0.35469743609428406,0.3840297758579254
Z02,2025-08-28 10:00:00,1,traffic,reroute_traffic,0.822658121585846,0.7120112180709839,0.11064690351486206
Z03,2025-08-28 10:00:00,1,traffic,reroute_traffic,0.9851449728012085,0.9573858380317688,0.027759134769439697
Z04,2025-08-28 10:00:00,1,traffic,reroute_traffic,0.9648580551147461,0.9007706642150879,0.0640873908996582
Z05,2025-08-28 10:00:00,0,traffic,reroute_traffic,0.9017065167427063,0.7516788244247437,0.15002769231796265
Z06,2025-08-28 10:00:00,1,traffic,reroute_traffic,0.9300349950790405,0.8028470277786255,0.12718796730041504
Z07,2025-08-28 10:00:00,0,traffic,reroute_traffic,0.8934615850448608,0.7836069464683533,0.10985463857650757
Z08,2025-08-28 10:00:00,1,traffic,reroute_traffic,0.9851272702217102,0.971635103225708,0.013492166996002197
Z09,2025-08-28 10:00:00,1,traffic,reroute_traffic,0.7072893381118774,0.5548765659332275,0.1524127721786499
Z10,2025-08-28 10:00:00,1,traffic,reroute_traffic,0.9793334603309631,0.9563803672790527,0.0229530930519104
Z04,2025-08-28 11:00:00,0,rider_shortage,alert_ops,0.3343067467212677,0.3343067467212677,0.0
Z09,2025-08-28 11:00:00,0,traffic,alert_ops,0.6013841032981873,0.6013841032981873,0.0
Z01,2025-08-28 12:00:00,1,rider_shortage,rebalance_riders,0.9944202303886414,0.9869930744171143,0.0074271559715271
Z02,2025-08-28 12:00:00,1,rider_shortage,rebalance_riders,0.995169460773468,0.995169460773468,0.0
Z03,2025-08-28 12:00:00,1,rider_shortage,rebalance_riders,0.995169460773468,0.9951733946800232,-3.933906555175781e-06
Z04,2025-08-28 12:00:00,1,rider_shortage,rebalance_riders,0.995169460773468,0.9940939545631409,0.0010755062103271484
Z05,2025-08-28 12:00:00,1,rider_shortage,rebalance_riders,0.995169460773468,0.9943317174911499,0.0008377432823181152
Z06,2025-08-28 12:00:00,1,rider_shortage,rebalance_riders,0.9949199557304382,0.9943776726722717,0.0005422830581665039
Z07,2025-08-28 12:00:00,1,rider_shortage,rebalance_riders,0.9948863387107849,0.9935466647148132,0.0013396739959716797
Z08,2025-08-28 12:00:00,1,rider_shortage,rebalance_riders,0.995169460773468,0.995169460773468,0.0
Z09,2025-08-28 12:00:00,1,rider_shortage,rebalance_riders,0.995169460773468,0.9938264489173889,0.0013430118560791016
Z10,2025-08-28 12:00:00,1,rider_shortage,rebalance_riders,0.9949199557304382,0.9943544864654541,0.0005654692649841309
Z01,2025-08-28 13:00:00,1,rider_shortage,rebalance_riders,0.9768384695053101,0.777216374874115,0.19962209463119507
Z02,2025-08-28 13:00:00,1,rider_shortage,rebalance_riders,0.9786242842674255,0.751815140247345,0.22680914402008057
Z03,2025-08-28 13:00:00,0,rider_shortage,rebalance_riders,0.9451711773872375,0.7168023586273193,0.2283688187599182
Z04,2025-08-28 13:00:00,1,traffic,reroute_traffic,0.7333147525787354,0.3730907440185547,0.36022400856018066
Z05,2025-08-28 13:00:00,1,rider_shortage,rebalance_riders,0.9654132723808289,0.3877227008342743,0.5776905715465546
Z06,2025-08-28 13:00:00,1,rider_shortage,rebalance_riders,0.9179798364639282,0.33382004499435425,0.584159791469574
Z07,2025-08-28 13:00:00,1,rider_shortage,rebalance_riders,0.9939272403717041,0.8416744470596313,0.15225279331207275
Z08,2025-08-28 13:00:00,1,rider_shortage,rebalance_riders,0.9883227944374084,0.864841878414154,0.1234809160232544
Z09,2025-08-28 13:00:00,1,rider_shortage,rebalance_riders,0.9930630326271057,0.9365367889404297,0.056526243686676025
Z10,2025-08-28 13:00:00,0,rider_shortage,rebalance_riders,0.8259307146072388,0.18481747806072235,0.6411132365465164
Z01,2025-08-28 14:00:00,1,rider_shortage,rebalance_riders,0.9935643076896667,0.9393850564956665,0.054179251194000244
Z02,2025-08-28 14:00:00,1,rider_shortage,rebalance_riders,0.9946480393409729,0.9893890023231506,0.005259037017822266
Z03,2025-08-28 14:00:00,1,rider_shortage,rebalance_riders,0.9923696517944336,0.976760983467102,0.015608668327331543
Z04,2025-08-28 14:00:00,1,rider_shortage,rebalance_riders,0.9946929812431335,0.9876118302345276,0.007081151008605957
Z05,2025-08-28 14:00:00,1,rider_shortage,rebalance_riders,0.9891934990882874,0.8725970387458801,0.11659646034240723
Z06,2025-08-28 14:00:00,1,rider_shortage,rebalance_riders,0.9944077730178833,0.9921932816505432,0.002214491367340088
Z07,2025-08-28 14:00:00,0,traffic,reroute_traffic,0.8149118423461914,0.6091867089271545,0.20572513341903687
Z08,2025-08-28 14:00:00,1,traffic,reroute_traffic,0.9912350177764893,0.9752058982849121,0.01602911949157715
Z09,2025-08-28 14:00:00,1,rider_shortage,rebalance_riders,0.9951176643371582,0.990525484085083,0.004592180252075195
Z10,2025-08-28 14:00:00,1,rider_shortage,rebalance_riders,0.9946597218513489,0.9876946210861206,0.0069651007652282715
Z01,2025-08-28 15:00:00,1,traffic,reroute_traffic,0.7676733136177063,0.3466770052909851,0.4209963083267212
Z02,2025-08-28 15:00:00,1,traffic,alert_ops,0.5586438775062561,0.5586438775062561,0.0
Z03,2025-08-28 15:00:00,0,traffic,alert_ops,0.3640337288379669,0.3640337288379669,0.0
Z04,2025-08-28 15:00:00,0,traffic,alert_ops,0.5107455253601074,0.5107455253601074,0.0
Z05,2025-08-28 15:00:00,0,traffic,alert_ops,0.6405099630355835,0.6405099630355835,0.0
Z07,2025-08-28 15:00:00,0,traffic,alert_ops,0.6936928033828735,0.6936928033828735,0.0
Z09,2025-08-28 15:00:00,0,traffic,alert_ops,0.3342563211917877,0.3342563211917877,0.0
Z01,2025-08-28 16:00:00,0,traffic,reroute_traffic,0.8393368721008301,0.4632513225078583,0.3760855495929718
Z02,2025-08-28 16:00:00,1,traffic,alert_ops,0.6899895668029785,0.6899895668029785,0.0
Z03,2025-08-28 16:00:00,1,traffic,reroute_traffic,0.9358803033828735,0.7148870825767517,0.22099322080612183
Z04,2025-08-28 16:00:00,0,traffic,reroute_traffic,0.8278582096099854,0.41119441390037537,0.41666379570961
Z05,2025-08-28 16:00:00,1,traffic,reroute_traffic,0.7632882595062256,0.38501420617103577,0.3782740533351898
Z06,2025-08-28 16:00:00,0,traffic,alert_ops,0.37930744886398315,0.37930744886398315,0.0
Z07,2025-08-28 16:00:00,0,traffic,reroute_traffic,0.7779226899147034,0.4848868250846863,0.2930358648300171
Z08,2025-08-28 16:00:00,0,traffic,reroute_traffic,0.7767578959465027,0.25556349754333496,0.5211943984031677
Z09,2025-08-28 16:00:00,1,traffic,alert_ops,0.547566831111908,0.547566831111908,0.0
Z10,2025-08-28 16:00:00,1,traffic,reroute_traffic,0.902036726474762,0.667332112789154,0.2347046136856079
Z02,2025-08-28 17:00:00,0,traffic,alert_ops,0.4812276363372803,0.4812276363372803,0.0
Z03,2025-08-28 17:00:00,0,traffic,alert_ops,0.3276746869087219,0.3276746869087219,0.0
Z04,2025-08-28 17:00:00,1,traffic,reroute_traffic,0.9339374303817749,0.8174120187759399,0.11652541160583496
Z05,2025-08-28 17:00:00,0,traffic,alert_ops,0.5153589844703674,0.5153589844703674,0.0
Z06,2025-08-28 17:00:00,0,traffic,alert_ops,0.32464638352394104,0.32464638352394104,0.0
Z07,2025-08-28 17:00:00,1,traffic,reroute_traffic,0.8079541325569153,0.43806928396224976,0.3698848485946655
Z09,2025-08-28 17:00:00,0,traffic,alert_ops,0.5142114758491516,0.5142114758491516,0.0
Z10,2025-08-28 17:00:00,0,traffic,alert_ops,0.46402454376220703,0.46402454376220703,0.0
Z01,2025-08-28 19:00:00,1,rider_shortage,rebalance_riders,0.9931625127792358,0.9794949293136597,0.013667583465576172
Z02,2025-08-28 19:00:00,1,rider_shortage,rebalance_riders,0.9949548840522766,0.9938684105873108,0.0010864734649658203
Z03,2025-08-28 19:00:00,1,traffic,reroute_traffic,0.9942569136619568,0.9933246970176697,0.0009322166442871094
Z04,2025-08-28 19:00:00,1,rider_shortage,rebalance_riders,0.99459308385849,0.989304780960083,0.005288302898406982
Z05,2025-08-28 19:00:00,1,traffic,reroute_traffic,0.9907183051109314,0.9807680249214172,0.00995028018951416
Z06,2025-08-28 19:00:00,1,rider_shortage,rebalance_riders,0.9941251277923584,0.9833264946937561,0.010798633098602295
Z07,2025-08-28 19:00:00,1,traffic,reroute_traffic,0.9910238981246948,0.9831621646881104,0.007861733436584473
Z08,2025-08-28 19:00:00,1,rider_shortage,rebalance_riders,0.9951425790786743,0.9942663311958313,0.0008762478828430176
Z09,2025-08-28 19:00:00,1,rider_shortage,rebalance_riders,0.9949512481689453,0.9914008975028992,0.0035503506660461426
Z10,2025-08-28 19:00:00,1,rider_shortage,rebalance_riders,0.9949883222579956,0.9943093061447144,0.00067901611328125
Z01,2025-08-28 20:00:00,1,traffic,reroute_traffic,0.9889466166496277,0.9789349436759949,0.010011672973632812
Z02,2025-08-28 20:00:00,1,rider_shortage,rebalance_riders,0.9823426604270935,0.8801514506340027,0.10219120979309082
Z03,2025-08-28 20:00:00,1,rider_shortage,rebalance_riders,0.9849265813827515,0.9137821793556213,0.07114440202713013
Z04,2025-08-28 20:00:00,1,traffic,reroute_traffic,0.9307693243026733,0.7734338641166687,0.15733546018600464
Z05,2025-08-28 20:00:00,1,rider_shortage,rebalance_riders,0.9937791228294373,0.9492804408073425,0.04449868202209473
Z06,2025-08-28 20:00:00,1,traffic,reroute_traffic,0.9790958166122437,0.887156069278717,0.09193974733352661
Z07,2025-08-28 20:00:00,1,rider_shortage,rebalance_riders,0.9936019778251648,0.9777033925056458,0.015898585319519043
Z08,2025-08-28 20:00:00,1,rider_shortage,rebalance_riders,0.976711630821228,0.6895127892494202,0.28719884157180786
Z09,2025-08-28 20:00:00,1,rider_shortage,rebalance_riders,0.9708360433578491,0.8086451292037964,0.16219091415405273
Z10,2025-08-28 20:00:00,1,rider_shortage,rebalance_riders,0.9913946986198425,0.8951542973518372,0.09624040126800537
Z01,2025-08-28 21:00:00,1,rider_shortage,rebalance_riders,0.995124876499176,0.9940850734710693,0.0010398030281066895
Z02,2025-08-28 21:00:00,1,rider_shortage,rebalance_riders,0.9950054287910461,0.9911013841629028,0.0039040446281433105
Z03,2025-08-28 21:00:00,1,rider_shortage,rebalance_riders,0.9946288466453552,0.9936745166778564,0.0009543299674987793
Z04,2025-08-28 21:00:00,1,rider_shortage,rebalance_riders,0.9913212656974792,0.8745460510253906,0.11677521467208862
Z05,2025-08-28 21:00:00,1,rider_shortage,rebalance_riders,0.9947009086608887,0.9909366965293884,0.003764212131500244
Z06,2025-08-28 21:00:00,1,rider_shortage,rebalance_riders,0.9940012097358704,0.9788804650306702,0.015120744705200195
Z07,2025-08-28 21:00:00,1,rider_shortage,rebalance_riders,0.9947249293327332,0.9848722219467163,0.009852707386016846
Z08,2025-08-28 21:00:00,1,rider_shortage,rebalance_riders,0.9947249293327332,0.9878877401351929,0.006837189197540283
Z09,2025-08-28 21:00:00,1,rider_shortage,rebalance_riders,0.9947291016578674,0.9893383979797363,0.0053907036781311035
Z10,2025-08-28 21:00:00,1,rider_shortage,rebalance_riders,0.9944278001785278,0.9919036030769348,0.0025241971015930176
Z01,2025-08-28 22:00:00,1,rider_shortage,rebalance_riders,0.9926825165748596,0.8814380764961243,0.11124444007873535
Z02,2025-08-28 22:00:00,1,rider_shortage,alert_ops,0.4674554765224457,0.4674554765224457,0.0
Z03,2025-08-28 22:00:00,1,rider_shortage,rebalance_riders,0.9467868208885193,0.6144940853118896,0.33229273557662964
Z04,2025-08-28 22:00:00,1,rider_shortage,rebalance_riders,0.9936168193817139,0.9655748009681702,0.0280420184135437
Z05,2025-08-28 22:00:00,1,rider_shortage,rebalance_riders,0.9740018844604492,0.4379344582557678,0.5360674262046814
Z06,2025-08-28 22:00:00,1,rider_shortage,rebalance_riders,0.9576366543769836,0.5869678258895874,0.37066882848739624
Z07,2025-08-28 22:00:00,1,rider_shortage,rebalance_riders,0.9933968782424927,0.8925960659980774,0.10080081224441528
Z08,2025-08-28 22:00:00,1,rider_shortage,rebalance_riders,0.9499351978302002,0.6059936881065369,0.34394150972366333
Z09,2025-08-28 22:00:00,1,rider_shortage,rebalance_riders,0.7358051538467407,0.18652094900608063,0.5492842048406601
Z10,2025-08-28 22:00:00,1,rider_shortage,rebalance_riders,0.9798727035522461,0.6649237871170044,0.3149489164352417
Z06,2025-08-29 07:00:00,0,rider_shortage,alert_ops,0.3532491624355316,0.3532491624355316,0.0
Z06,2025-08-29 08:00:00,0,traffic,alert_ops,0.5696563124656677,0.5696563124656677,0.0
Z08,2025-08-29 08:00:00,0,traffic,alert_ops,0.31404271721839905,0.31404271721839905,0.0
Z01,2025-08-29 09:00:00,0,traffic,alert_ops,0.5522570013999939,0.5522570013999939,0.0
Z07,2025-08-29 09:00:00,1,traffic,alert_ops,0.4158114194869995,0.4158114194869995,0.0
Z08,2025-08-29 09:00:00,0,traffic,alert_ops,0.5571719408035278,0.5571719408035278,0.0
Z09,2025-08-29 09:00:00,1,traffic,reroute_traffic,0.8109782338142395,0.6309900879859924,0.17998814582824707
Z10,2025-08-29 09:00:00,0,traffic,alert_ops,0.5211547017097473,0.5211547017097473,0.0
Z05,2025-08-29 10:00:00,0,traffic,alert_ops,0.47158485651016235,0.47158485651016235,0.0
Z10,2025-08-29 10:00:00,1,traffic,alert_ops,0.6823509931564331,0.6823509931564331,0.0
Z01,2025-08-29 12:00:00,0,rider_shortage,alert_ops,0.3673512041568756,0.3673512041568756,0.0
Z02,2025-08-29 12:00:00,1,rider_shortage,alert_ops,0.6036112904548645,0.6036112904548645,0.0
Z04,2025-08-29 12:00:00,0,rider_shortage,rebalance_riders,0.8139776587486267,0.07707472890615463,0.7369029298424721
Z08,2025-08-29 12:00:00,0,rider_shortage,alert_ops,0.31855180859565735,0.31855180859565735,0.0
Z09,2025-08-29 12:00:00,0,rider_shortage,alert_ops,0.6205625534057617,0.6205625534057617,0.0
Z03,2025-08-29 13:00:00,0,rider_shortage,alert_ops,0.4817764163017273,0.4817764163017273,0.0
Z08,2025-08-29 13:00:00,0,rider_shortage,alert_ops,0.46912142634391785,0.46912142634391785,0.0
Z09,2025-08-29 13:00:00,0,rider_shortage,alert_ops,0.45055675506591797,0.45055675506591797,0.0
Z01,2025-08-29 14:00:00,0,rider_shortage,rebalance_riders,0.800174355506897,0.10249338299036026,0.6976809725165367
Z03,2025-08-29 14:00:00,0,rider_shortage,alert_ops,0.5198792815208435,0.5198792815208435,0.0
Z05,2025-08-29 14:00:00,1,rider_shortage,alert_ops,0.34289759397506714,0.34289759397506714,0.0
Z04,2025-08-29 18:00:00,1,traffic,alert_ops,0.3580425977706909,0.3580425977706909,0.0
Z10,2025-08-29 18:00:00,0,traffic,alert_ops,0.5270669460296631,0.5270669460296631,0.0
Z01,2025-08-29 19:00:00,1,rider_shortage,rebalance_riders,0.9798793792724609,0.6918091773986816,0.2880702018737793
Z02,2025-08-29 19:00:00,1,rider_shortage,rebalance_riders,0.9816265106201172,0.8206968903541565,0.1609296202659607
Z03,2025-08-29 19:00:00,1,rider_shortage,rebalance_riders,0.9446391463279724,0.7531620264053345,0.19147711992263794
Z04,2025-08-29 19:00:00,1,rider_shortage,rebalance_riders,0.9523234963417053,0.6149269342422485,0.3373965620994568
Z05,2025-08-29 19:00:00,1,rider_shortage,rebalance_riders,0.9932938814163208,0.8754599094390869,0.11783397197723389
Z06,2025-08-29 19:00:00,1,rider_shortage,rebalance_riders,0.9834135174751282,0.7783488035202026,0.20506471395492554
Z07,2025-08-29 19:00:00,1,rider_shortage,rebalance_riders,0.9902582168579102,0.6180840134620667,0.3721742033958435
Z08,2025-08-29 19:00:00,1,rider_shortage,rebalance_riders,0.9348639249801636,0.5895905494689941,0.34527337551116943
Z09,2025-08-29 19:00:00,0,rider_shortage,rebalance_riders,0.8288763761520386,0.2868010699748993,0.5420753061771393
Z10,2025-08-29 19:00:00,0,traffic,reroute_traffic,0.7435764074325562,0.5017313957214355,0.2418450117111206
Z01,2025-08-29 20:00:00,1,rider_shortage,rebalance_riders,0.9819135069847107,0.802272617816925,0.17964088916778564
Z02,2025-08-29 20:00:00,1,traffic,reroute_traffic,0.9579674005508423,0.8389567732810974,0.11901062726974487
Z03,2025-08-29 20:00:00,0,traffic,reroute_traffic,0.87201988697052,0.7342138886451721,0.1378059983253479
Z04,2025-08-29 20:00:00,1,traffic,alert_ops,0.67435622215271,0.67435622215271,0.0
Z05,2025-08-29 20:00:00,1,rider_shortage,rebalance_riders,0.9506056308746338,0.2579936385154724,0.6926119923591614
Z06,2025-08-29 20:00:00,1,traffic,reroute_traffic,0.8702367544174194,0.7229068875312805,0.14732986688613892
Z07,2025-08-29 20:00:00,0,traffic,alert_ops,0.3909527063369751,0.3909527063369751,0.0
Z08,2025-08-29 20:00:00,1,rider_shortage,rebalance_riders,0.962192952632904,0.7013974189758301,0.260795533657074
Z09,2025-08-29 20:00:00,1,rider_shortage,rebalance_riders,0.9711688756942749,0.7501940131187439,0.220974862575531
Z01,2025-08-29 21:00:00,0,rider_shortage,alert_ops,0.36478161811828613,0.36478161811828613,0.0
Z03,2025-08-29 21:00:00,0,rider_shortage,alert_ops,0.5791730284690857,0.5791730284690857,0.0
Z05,2025-08-29 21:00:00,1,rider_shortage,alert_ops,0.5664222240447998,0.5664222240447998,0.0
Z06,2025-08-29 21:00:00,0,rider_shortage,alert_ops,0.6585586667060852,0.6585586667060852,0.0
Z07,2025-08-29 21:00:00,0,rider_shortage,rebalance_riders,0.842289924621582,0.027342990040779114,0.8149469345808029
Z10,2025-08-29 21:00:00,0,rider_shortage,alert_ops,0.6119561791419983,0.6119561791419983,0.0
Z01,2025-08-29 22:00:00,1,rider_shortage,rebalance_riders,0.986193835735321,0.7669520378112793,0.21924179792404175
Z02,2025-08-29 22:00:00,1,rider_shortage,alert_ops,0.6527331471443176,0.6527331471443176,0.0
Z04,2025-08-29 22:00:00,1,rider_shortage,rebalance_riders,0.7391541004180908,0.08180854469537735,0.6573455557227135
Z05,2025-08-29 22:00:00,0,rider_shortage,alert_ops,0.6342285871505737,0.6342285871505737,0.0
Z06,2025-08-29 22:00:00,0,rider_shortage,alert_ops,0.6571478247642517,0.6571478247642517,0.0
Z07,2025-08-29 22:00:00,1,rider_shortage,rebalance_riders,0.9334997534751892,0.07390189915895462,0.8595978543162346
Z01,2025-08-30 07:00:00,0,rider_shortage,alert_ops,0.6923359036445618,0.6923359036445618,0.0
Z05,2025-08-30 07:00:00,0,rider_shortage,rebalance_riders,0.7732869982719421,0.017344461753964424,0.7559425365179777
Z06,2025-08-30 07:00:00,1,rider_shortage,alert_ops,0.6984587907791138,0.6984587907791138,0.0
Z07,2025-08-30 07:00:00,1,rider_shortage,rebalance_riders,0.9411584138870239,0.02441871166229248,0.9167397022247314
Z10,2025-08-30 07:00:00,0,rider_shortage,alert_ops,0.5661903619766235,0.5661903619766235,0.0
Z01,2025-08-30 08:00:00,0,traffic,alert_ops,0.4124729633331299,0.4124729633331299,0.0
Z02,2025-08-30 08:00:00,0,traffic,alert_ops,0.6215426921844482,0.6215426921844482,0.0
Z03,2025-08-30 08:00:00,0,traffic,reroute_traffic,0.7181944847106934,0.4069110155105591,0.3112834692001343
Z04,2025-08-30 08:00:00,1,rider_shortage,rebalance_riders,0.8756229281425476,0.19346311688423157,0.682159811258316
Z05,2025-08-30 08:00:00,0,rider_shortage,rebalance_riders,0.7574220299720764,0.04619942232966423,0.7112226076424122
Z06,2025-08-30 08:00:00,0,traffic,alert_ops,0.690528154373169,0.690528154373169,0.0
Z07,2025-08-30 08:00:00,1,rider_shortage,rebalance_riders,0.9622315764427185,0.2080543041229248,0.7541772723197937
Z08,2025-08-30 08:00:00,0,traffic,alert_ops,0.6658983826637268,0.6658983826637268,0.0
Z09,2025-08-30 08:00:00,1,rider_shortage,rebalance_riders,0.9668580293655396,0.6797103881835938,0.2871476411819458
Z10,2025-08-30 08:00:00,1,rider_shortage,rebalance_riders,0.818172037601471,0.11913612484931946,0.6990359127521515
Z01,2025-08-30 09:00:00,0,traffic,reroute_traffic,0.7787115573883057,0.5236924886703491,0.25501906871795654
Z02,2025-08-30 09:00:00,1,rider_shortage,rebalance_riders,0.9246340394020081,0.4230653643608093,0.5015686750411987
Z03,2025-08-30 09:00:00,0,traffic,reroute_traffic,0.7009004354476929,0.4575161635875702,0.24338427186012268
Z04,2025-08-30 09:00:00,1,rider_shortage,rebalance_riders,0.9420393705368042,0.319475919008255,0.6225634515285492
Z06,2025-08-30 09:00:00,0,traffic,reroute_traffic,0.7666943073272705,0.5001223087310791,0.2665719985961914
Z07,2025-08-30 09:00:00,1,rider_shortage,rebalance_riders,0.8828203082084656,0.08705519139766693,0.7957651168107986
Z08,2025-08-30 09:00:00,1,traffic,reroute_traffic,0.8852019309997559,0.7904251217842102,0.09477680921554565
Z09,2025-08-30 09:00:00,1,traffic,reroute_traffic,0.9686691761016846,0.8715051412582397,0.09716403484344482
Z10,2025-08-30 09:00:00,0,rider_shortage,rebalance_riders,0.8731159567832947,0.07567624747753143,0.7974397093057632
Z06,2025-08-30 10:00:00,1,traffic,reroute_traffic,0.9352369904518127,0.8217442035675049,0.11349278688430786
Z07,2025-08-30 10:00:00,0,traffic,alert_ops,0.42137598991394043,0.42137598991394043,0.0
Z01,2025-08-30 12:00:00,0,rider_shortage,alert_ops,0.3761943578720093,0.3761943578720093,0.0
Z03,2025-08-30 12:00:00,0,rider_shortage,alert_ops,0.5070744156837463,0.5070744156837463,0.0
Z05,2025-08-30 12:00:00,1,rider_shortage,alert_ops,0.326231986284256,0.326231986284256,0.0
Z06,2025-08-30 12:00:00,1,rider_shortage,alert_ops,0.6813306212425232,0.6813306212425232,0.0
Z08,2025-08-30 12:00:00,1,rider_shortage,rebalance_riders,0.961581289768219,0.38644030690193176,0.5751409828662872
Z09,2025-08-30 12:00:00,1,rider_shortage,alert_ops,0.5074854493141174,0.5074854493141174,0.0
Z10,2025-08-30 12:00:00,0,rider_shortage,rebalance_riders,0.816881537437439,0.09234978258609772,0.7245317548513412
Z01,2025-08-30 13:00:00,0,rider_shortage,alert_ops,0.6786709427833557,0.6786709427833557,0.0
Z02,2025-08-30 13:00:00,0,rider_shortage,alert_ops,0.6013753414154053,0.6013753414154053,0.0
Z03,2025-08-30 13:00:00,1,rider_shortage,alert_ops,0.6483891010284424,0.6483891010284424,0.0
Z04,2025-08-30 13:00:00,0,rider_shortage,alert_ops,0.5498988032341003,0.5498988032341003,0.0
Z05,2025-08-30 13:00:00,1,rider_shortage,rebalance_riders,0.9712968468666077,0.2820160388946533,0.6892808079719543
Z06,2025-08-30 13:00:00,0,rider_shortage,rebalance_riders,0.7370708584785461,0.09056393057107925,0.6465069279074669
Z07,2025-08-30 13:00:00,0,rider_shortage,rebalance_riders,0.8396557569503784,0.03690854087471962,0.8027472160756588
Z10,2025-08-30 13:00:00,0,rider_shortage,alert_ops,0.482621431350708,0.482621431350708,0.0
Z01,2025-08-30 14:00:00,1,rider_shortage,rebalance_riders,0.8835074305534363,0.2012450397014618,0.6822623908519745
Z02,2025-08-30 14:00:00,1,rider_shortage,rebalance_riders,0.8987298607826233,0.25092676281929016,0.6478030979633331
Z03,2025-08-30 14:00:00,0,rider_shortage,alert_ops,0.5066633820533752,0.5066633820533752,0.0
Z04,2025-08-30 14:00:00,0,rider_shortage,alert_ops,0.6409615278244019,0.6409615278244019,0.0
Z05,2025-08-30 14:00:00,1,rider_shortage,rebalance_riders,0.9631686806678772,0.1096421554684639,0.8535265251994133
Z07,2025-08-30 14:00:00,1,rider_shortage,alert_ops,0.6441597938537598,0.6441597938537598,0.0
Z09,2025-08-30 14:00:00,1,rider_shortage,rebalance_riders,0.8211477994918823,0.09393829852342606,0.7272095009684563
Z10,2025-08-30 14:00:00,1,rider_shortage,rebalance_riders,0.9634687304496765,0.18436697125434875,0.7791017591953278
Z03,2025-08-30 17:00:00,0,traffic,alert_ops,0.6324799656867981,0.6324799656867981,0.0
Z05,2025-08-30 17:00:00,0,traffic,alert_ops,0.6076095104217529,0.6076095104217529,0.0
Z07,2025-08-30 17:00:00,0,traffic,alert_ops,0.33400946855545044,0.33400946855545044,0.0
Z10,2025-08-30 17:00:00,0,traffic,reroute_traffic,0.8131874203681946,0.6608054637908936,0.15238195657730103
Z03,2025-08-30 18:00:00,1,traffic,alert_ops,0.6539638042449951,0.6539638042449951,0.0
Z05,2025-08-30 18:00:00,1,traffic,alert_ops,0.6723605394363403,0.6723605394363403,0.0
Z08,2025-08-30 18:00:00,1,traffic,alert_ops,0.47719407081604004,0.47719407081604004,0.0
Z01,2025-08-30 19:00:00,1,rider_shortage,rebalance_riders,0.9807835221290588,0.8130266070365906,0.16775691509246826
Z02,2025-08-30 19:00:00,1,rider_shortage,rebalance_riders,0.9768792986869812,0.7505640387535095,0.22631525993347168
Z03,2025-08-30 19:00:00,1,rider_shortage,rebalance_riders,0.9907711744308472,0.9414476156234741,0.04932355880737305
Z04,2025-08-30 19:00:00,1,rider_shortage,rebalance_riders,0.994312047958374,0.9853954315185547,0.008916616439819336
Z05,2025-08-30 19:00:00,1,rider_shortage,rebalance_riders,0.9671662449836731,0.43497779965400696,0.5321884453296661
Z06,2025-08-30 19:00:00,0,rider_shortage,rebalance_riders,0.930234968662262,0.5013676285743713,0.4288673400878906
Z07,2025-08-30 19:00:00,1,rider_shortage,rebalance_riders,0.985171914100647,0.5694568157196045,0.4157150983810425
Z08,2025-08-30 19:00:00,1,rider_shortage,rebalance_riders,0.9615623950958252,0.612572193145752,0.34899020195007324
Z09,2025-08-30 19:00:00,1,rider_shortage,rebalance_riders,0.9849429130554199,0.8636655211448669,0.12127739191055298
Z10,2025-08-30 19:00:00,1,rider_shortage,rebalance_riders,0.9897626042366028,0.8708423972129822,0.1189202070236206
Z01,2025-08-30 20:00:00,1,rider_shortage,rebalance_riders,0.9857622385025024,0.7339857816696167,0.25177645683288574
Z02,2025-08-30 20:00:00,1,rider_shortage,rebalance_riders,0.9928572177886963,0.9447230696678162,0.04813414812088013
Z03,2025-08-30 20:00:00,1,rider_shortage,rebalance_riders,0.9890478253364563,0.9526383876800537,0.03640943765640259
Z04,2025-08-30 20:00:00,1,rider_shortage,rebalance_riders,0.9904282093048096,0.9254388213157654,0.06498938798904419
Z05,2025-08-30 20:00:00,1,rider_shortage,rebalance_riders,0.9804216027259827,0.6621551513671875,0.31826645135879517
Z06,2025-08-30 20:00:00,1,rider_shortage,rebalance_riders,0.983125627040863,0.8208165168762207,0.16230911016464233
Z07,2025-08-30 20:00:00,1,rider_shortage,rebalance_riders,0.9862538576126099,0.5183944702148438,0.4678593873977661
Z08,2025-08-30 20:00:00,1,rider_shortage,rebalance_riders,0.9390175342559814,0.6604839563369751,0.27853357791900635
Z09,2025-08-30 20:00:00,0,rider_shortage,rebalance_riders,0.9334654808044434,0.5608537793159485,0.3726117014884949
Z10,2025-08-30 20:00:00,1,rider_shortage,rebalance_riders,0.9891709685325623,0.8791459798812866,0.11002498865127563
Z01,2025-08-30 21:00:00,0,rider_shortage,rebalance_riders,0.8153018355369568,0.1403331309556961,0.6749687045812607
Z02,2025-08-30 21:00:00,1,rider_shortage,rebalance_riders,0.8791947364807129,0.3107946515083313,0.5684000849723816
Z03,2025-08-30 21:00:00,0,rider_shortage,alert_ops,0.6516382694244385,0.6516382694244385,0.0
Z04,2025-08-30 21:00:00,1,rider_shortage,rebalance_riders,0.9687749743461609,0.5421054363250732,0.42666953802108765
Z05,2025-08-30 21:00:00,1,rider_shortage,rebalance_riders,0.7116224765777588,0.048867397010326385,0.6627550795674324
Z06,2025-08-30 21:00:00,1,rider_shortage,rebalance_riders,0.9720012545585632,0.4752150774002075,0.4967861771583557
Z07,2025-08-30 21:00:00,0,rider_shortage,alert_ops,0.3398064076900482,0.3398064076900482,0.0
Z08,2025-08-30 21:00:00,1,rider_shortage,rebalance_riders,0.9334259033203125,0.39750346541404724,0.5359224379062653
Z10,2025-08-30 21:00:00,0,rider_shortage,alert_ops,0.4571651816368103,0.4571651816368103,0.0
Z01,2025-08-30 22:00:00,1,rider_shortage,rebalance_riders,0.7123622894287109,0.08098961412906647,0.6313726752996445
Z02,2025-08-30 22:00:00,1,rider_shortage,rebalance_riders,0.9693780541419983,0.6741965413093567,0.2951815128326416
Z03,2025-08-30 22:00:00,0,rider_shortage,alert_ops,0.6990187168121338,0.6990187168121338,0.0
Z04,2025-08-30 22:00:00,1,rider_shortage,rebalance_riders,0.9076189994812012,0.2789091169834137,0.6287098824977875
Z05,2025-08-30 22:00:00,1,rider_shortage,rebalance_riders,0.9766976237297058,0.4025249183177948,0.574172705411911
Z06,2025-08-30 22:00:00,1,rider_shortage,rebalance_riders,0.9863627552986145,0.8534297943115234,0.13293296098709106
Z08,2025-08-30 22:00:00,1,rider_shortage,rebalance_riders,0.9920552372932434,0.8870192766189575,0.10503596067428589
Z09,2025-08-30 22:00:00,0,rider_shortage,alert_ops,0.6069352626800537,0.6069352626800537,0.0
Z10,2025-08-30 22:00:00,0,rider_shortage,rebalance_riders,0.9756022691726685,0.2969096004962921,0.6786926686763763
Z03,2025-08-31 07:00:00,1,rider_shortage,alert_ops,0.6594565510749817,0.6594565510749817,0.0
Z10,2025-08-31 07:00:00,0,rider_shortage,alert_ops,0.4888141453266144,0.4888141453266144,0.0
Z02,2025-08-31 08:00:00,0,traffic,alert_ops,0.49067848920822144,0.49067848920822144,0.0
Z03,2025-08-31 08:00:00,0,rider_shortage,rebalance_riders,0.725217878818512,0.19457416236400604,0.5306437164545059
Z04,2025-08-31 08:00:00,1,traffic,reroute_traffic,0.9441798329353333,0.8183722496032715,0.12580758333206177
Z05,2025-08-31 08:00:00,0,traffic,reroute_traffic,0.8180851340293884,0.605488657951355,0.21259647607803345
Z06,2025-08-31 08:00:00,0,traffic,alert_ops,0.46585601568222046,0.46585601568222046,0.0
Z07,2025-08-31 08:00:00,0,traffic,alert_ops,0.525447428226471,0.525447428226471,0.0
Z08,2025-08-31 08:00:00,0,traffic,alert_ops,0.5396099090576172,0.5396099090576172,0.0
Z09,2025-08-31 08:00:00,1,traffic,reroute_traffic,0.8276442289352417,0.6423664689064026,0.1852777600288391
Z10,2025-08-31 08:00:00,1,rider_shortage,rebalance_riders,0.970283031463623,0.2439659982919693,0.7263170331716537
Z01,2025-08-31 09:00:00,1,rider_shortage,rebalance_riders,0.9111872911453247,0.13071992993354797,0.7804673612117767
Z02,2025-08-31 09:00:00,0,traffic,alert_ops,0.4995613396167755,0.4995613396167755,0.0
Z03,2025-08-31 09:00:00,1,traffic,reroute_traffic,0.7490187287330627,0.5513634085655212,0.1976553201675415
Z05,2025-08-31 09:00:00,1,rider_shortage,rebalance_riders,0.9183409810066223,0.0926455408334732,0.8256954401731491
Z06,2025-08-31 09:00:00,1,traffic,alert_ops,0.6160861253738403,0.6160861253738403,0.0
Z07,2025-08-31 09:00:00,0,traffic,alert_ops,0.6920765042304993,0.6920765042304993,0.0
Z08,2025-08-31 09:00:00,1,rider_shortage,rebalance_riders,0.957255482673645,0.6147141456604004,0.34254133701324463
Z10,2025-08-31 09:00:00,0,traffic,alert_ops,0.6143892407417297,0.6143892407417297,0.0
Z01,2025-08-31 12:00:00,0,rider_shortage,alert_ops,0.3614570200443268,0.3614570200443268,0.0
Z03,2025-08-31 12:00:00,1,rider_shortage,alert_ops,0.6944278478622437,0.6944278478622437,0.0
Z04,2025-08-31 12:00:00,0,rider_shortage,alert_ops,0.3838340938091278,0.3838340938091278,0.0
Z05,2025-08-31 12:00:00,1,rider_shortage,rebalance_riders,0.9853997826576233,0.22990287840366364,0.7554969042539597
Z06,2025-08-31 12:00:00,0,rider_shortage,rebalance_riders,0.7203345894813538,0.09281469881534576,0.627519890666008
Z07,2025-08-31 12:00:00,0,rider_shortage,alert_ops,0.4636961817741394,0.4636961817741394,0.0
Z08,2025-08-31 12:00:00,0,rider_shortage,alert_ops,0.611524760723114,0.611524760723114,0.0
Z09,2025-08-31 12:00:00,1,rider_shortage,rebalance_riders,0.9786957502365112,0.6083515286445618,0.37034422159194946
Z10,2025-08-31 12:00:00,1,rider_shortage,rebalance_riders,0.8741016983985901,0.10639510303735733,0.7677065953612328
Z03,2025-08-31 13:00:00,0,rider_shortage,alert_ops,0.5517200827598572,0.5517200827598572,0.0
Z04,2025-08-31 13:00:00,1,rider_shortage,alert_ops,0.47793424129486084,0.47793424129486084,0.0
Z05,2025-08-31 13:00:00,1,rider_shortage,rebalance_riders,0.9051064252853394,0.05686589702963829,0.8482405282557011
Z06,2025-08-31 13:00:00,1,rider_shortage,rebalance_riders,0.8100247383117676,0.06833361834287643,0.7416911199688911
Z07,2025-08-31 13:00:00,1,rider_shortage,rebalance_riders,0.9643805027008057,0.26962777972221375,0.6947527229785919
Z08,2025-08-31 13:00:00,0,rider_shortage,alert_ops,0.6072316765785217,0.6072316765785217,0.0
Z09,2025-08-31 13:00:00,0,rider_shortage,alert_ops,0.6367687582969666,0.6367687582969666,0.0
Z10,2025-08-31 13:00:00,1,rider_shortage,rebalance_riders,0.8991808891296387,0.15389230847358704,0.7452885806560516
Z02,2025-08-31 14:00:00,0,rider_shortage,alert_ops,0.6944150328636169,0.6944150328636169,0.0
Z03,2025-08-31 14:00:00,1,rider_shortage,rebalance_riders,0.8151164054870605,0.2254519760608673,0.5896644294261932
Z04,2025-08-31 14:00:00,1,rider_shortage,alert_ops,0.45347729325294495,0.45347729325294495,0.0
Z05,2025-08-31 14:00:00,0,rider_shortage,rebalance_riders,0.975007176399231,0.09263096749782562,0.8823762089014053
Z06,2025-08-31 14:00:00,1,rider_shortage,alert_ops,0.6701049208641052,0.6701049208641052,0.0
Z07,2025-08-31 14:00:00,0,rider_shortage,rebalance_riders,0.7916854619979858,0.020200157538056374,0.7714853044599295
Z09,2025-08-31 14:00:00,1,rider_shortage,rebalance_riders,0.9531123638153076,0.38560137152671814,0.5675109922885895
Z10,2025-08-31 14:00:00,1,rider_shortage,rebalance_riders,0.7641650438308716,0.061625998467206955,0.7025390453636646
Z02,2025-08-31 17:00:00,0,traffic,alert_ops,0.319716215133667,0.319716215133667,0.0
Z06,2025-08-31 17:00:00,0,traffic,alert_ops,0.6735477447509766,0.6735477447509766,0.0
Z07,2025-08-31 17:00:00,1,traffic,alert_ops,0.696598470211029,0.696598470211029,0.0
Z09,2025-08-31 17:00:00,1,traffic,alert_ops,0.45879319310188293,0.45879319310188293,0.0
Z10,2025-08-31 17:00:00,1,traffic,alert_ops,0.5234518051147461,0.5234518051147461,0.0
Z02,2025-08-31 18:00:00,0,traffic,alert_ops,0.37464144825935364,0.37464144825935364,0.0
Z06,2025-08-31 18:00:00,1,traffic,alert_ops,0.391465961933136,0.391465961933136,0.0
Z01,2025-08-31 19:00:00,1,rider_shortage,rebalance_riders,0.9751526117324829,0.7290393114089966,0.24611330032348633
Z02,2025-08-31 19:00:00,1,rider_shortage,rebalance_riders,0.9923087358474731,0.9551622271537781,0.03714650869369507
Z03,2025-08-31 19:00:00,1,rider_shortage,rebalance_riders,0.9938555359840393,0.9768224358558655,0.017033100128173828
Z04,2025-08-31 19:00:00,1,rider_shortage,rebalance_riders,0.959949254989624,0.6458989977836609,0.31405025720596313
Z05,2025-08-31 19:00:00,1,rider_shortage,rebalance_riders,0.9721249341964722,0.4958299696445465,0.47629496455192566
Z06,2025-08-31 19:00:00,1,rider_shortage,rebalance_riders,0.9805865287780762,0.8639549016952515,0.11663162708282471
Z07,2025-08-31 19:00:00,1,rider_shortage,rebalance_riders,0.9862004518508911,0.5041135549545288,0.4820868968963623
Z08,2025-08-31 19:00:00,0,traffic,reroute_traffic,0.8782322406768799,0.7351939082145691,0.1430383324623108
Z09,2025-08-31 19:00:00,1,rider_shortage,rebalance_riders,0.9531087875366211,0.6586308479309082,0.2944779396057129
Z10,2025-08-31 19:00:00,1,rider_shortage,rebalance_riders,0.8333404064178467,0.18837662041187286,0.6449637860059738
Z01,2025-08-31 20:00:00,1,rider_shortage,rebalance_riders,0.9935613870620728,0.9651700854301453,0.02839130163192749
Z02,2025-08-31 20:00:00,1,rider_shortage,rebalance_riders,0.9910500049591064,0.9480284452438354,0.043021559715270996
Z03,2025-08-31 20:00:00,1,rider_shortage,rebalance_riders,0.98044353723526,0.9018308520317078,0.07861268520355225
Z04,2025-08-31 20:00:00,1,rider_shortage,rebalance_riders,0.9847167730331421,0.8810757994651794,0.10364097356796265
Z05,2025-08-31 20:00:00,1,rider_shortage,rebalance_riders,0.9728208780288696,0.3783257305622101,0.5944951474666595
Z06,2025-08-31 20:00:00,1,rider_shortage,rebalance_riders,0.9915618300437927,0.9381685853004456,0.05339324474334717
Z07,2025-08-31 20:00:00,1,rider_shortage,rebalance_riders,0.9317297339439392,0.12862993776798248,0.8030997961759567
Z08,2025-08-31 20:00:00,1,rider_shortage,rebalance_riders,0.972735583782196,0.8232086300849915,0.1495269536972046
Z09,2025-08-31 20:00:00,0,rider_shortage,rebalance_riders,0.9133167862892151,0.5621787309646606,0.35113805532455444
Z10,2025-08-31 20:00:00,1,rider_shortage,rebalance_riders,0.9915674328804016,0.8804834485054016,0.111083984375
Z02,2025-08-31 21:00:00,0,rider_shortage,alert_ops,0.6595437526702881,0.6595437526702881,0.0
Z03,2025-08-31 21:00:00,1,rider_shortage,alert_ops,0.6376805901527405,0.6376805901527405,0.0
Z05,2025-08-31 21:00:00,0,rider_shortage,alert_ops,0.3871825039386749,0.3871825039386749,0.0
Z06,2025-08-31 21:00:00,0,rider_shortage,rebalance_riders,0.8434420228004456,0.229854017496109,0.6135880053043365
Z07,2025-08-31 21:00:00,0,rider_shortage,alert_ops,0.6947699785232544,0.6947699785232544,0.0
Z08,2025-08-31 21:00:00,0,rider_shortage,alert_ops,0.5620205402374268,0.5620205402374268,0.0
Z09,2025-08-31 21:00:00,1,rider_shortage,rebalance_riders,0.756256103515625,0.14685609936714172,0.6094000041484833
Z10,2025-08-31 21:00:00,1,rider_shortage,rebalance_riders,0.9865352511405945,0.5515041947364807,0.43503105640411377
Z01,2025-08-31 22:00:00,1,rider_shortage,rebalance_riders,0.8758792877197266,0.25643905997276306,0.6194402277469635
Z02,2025-08-31 22:00:00,1,rider_shortage,rebalance_riders,0.7939100861549377,0.20807622373104095,0.5858338624238968
Z04,2025-08-31 22:00:00,1,rider_shortage,rebalance_riders,0.9151406288146973,0.3641357421875,0.5510048866271973
Z05,2025-08-31 22:00:00,0,rider_shortage,alert_ops,0.39841675758361816,0.39841675758361816,0.0
Z06,2025-08-31 22:00:00,1,rider_shortage,rebalance_riders,0.9857193827629089,0.4908275604248047,0.49489182233810425
Z07,2025-08-31 22:00:00,1,rider_shortage,rebalance_riders,0.8755115270614624,0.03678717836737633,0.8387243486940861
Z08,2025-08-31 22:00:00,1,rider_shortage,rebalance_riders,0.7537144422531128,0.19831259548664093,0.5554018467664719
Z09,2025-08-31 22:00:00,0,rider_shortage,alert_ops,0.4443571865558624,0.4443571865558624,0.0
Z10,2025-08-31 22:00:00,1,rider_shortage,rebalance_riders,0.9770095348358154,0.513879120349884,0.4631304144859314
Z03,2025-09-01 00:00:00,0,rider_shortage,alert_ops,0.3428790867328644,0.3428790867328644,0.0
Z07,2025-09-01 07:00:00,1,rider_shortage,alert_ops,0.6566534042358398,0.6566534042358398,0.0
Z06,2025-09-01 08:00:00,0,traffic,alert_ops,0.6261065602302551,0.6261065602302551,0.0
Z07,2025-09-01 08:00:00,0,rider_shortage,rebalance_riders,0.9546242952346802,0.12440770864486694,0.8302165865898132
Z09,2025-09-01 08:00:00,0,traffic,alert_ops,0.47103068232536316,0.47103068232536316,0.0
Z10,2025-09-01 08:00:00,1,rider_shortage,rebalance_riders,0.9477406740188599,0.20416422188282013,0.7435764521360397
Z01,2025-09-01 09:00:00,0,traffic,reroute_traffic,0.7733713984489441,0.5834156274795532,0.18995577096939087
Z06,2025-09-01 09:00:00,1,traffic,alert_ops,0.40231361985206604,0.40231361985206604,0.0
Z08,2025-09-01 09:00:00,0,traffic,reroute_traffic,0.7411301136016846,0.4656866788864136,0.275443434715271
Z07,2025-09-01 10:00:00,0,traffic,alert_ops,0.5371431708335876,0.5371431708335876,0.0
Z02,2025-09-01 12:00:00,1,rider_shortage,alert_ops,0.34402793645858765,0.34402793645858765,0.0
Z03,2025-09-01 12:00:00,0,rider_shortage,alert_ops,0.3147873282432556,0.3147873282432556,0.0
Z07,2025-09-01 12:00:00,1,rider_shortage,rebalance_riders,0.9587023258209229,0.047281794250011444,0.9114205315709114
Z08,2025-09-01 12:00:00,0,rider_shortage,alert_ops,0.38939595222473145,0.38939595222473145,0.0
Z01,2025-09-01 13:00:00,0,rider_shortage,alert_ops,0.6325790286064148,0.6325790286064148,0.0
Z03,2025-09-01 13:00:00,0,rider_shortage,alert_ops,0.4067627489566803,0.4067627489566803,0.0
Z05,2025-09-01 13:00:00,0,rider_shortage,alert_ops,0.44750162959098816,0.44750162959098816,0.0
Z06,2025-09-01 13:00:00,0,rider_shortage,rebalance_riders,0.8333153128623962,0.10369650274515152,0.7296188101172447
Z07,2025-09-01 13:00:00,1,rider_shortage,rebalance_riders,0.9708211421966553,0.08441595733165741,0.8864051848649979
Z10,2025-09-01 13:00:00,0,rider_shortage,alert_ops,0.501417338848114,0.501417338848114,0.0
Z01,2025-09-01 14:00:00,0,rider_shortage,alert_ops,0.307690292596817,0.307690292596817,0.0
Z04,2025-09-01 14:00:00,0,rider_shortage,alert_ops,0.6284610033035278,0.6284610033035278,0.0
Z10,2025-09-01 14:00:00,0,rider_shortage,alert_ops,0.6025115847587585,0.6025115847587585,0.0
Z05,2025-09-01 18:00:00,1,traffic,alert_ops,0.5273718237876892,0.5273718237876892,0.0
Z01,2025-09-01 19:00:00,0,rider_shortage,rebalance_riders,0.9096899032592773,0.37926873564720154,0.5304211676120758
Z02,2025-09-01 19:00:00,1,rider_shortage,rebalance_riders,0.9584141373634338,0.6846486926078796,0.2737654447555542
Z03,2025-09-01 19:00:00,1,traffic,reroute_traffic,0.9169820547103882,0.8373874425888062,0.07959461212158203
Z04,2025-09-01 19:00:00,1,rider_shortage,rebalance_riders,0.9771562814712524,0.8053269982337952,0.17182928323745728
Z05,2025-09-01 19:00:00,0,rider_shortage,rebalance_riders,0.9388089179992676,0.22519637644290924,0.7136125415563583
Z06,2025-09-01 19:00:00,0,rider_shortage,rebalance_riders,0.8845893740653992,0.2501596212387085,0.6344297528266907
Z07,2025-09-01 19:00:00,0,traffic,alert_ops,0.4537111222743988,0.4537111222743988,0.0
Z08,2025-09-01 19:00:00,0,rider_shortage,rebalance_riders,0.925216555595398,0.5308500528335571,0.3943665027618408
Z09,2025-09-01 19:00:00,1,traffic,reroute_traffic,0.7313162088394165,0.4730473756790161,0.2582688331604004
Z10,2025-09-01 19:00:00,1,traffic,reroute_traffic,0.7663088440895081,0.5698896050453186,0.19641923904418945
Z01,2025-09-01 20:00:00,1,rider_shortage,rebalance_riders,0.989863395690918,0.8576306700706482,0.13223272562026978
Z03,2025-09-01 20:00:00,1,rider_shortage,rebalance_riders,0.9596426486968994,0.7916144728660583,0.16802817583084106
Z04,2025-09-01 20:00:00,1,rider_shortage,rebalance_riders,0.9644981622695923,0.6964829564094543,0.26801520586013794
Z05,2025-09-01 20:00:00,1,rider_shortage,rebalance_riders,0.9880639910697937,0.6357267498970032,0.3523372411727905
Z06,2025-09-01 20:00:00,1,rider_shortage,rebalance_riders,0.9753317832946777,0.800550103187561,0.1747816801071167
Z07,2025-09-01 20:00:00,1,traffic,reroute_traffic,0.7892557382583618,0.5230296850204468,0.26622605323791504
Z08,2025-09-01 20:00:00,1,rider_shortage,rebalance_riders,0.8461028337478638,0.3696695566177368,0.47643327713012695
Z09,2025-09-01 20:00:00,1,rider_shortage,rebalance_riders,0.9455400109291077,0.6008601784706116,0.3446798324584961
Z10,2025-09-01 20:00:00,0,rider_shortage,alert_ops,0.6971448063850403,0.6971448063850403,0.0
Z01,2025-09-01 21:00:00,1,rider_shortage,alert_ops,0.45882657170295715,0.45882657170295715,0.0
Z03,2025-09-01 21:00:00,0,rider_shortage,rebalance_riders,0.8483585119247437,0.21183520555496216,0.6365233063697815
Z07,2025-09-01 21:00:00,0,rider_shortage,alert_ops,0.4582903981208801,0.4582903981208801,0.0
Z08,2025-09-01 21:00:00,0,rider_shortage,alert_ops,0.33719149231910706,0.33719149231910706,0.0
Z10,2025-09-01 21:00:00,0,rider_shortage,rebalance_riders,0.700350821018219,0.03467019647359848,0.6656806245446205
Z01,2025-09-01 22:00:00,0,rider_shortage,rebalance_riders,0.8543904423713684,0.2441439926624298,0.6102464497089386
Z02,2025-09-01 22:00:00,0,rider_shortage,rebalance_riders,0.7586385607719421,0.16249264776706696,0.5961459130048752
Z05,2025-09-01 22:00:00,1,rider_shortage,rebalance_riders,0.7385469675064087,0.033084750175476074,0.7054622173309326
Z06,2025-09-01 22:00:00,0,rider_shortage,alert_ops,0.5451194047927856,0.5451194047927856,0.0
Z07,2025-09-01 22:00:00,1,rider_shortage,rebalance_riders,0.7038841247558594,0.02661556378006935,0.67726856097579
Z08,2025-09-01 22:00:00,1,rider_shortage,alert_ops,0.6891762614250183,0.6891762614250183,0.0
Z01,2025-09-02 06:00:00,1,traffic,reroute_traffic,0.979740560054779,0.8524909615516663,0.1272495985031128
Z02,2025-09-02 06:00:00,1,traffic,reroute_traffic,0.7525428533554077,0.3073391616344452,0.4452036917209625
Z03,2025-09-02 06:00:00,0,traffic,reroute_traffic,0.9859630465507507,0.9437300562858582,0.04223299026489258
Z04,2025-09-02 06:00:00,1,traffic,reroute_traffic,0.9008366465568542,0.6546353101730347,0.24620133638381958
Z05,2025-09-02 06:00:00,1,traffic,reroute_traffic,0.9850420355796814,0.896888792514801,0.08815324306488037
Z06,2025-09-02 06:00:00,1,traffic,reroute_traffic,0.9885053038597107,0.9403157830238342,0.048189520835876465
Z07,2025-09-02 06:00:00,1,traffic,alert_ops,0.6614724397659302,0.6614724397659302,0.0
Z08,2025-09-02 06:00:00,0,traffic,reroute_traffic,0.707421064376831,0.3039829730987549,0.40343809127807617
Z09,2025-09-02 06:00:00,1,traffic,reroute_traffic,0.928170382976532,0.5794536471366882,0.34871673583984375
Z10,2025-09-02 06:00:00,0,traffic,reroute_traffic,0.8686730265617371,0.5434452891349792,0.3252277374267578
Z01,2025-09-02 08:00:00,0,traffic,alert_ops,0.5466758608818054,0.5466758608818054,0.0
Z02,2025-09-02 08:00:00,0,traffic,alert_ops,0.4315206706523895,0.4315206706523895,0.0
Z03,2025-09-02 08:00:00,1,traffic,reroute_traffic,0.9271253347396851,0.7851125001907349,0.1420128345489502
Z04,2025-09-02 08:00:00,1,traffic,reroute_traffic,0.7838534116744995,0.5134573578834534,0.27039605379104614
Z06,2025-09-02 08:00:00,1,traffic,reroute_traffic,0.70888352394104,0.526959240436554,0.18192428350448608
Z07,2025-09-02 08:00:00,1,rider_shortage,rebalance_riders,0.9688406586647034,0.12224334478378296,0.8465973138809204
Z08,2025-09-02 08:00:00,0,traffic,alert_ops,0.415134996175766,0.415134996175766,0.0
Z09,2025-09-02 08:00:00,1,traffic,alert_ops,0.6146013736724854,0.6146013736724854,0.0
Z10,2025-09-02 08:00:00,0,traffic,alert_ops,0.5225086212158203,0.5225086212158203,0.0
Z01,2025-09-02 09:00:00,1,traffic,reroute_traffic,0.9921884536743164,0.983256459236145,0.008931994438171387
Z02,2025-09-02 09:00:00,1,traffic,reroute_traffic,0.9806129336357117,0.9626578092575073,0.017955124378204346
Z03,2025-09-02 09:00:00,1,traffic,reroute_traffic,0.9718539714813232,0.8342372179031372,0.13761675357818604
Z04,2025-09-02 09:00:00,1,traffic,reroute_traffic,0.9812147617340088,0.9538449048995972,0.02736985683441162
Z05,2025-09-02 09:00:00,1,traffic,reroute_traffic,0.9699969291687012,0.726612389087677,0.24338454008102417
Z06,2025-09-02 09:00:00,1,traffic,reroute_traffic,0.9777163863182068,0.8626188039779663,0.11509758234024048
Z07,2025-09-02 09:00:00,0,traffic,reroute_traffic,0.9788047075271606,0.872054398059845,0.10675030946731567
Z08,2025-09-02 09:00:00,1,traffic,reroute_traffic,0.9918290972709656,0.9896507263183594,0.002178370952606201
Z09,2025-09-02 09:00:00,1,traffic,reroute_traffic,0.9653630256652832,0.8981309533119202,0.06723207235336304
Z10,2025-09-02 09:00:00,1,traffic,reroute_traffic,0.9899472594261169,0.9748649001121521,0.015082359313964844
Z02,2025-09-02 10:00:00,1,traffic,reroute_traffic,0.9145883321762085,0.7585625648498535,0.15602576732635498
Z05,2025-09-02 10:00:00,0,traffic,alert_ops,0.463304340839386,0.463304340839386,0.0
Z10,2025-09-02 10:00:00,1,traffic,reroute_traffic,0.7692859768867493,0.5046736001968384,0.2646123766899109
Z01,2025-09-02 12:00:00,1,rider_shortage,rebalance_riders,0.9936736822128296,0.9642565846443176,0.029417097568511963
Z02,2025-09-02 12:00:00,1,rider_shortage,rebalance_riders,0.9947869777679443,0.9756551384925842,0.019131839275360107
Z03,2025-09-02 12:00:00,1,rider_shortage,rebalance_riders,0.986171305179596,0.9296024441719055,0.05656886100769043
Z04,2025-09-02 12:00:00,1,rider_shortage,rebalance_riders,0.9936718940734863,0.978985071182251,0.014686822891235352
Z05,2025-09-02 12:00:00,1,traffic,reroute_traffic,0.9910575151443481,0.9734428524971008,0.017614662647247314
Z06,2025-09-02 12:00:00,1,rider_shortage,rebalance_riders,0.995124876499176,0.9944221377372742,0.0007027387619018555
Z07,2025-09-02 12:00:00,1,rider_shortage,rebalance_riders,0.9946911931037903,0.9403281211853027,0.05436307191848755
Z08,2025-09-02 12:00:00,1,rider_shortage,rebalance_riders,0.9941613078117371,0.9879783391952515,0.006182968616485596
Z09,2025-09-02 12:00:00,1,rider_shortage,rebalance_riders,0.990073561668396,0.9534731507301331,0.03660041093826294
Z10,2025-09-02 12:00:00,1,rider_shortage,rebalance_riders,0.9919354915618896,0.835068941116333,0.15686655044555664
Z01,2025-09-02 13:00:00,0,rider_shortage,rebalance_riders,0.8582006692886353,0.15706150233745575,0.7011391669511795
Z02,2025-09-02 13:00:00,0,rider_shortage,alert_ops,0.5838332176208496,0.5838332176208496,0.0
Z03,2025-09-02 13:00:00,1,rider_shortage,rebalance_riders,0.9601376056671143,0.6687438488006592,0.2913937568664551
Z04,2025-09-02 13:00:00,1,rider_shortage,rebalance_riders,0.9891123175621033,0.788865327835083,0.20024698972702026
Z05,2025-09-02 13:00:00,0,rider_shortage,rebalance_riders,0.8414273262023926,0.02998698502779007,0.8114403411746025
Z06,2025-09-02 13:00:00,1,rider_shortage,rebalance_riders,0.9086558222770691,0.305502712726593,0.6031531095504761
Z07,2025-09-02 13:00:00,1,rider_shortage,rebalance_riders,0.9842117428779602,0.2546429932117462,0.729568749666214
Z08,2025-09-02 13:00:00,1,rider_shortage,rebalance_riders,0.9425202012062073,0.3705947697162628,0.5719254314899445
Z09,2025-09-02 13:00:00,1,rider_shortage,rebalance_riders,0.9752058982849121,0.6719384789466858,0.3032674193382263
Z10,2025-09-02 13:00:00,1,rider_shortage,rebalance_riders,0.9695014953613281,0.6278215646743774,0.3416799306869507
Z01,2025-09-02 14:00:00,1,rider_shortage,rebalance_riders,0.9948864579200745,0.9937547445297241,0.0011317133903503418
Z02,2025-09-02 14:00:00,1,rider_shortage,rebalance_riders,0.9948864579200745,0.994252622127533,0.0006338357925415039
Z03,2025-09-02 14:00:00,1,rider_shortage,rebalance_riders,0.9946224689483643,0.9936594367027283,0.0009630322456359863
Z04,2025-09-02 14:00:00,1,traffic,reroute_traffic,0.9941260814666748,0.9899774789810181,0.004148602485656738
Z05,2025-09-02 14:00:00,1,rider_shortage,rebalance_riders,0.9946131110191345,0.9929348826408386,0.0016782283782958984
Z06,2025-09-02 14:00:00,1,rider_shortage,rebalance_riders,0.9948527216911316,0.9948527216911316,0.0
Z07,2025-09-02 14:00:00,1,traffic,reroute_traffic,0.9884440302848816,0.9782422184944153,0.010201811790466309
Z08,2025-09-02 14:00:00,1,rider_shortage,rebalance_riders,0.9948527216911316,0.9939458966255188,0.000906825065612793
Z09,2025-09-02 14:00:00,1,rider_shortage,rebalance_riders,0.9946131110191345,0.9928712248802185,0.0017418861389160156
Z10,2025-09-02 14:00:00,1,rider_shortage,rebalance_riders,0.9946138262748718,0.9893110990524292,0.005302727222442627
Z01,2025-09-02 15:00:00,1,traffic,alert_ops,0.5262644290924072,0.5262644290924072,0.0
Z03,2025-09-02 15:00:00,0,traffic,alert_ops,0.43848493695259094,0.43848493695259094,0.0
Z04,2025-09-02 15:00:00,0,traffic,alert_ops,0.4979660212993622,0.4979660212993622,0.0
Z08,2025-09-02 15:00:00,0,traffic,alert_ops,0.6441887021064758,0.6441887021064758,0.0
Z10,2025-09-02 15:00:00,0,traffic,alert_ops,0.5159593224525452,0.5159593224525452,0.0
Z01,2025-09-02 16:00:00,0,traffic,alert_ops,0.5789105296134949,0.5789105296134949,0.0
Z03,2025-09-02 16:00:00,0,traffic,alert_ops,0.601667582988739,0.601667582988739,0.0
Z04,2025-09-02 16:00:00,0,traffic,alert_ops,0.3196883499622345,0.3196883499622345,0.0
Z05,2025-09-02 16:00:00,0,traffic,alert_ops,0.6476709842681885,0.6476709842681885,0.0
Z06,2025-09-02 16:00:00,1,traffic,reroute_traffic,0.7871025204658508,0.3923218250274658,0.394780695438385
Z08,2025-09-02 16:00:00,1,traffic,reroute_traffic,0.7790162563323975,0.41403764486312866,0.3649786114692688
Z09,2025-09-02 16:00:00,1,traffic,alert_ops,0.5046218633651733,0.5046218633651733,0.0
Z10,2025-09-02 16:00:00,1,traffic,reroute_traffic,0.739091694355011,0.3075321614742279,0.4315595328807831
Z01,2025-09-02 17:00:00,0,traffic,reroute_traffic,0.8174251914024353,0.5973093509674072,0.22011584043502808
Z02,2025-09-02 17:00:00,1,traffic,reroute_traffic,0.9080491662025452,0.7101969718933105,0.19785219430923462
Z03,2025-09-02 17:00:00,0,traffic,alert_ops,0.554507851600647,0.554507851600647,0.0
Z04,2025-09-02 17:00:00,0,traffic,reroute_traffic,0.9355412125587463,0.8228935599327087,0.1126476526260376
Z05,2025-09-02 17:00:00,1,traffic,reroute_traffic,0.9523196816444397,0.8020445704460144,0.1502751111984253
Z06,2025-09-02 17:00:00,1,traffic,reroute_traffic,0.9875850677490234,0.9515845775604248,0.03600049018859863
Z07,2025-09-02 17:00:00,1,traffic,reroute_traffic,0.9499564170837402,0.8172211050987244,0.13273531198501587
Z08,2025-09-02 17:00:00,1,traffic,reroute_traffic,0.8392069935798645,0.6548588275909424,0.18434816598892212
Z09,2025-09-02 17:00:00,0,traffic,reroute_traffic,0.8620414137840271,0.7554568648338318,0.10658454895019531
Z10,2025-09-02 17:00:00,1,traffic,alert_ops,0.6929684281349182,0.6929684281349182,0.0
Z01,2025-09-02 18:00:00,0,traffic,alert_ops,0.39311274886131287,0.39311274886131287,0.0
Z02,2025-09-02 18:00:00,0,traffic,alert_ops,0.5848278999328613,0.5848278999328613,0.0
Z03,2025-09-02 18:00:00,1,traffic,reroute_traffic,0.9786240458488464,0.8968016505241394,0.08182239532470703
Z04,2025-09-02 18:00:00,0,traffic,alert_ops,0.32405415177345276,0.32405415177345276,0.0
Z05,2025-09-02 18:00:00,1,traffic,alert_ops,0.6043896675109863,0.6043896675109863,0.0
Z06,2025-09-02 18:00:00,1,traffic,alert_ops,0.4593229293823242,0.4593229293823242,0.0
Z07,2025-09-02 18:00:00,0,traffic,alert_ops,0.3631265461444855,0.3631265461444855,0.0
Z08,2025-09-02 18:00:00,0,traffic,alert_ops,0.3247566819190979,0.3247566819190979,0.0
Z09,2025-09-02 18:00:00,0,traffic,alert_ops,0.37977808713912964,0.37977808713912964,0.0
Z10,2025-09-02 18:00:00,1,traffic,alert_ops,0.3991452157497406,0.3991452157497406,0.0
Z01,2025-09-02 19:00:00,1,rider_shortage,rebalance_riders,0.995169460773468,0.994941771030426,0.0002276897430419922
Z02,2025-09-02 19:00:00,1,rider_shortage,rebalance_riders,0.995169460773468,0.9945705533027649,0.000598907470703125
Z03,2025-09-02 19:00:00,1,rider_shortage,rebalance_riders,0.995169460773468,0.9949571490287781,0.0002123117446899414
Z04,2025-09-02 19:00:00,1,rider_shortage,rebalance_riders,0.995169460773468,0.995164155960083,5.304813385009766e-06
Z05,2025-09-02 19:00:00,1,rider_shortage,rebalance_riders,0.995169460773468,0.994046688079834,0.0011227726936340332
Z06,2025-09-02 19:00:00,1,rider_shortage,rebalance_riders,0.995169460773468,0.9947890043258667,0.00038045644760131836
Z07,2025-09-02 19:00:00,1,rider_shortage,rebalance_riders,0.995169460773468,0.9916613101959229,0.003508150577545166
Z08,2025-09-02 19:00:00,1,rider_shortage,rebalance_riders,0.9951733946800232,0.994269609451294,0.000903785228729248
Z09,2025-09-02 19:00:00,1,rider_shortage,rebalance_riders,0.995169460773468,0.9945454597473145,0.0006240010261535645
Z10,2025-09-02 19:00:00,1,rider_shortage,rebalance_riders,0.995169460773468,0.995169460773468,0.0
Z01,2025-09-02 20:00:00,1,traffic,reroute_traffic,0.9019575119018555,0.7108346223831177,0.1911228895187378
Z02,2025-09-02 20:00:00,1,rider_shortage,rebalance_riders,0.9907338619232178,0.9228087067604065,0.06792515516281128
Z03,2025-09-02 20:00:00,1,rider_shortage,rebalance_riders,0.9879014492034912,0.9456514120101929,0.04225003719329834
Z04,2025-09-02 20:00:00,1,rider_shortage,rebalance_riders,0.9748415350914001,0.7082905173301697,0.26655101776123047
Z05,2025-09-02 20:00:00,1,rider_shortage,rebalance_riders,0.9923301339149475,0.8803468942642212,0.11198323965072632
Z06,2025-09-02 20:00:00,0,rider_shortage,rebalance_riders,0.973391056060791,0.7591521143913269,0.2142389416694641
Z07,2025-09-02 20:00:00,1,rider_shortage,rebalance_riders,0.9830969572067261,0.5487330555915833,0.4343639016151428
Z08,2025-09-02 20:00:00,1,rider_shortage,rebalance_riders,0.9816793203353882,0.8103874921798706,0.17129182815551758
Z09,2025-09-02 20:00:00,1,rider_shortage,rebalance_riders,0.9914074540138245,0.9440844058990479,0.04732304811477661
Z10,2025-09-02 20:00:00,1,traffic,reroute_traffic,0.8884671330451965,0.7993641495704651,0.08910298347473145
Z01,2025-09-02 21:00:00,1,rider_shortage,rebalance_riders,0.8731603622436523,0.18525205552577972,0.6879083067178726
Z02,2025-09-02 21:00:00,0,rider_shortage,rebalance_riders,0.956030011177063,0.7600679993629456,0.19596201181411743
Z03,2025-09-02 21:00:00,1,rider_shortage,rebalance_riders,0.9903154969215393,0.9321664571762085,0.05814903974533081
Z04,2025-09-02 21:00:00,1,rider_shortage,alert_ops,0.5369061827659607,0.5369061827659607,0.0
Z05,2025-09-02 21:00:00,1,rider_shortage,rebalance_riders,0.9941585063934326,0.9742120504379272,0.01994645595550537
Z06,2025-09-02 21:00:00,1,rider_shortage,rebalance_riders,0.99446702003479,0.99446702003479,0.0
Z07,2025-09-02 21:00:00,1,rider_shortage,rebalance_riders,0.9875096678733826,0.5066887736320496,0.480820894241333
Z08,2025-09-02 21:00:00,1,rider_shortage,rebalance_riders,0.9928174018859863,0.9655964970588684,0.02722090482711792
Z09,2025-09-02 21:00:00,1,rider_shortage,rebalance_riders,0.9768568873405457,0.7494731545448303,0.22738373279571533
Z10,2025-09-02 21:00:00,1,rider_shortage,rebalance_riders,0.9529780149459839,0.48004040122032166,0.47293761372566223
Z01,2025-09-02 22:00:00,1,rider_shortage,rebalance_riders,0.995169460773468,0.9946292042732239,0.0005402565002441406
Z02,2025-09-02 22:00:00,1,rider_shortage,rebalance_riders,0.995124876499176,0.9937896132469177,0.0013352632522583008
Z03,2025-09-02 22:00:00,1,rider_shortage,rebalance_riders,0.9946288466453552,0.9946288466453552,0.0
Z04,2025-09-02 22:00:00,1,rider_shortage,rebalance_riders,0.9947249293327332,0.9947249293327332,0.0
Z05,2025-09-02 22:00:00,1,rider_shortage,rebalance_riders,0.995169460773468,0.9946358799934387,0.0005335807800292969
Z06,2025-09-02 22:00:00,1,rider_shortage,rebalance_riders,0.995169460773468,0.9936908483505249,0.0014786124229431152
Z07,2025-09-02 22:00:00,1,rider_shortage,rebalance_riders,0.995169460773468,0.9940107464790344,0.0011587142944335938
Z08,2025-09-02 22:00:00,1,rider_shortage,rebalance_riders,0.9951375126838684,0.9940949082374573,0.0010426044464111328
Z09,2025-09-02 22:00:00,1,rider_shortage,rebalance_riders,0.9951375126838684,0.9947848916053772,0.00035262107849121094
Z10,2025-09-02 22:00:00,1,rider_shortage,rebalance_riders,0.9947794675827026,0.9903059005737305,0.004473567008972168
Z01,2025-09-02 23:00:00,1,traffic,reroute_traffic,0.9838215708732605,0.8661336302757263,0.11768794059753418
Z02,2025-09-02 23:00:00,1,traffic,reroute_traffic,0.9917382597923279,0.9656110405921936,0.026127219200134277
Z03,2025-09-02 23:00:00,0,traffic,reroute_traffic,0.9870124459266663,0.9396623373031616,0.04735010862350464
Z04,2025-09-02 23:00:00,0,traffic,reroute_traffic,0.9172645211219788,0.5825453996658325,0.33471912145614624
Z05,2025-09-02 23:00:00,1,traffic,reroute_traffic,0.9880099892616272,0.914179801940918,0.07383018732070923
Z06,2025-09-02 23:00:00,1,traffic,reroute_traffic,0.9729495048522949,0.8616593480110168,0.11129015684127808
Z07,2025-09-02 23:00:00,1,traffic,reroute_traffic,0.9899947643280029,0.9056905508041382,0.08430421352386475
Z08,2025-09-02 23:00:00,1,traffic,reroute_traffic,0.9266795516014099,0.6635223031044006,0.2631572484970093
Z09,2025-09-02 23:00:00,1,traffic,reroute_traffic,0.9601903557777405,0.8370881676673889,0.12310218811035156
Z10,2025-09-02 23:00:00,1,traffic,reroute_traffic,0.9936643838882446,0.9869139790534973,0.0067504048347473145
Z05,2025-09-03 07:00:00,1,rider_shortage,alert_ops,0.4093577563762665,0.4093577563762665,0.0
Z03,2025-09-03 08:00:00,0,traffic,alert_ops,0.3038654625415802,0.3038654625415802,0.0
Z07,2025-09-03 08:00:00,0,traffic,alert_ops,0.4554935693740845,0.4554935693740845,0.0
Z08,2025-09-03 08:00:00,1,traffic,alert_ops,0.3407193422317505,0.3407193422317505,0.0
Z03,2025-09-03 09:00:00,0,traffic,alert_ops,0.5227036476135254,0.5227036476135254,0.0
Z04,2025-09-03 09:00:00,1,traffic,alert_ops,0.6429904699325562,0.6429904699325562,0.0
Z05,2025-09-03 09:00:00,0,traffic,alert_ops,0.4334360957145691,0.4334360957145691,0.0
Z06,2025-09-03 09:00:00,0,traffic,alert_ops,0.3555876314640045,0.3555876314640045,0.0
Z07,2025-09-03 09:00:00,0,traffic,alert_ops,0.3419204354286194,0.3419204354286194,0.0
Z09,2025-09-03 09:00:00,0,traffic,alert_ops,0.5882346034049988,0.5882346034049988,0.0
Z10,2025-09-03 09:00:00,1,traffic,reroute_traffic,0.7003271579742432,0.516501784324646,0.18382537364959717
Z05,2025-09-03 10:00:00,1,traffic,reroute_traffic,0.7106837034225464,0.35036012530326843,0.36032357811927795
Z02,2025-09-03 12:00:00,0,rider_shortage,alert_ops,0.4887586534023285,0.4887586534023285,0.0
Z05,2025-09-03 12:00:00,1,rider_shortage,alert_ops,0.4023963212966919,0.4023963212966919,0.0
Z07,2025-09-03 12:00:00,0,rider_shortage,alert_ops,0.5901393890380859,0.5901393890380859,0.0
Z10,2025-09-03 12:00:00,0,rider_shortage,alert_ops,0.376995325088501,0.376995325088501,0.0
Z01,2025-09-03 13:00:00,0,rider_shortage,alert_ops,0.6002203226089478,0.6002203226089478,0.0
Z03,2025-09-03 13:00:00,0,rider_shortage,alert_ops,0.3345140814781189,0.3345140814781189,0.0
Z04,2025-09-03 13:00:00,1,rider_shortage,rebalance_riders,0.9617027640342712,0.2829395532608032,0.678763210773468
Z07,2025-09-03 13:00:00,0,rider_shortage,alert_ops,0.30938413739204407,0.30938413739204407,0.0
Z09,2025-09-03 13:00:00,0,rider_shortage,alert_ops,0.460257351398468,0.460257351398468,0.0
Z05,2025-09-03 14:00:00,0,rider_shortage,alert_ops,0.38648900389671326,0.38648900389671326,0.0
Z07,2025-09-03 14:00:00,1,rider_shortage,rebalance_riders,0.7969624400138855,0.02206772193312645,0.774894718080759
Z01,2025-09-03 19:00:00,1,rider_shortage,rebalance_riders,0.9787468314170837,0.7826259732246399,0.19612085819244385
Z02,2025-09-03 19:00:00,1,rider_shortage,rebalance_riders,0.9824792146682739,0.8882047533988953,0.09427446126937866
Z03,2025-09-03 19:00:00,1,traffic,reroute_traffic,0.8040469884872437,0.6322306394577026,0.17181634902954102
Z04,2025-09-03 19:00:00,1,rider_shortage,rebalance_riders,0.974155068397522,0.7573041915893555,0.2168508768081665
Z05,2025-09-03 19:00:00,1,traffic,reroute_traffic,0.786722719669342,0.5422594547271729,0.2444632649421692
Z06,2025-09-03 19:00:00,1,traffic,reroute_traffic,0.7074969410896301,0.47174185514450073,0.2357550859451294
Z07,2025-09-03 19:00:00,0,rider_shortage,rebalance_riders,0.9527308940887451,0.24708817899227142,0.7056427150964737
Z08,2025-09-03 19:00:00,1,traffic,reroute_traffic,0.8208258748054504,0.6415336728096008,0.1792922019958496
Z09,2025-09-03 19:00:00,1,traffic,reroute_traffic,0.7677900195121765,0.5676450729370117,0.2001449465751648
Z10,2025-09-03 19:00:00,1,rider_shortage,rebalance_riders,0.9430224299430847,0.3601275384426117,0.582894891500473
Z01,2025-09-03 20:00:00,1,traffic,reroute_traffic,0.9538530111312866,0.8342393040657043,0.11961370706558228
Z02,2025-09-03 20:00:00,1,traffic,reroute_traffic,0.8410562872886658,0.697270929813385,0.14378535747528076
Z03,2025-09-03 20:00:00,1,rider_shortage,rebalance_riders,0.9710270762443542,0.8231470584869385,0.14788001775741577
Z04,2025-09-03 20:00:00,1,rider_shortage,rebalance_riders,0.9602367281913757,0.7142570614814758,0.2459796667098999
Z05,2025-09-03 20:00:00,1,traffic,reroute_traffic,0.9024252891540527,0.7341415286064148,0.16828376054763794
Z06,2025-09-03 20:00:00,0,traffic,alert_ops,0.41704192757606506,0.41704192757606506,0.0
Z07,2025-09-03 20:00:00,1,rider_shortage,rebalance_riders,0.9454984664916992,0.18788085877895355,0.7576176077127457
Z08,2025-09-03 20:00:00,1,rider_shortage,rebalance_riders,0.941532552242279,0.6364107728004456,0.3051217794418335
Z09,2025-09-03 20:00:00,0,traffic,reroute_traffic,0.8247466683387756,0.6446258425712585,0.1801208257675171
Z10,2025-09-03 20:00:00,0,rider_shortage,rebalance_riders,0.9693846702575684,0.5988359451293945,0.37054872512817383
Z01,2025-09-03 21:00:00,0,rider_shortage,alert_ops,0.4971008002758026,0.4971008002758026,0.0
Z02,2025-09-03 21:00:00,1,rider_shortage,rebalance_riders,0.8376659750938416,0.14806342124938965,0.6896025538444519
Z03,2025-09-03 21:00:00,0,rider_shortage,alert_ops,0.5277027487754822,0.5277027487754822,0.0
Z04,2025-09-03 21:00:00,1,rider_shortage,rebalance_riders,0.7496567964553833,0.12649494409561157,0.6231618523597717
Z05,2025-09-03 21:00:00,1,rider_shortage,rebalance_riders,0.9253908395767212,0.0900794267654419,0.8353114128112793
Z08,2025-09-03 21:00:00,1,rider_shortage,rebalance_riders,0.890077531337738,0.25759902596473694,0.6324785053730011
Z09,2025-09-03 21:00:00,1,rider_shortage,rebalance_riders,0.8567174673080444,0.15093138813972473,0.7057860791683197
Z10,2025-09-03 21:00:00,1,rider_shortage,rebalance_riders,0.9278684258460999,0.1932058185338974,0.7346626073122025
Z02,2025-09-03 22:00:00,1,rider_shortage,rebalance_riders,0.9068562388420105,0.38853782415390015,0.5183184146881104
Z03,2025-09-03 22:00:00,0,rider_shortage,alert_ops,0.6233746409416199,0.6233746409416199,0.0
Z04,2025-09-03 22:00:00,1,rider_shortage,alert_ops,0.694000244140625,0.694000244140625,0.0
Z05,2025-09-03 22:00:00,0,rider_shortage,alert_ops,0.5010784864425659,0.5010784864425659,0.0
Z06,2025-09-03 22:00:00,0,rider_shortage,alert_ops,0.519119143486023,0.519119143486023,0.0
Z07,2025-09-03 22:00:00,1,rider_shortage,rebalance_riders,0.8924218416213989,0.05692371726036072,0.8354981243610382
Z08,2025-09-03 22:00:00,1,rider_shortage,rebalance_riders,0.9801841378211975,0.7183170318603516,0.26186710596084595
Z10,2025-09-03 22:00:00,1,rider_shortage,rebalance_riders,0.9033860564231873,0.17570936679840088,0.7276766896247864
Z04,2025-09-04 08:00:00,0,traffic,alert_ops,0.6435115337371826,0.6435115337371826,0.0
Z05,2025-09-04 08:00:00,0,rider_shortage,rebalance_riders,0.7919577360153198,0.08461826294660568,0.7073394730687141
Z08,2025-09-04 08:00:00,0,traffic,alert_ops,0.34311577677726746,0.34311577677726746,0.0
Z03,2025-09-04 09:00:00,0,traffic,alert_ops,0.6325916647911072,0.6325916647911072,0.0
Z05,2025-09-04 09:00:00,1,traffic,reroute_traffic,0.7980254292488098,0.4817206859588623,0.3163047432899475
Z07,2025-09-04 09:00:00,1,rider_shortage,rebalance_riders,0.916886568069458,0.0923730880022049,0.8245134800672531
Z05,2025-09-04 10:00:00,1,traffic,alert_ops,0.6337323784828186,0.6337323784828186,0.0
Z08,2025-09-04 12:00:00,0,rider_shortage,rebalance_riders,0.7722836136817932,0.09419568628072739,0.6780879274010658
Z09,2025-09-04 12:00:00,1,rider_shortage,alert_ops,0.48586297035217285,0.48586297035217285,0.0
Z10,2025-09-04 12:00:00,0,rider_shortage,alert_ops,0.6487520337104797,0.6487520337104797,0.0
Z04,2025-09-04 13:00:00,0,rider_shortage,alert_ops,0.35810524225234985,0.35810524225234985,0.0
Z05,2025-09-04 13:00:00,0,rider_shortage,alert_ops,0.4505043923854828,0.4505043923854828,0.0
Z10,2025-09-04 13:00:00,1,rider_shortage,alert_ops,0.6331753134727478,0.6331753134727478,0.0
Z07,2025-09-04 14:00:00,0,rider_shortage,alert_ops,0.3595908582210541,0.3595908582210541,0.0
Z08,2025-09-04 14:00:00,0,rider_shortage,alert_ops,0.4979596436023712,0.4979596436023712,0.0
Z09,2025-09-04 14:00:00,0,rider_shortage,alert_ops,0.4633098244667053,0.4633098244667053,0.0
Z01,2025-09-04 17:00:00,0,traffic,alert_ops,0.6974814534187317,0.6974814534187317,0.0
Z06,2025-09-04 17:00:00,1,traffic,alert_ops,0.5913611054420471,0.5913611054420471,0.0
Z01,2025-09-04 19:00:00,1,rider_shortage,rebalance_riders,0.9886957406997681,0.7456358671188354,0.24305987358093262
Z02,2025-09-04 19:00:00,1,rider_shortage,rebalance_riders,0.9065178632736206,0.5217052102088928,0.3848126530647278
Z03,2025-09-04 19:00:00,1,rider_shortage,rebalance_riders,0.9838776588439941,0.9146237373352051,0.06925392150878906
Z04,2025-09-04 19:00:00,1,rider_shortage,rebalance_riders,0.9730620384216309,0.6351542472839355,0.3379077911376953
Z05,2025-09-04 19:00:00,1,rider_shortage,rebalance_riders,0.9735259413719177,0.3728755712509155,0.6006503701210022
Z06,2025-09-04 19:00:00,1,rider_shortage,rebalance_riders,0.9713107943534851,0.6929852366447449,0.27832555770874023
Z07,2025-09-04 19:00:00,1,traffic,reroute_traffic,0.9384698867797852,0.8511790037155151,0.08729088306427002
Z08,2025-09-04 19:00:00,1,rider_shortage,rebalance_riders,0.9038978815078735,0.47670984268188477,0.42718803882598877
Z09,2025-09-04 19:00:00,1,rider_shortage,rebalance_riders,0.9349760413169861,0.5881677269935608,0.3468083143234253
Z10,2025-09-04 19:00:00,1,traffic,reroute_traffic,0.9166154265403748,0.7750313878059387,0.14158403873443604
Z01,2025-09-04 20:00:00,1,rider_shortage,rebalance_riders,0.9277424216270447,0.43125855922698975,0.49648386240005493
Z02,2025-09-04 20:00:00,0,traffic,reroute_traffic,0.7664211988449097,0.5104222297668457,0.25599896907806396
Z03,2025-09-04 20:00:00,1,rider_shortage,rebalance_riders,0.9143214821815491,0.5616739392280579,0.3526475429534912
Z04,2025-09-04 20:00:00,1,rider_shortage,rebalance_riders,0.9933788776397705,0.9399609565734863,0.05341792106628418
Z05,2025-09-04 20:00:00,1,rider_shortage,rebalance_riders,0.9844335317611694,0.6688673496246338,0.31556618213653564
Z06,2025-09-04 20:00:00,1,rider_shortage,rebalance_riders,0.9857603907585144,0.7058777809143066,0.27988260984420776
Z07,2025-09-04 20:00:00,0,traffic,alert_ops,0.4460068345069885,0.4460068345069885,0.0
Z08,2025-09-04 20:00:00,1,traffic,reroute_traffic,0.8384109139442444,0.6311420798301697,0.2072688341140747
Z09,2025-09-04 20:00:00,1,rider_shortage,rebalance_riders,0.9470192193984985,0.678382396697998,0.2686368227005005
Z10,2025-09-04 20:00:00,0,rider_shortage,alert_ops,0.6960885524749756,0.6960885524749756,0.0
Z03,2025-09-04 21:00:00,1,rider_shortage,rebalance_riders,0.7702692747116089,0.20514686405658722,0.5651224106550217
Z05,2025-09-04 21:00:00,0,rider_shortage,alert_ops,0.5716930031776428,0.5716930031776428,0.0
Z07,2025-09-04 21:00:00,1,rider_shortage,rebalance_riders,0.9214041233062744,0.05303039774298668,0.8683737255632877
Z08,2025-09-04 21:00:00,0,rider_shortage,alert_ops,0.48172450065612793,0.48172450065612793,0.0
Z09,2025-09-04 21:00:00,0,rider_shortage,alert_ops,0.508866548538208,0.508866548538208,0.0
Z10,2025-09-04 21:00:00,0,rider_shortage,alert_ops,0.4136313199996948,0.4136313199996948,0.0
Z01,2025-09-04 22:00:00,0,rider_shortage,alert_ops,0.44753319025039673,0.44753319025039673,0.0
Z02,2025-09-04 22:00:00,0,rider_shortage,alert_ops,0.31773263216018677,0.31773263216018677,0.0
Z03,2025-09-04 22:00:00,0,rider_shortage,alert_ops,0.38729971647262573,0.38729971647262573,0.0
Z04,2025-09-04 22:00:00,1,rider_shortage,rebalance_riders,0.8682664036750793,0.17535023391246796,0.6929161697626114
Z07,2025-09-04 22:00:00,0,rider_shortage,rebalance_riders,0.8717634081840515,0.05509831756353378,0.8166650906205177
Z08,2025-09-04 22:00:00,0,rider_shortage,alert_ops,0.5874351263046265,0.5874351263046265,0.0
Z09,2025-09-04 22:00:00,0,rider_shortage,alert_ops,0.5128766894340515,0.5128766894340515,0.0
Z10,2025-09-04 22:00:00,1,rider_shortage,rebalance_riders,0.9756449460983276,0.39166519045829773,0.5839797556400299
Z02,2025-09-05 07:00:00,1,rider_shortage,rebalance_riders,0.7656720280647278,0.07716117799282074,0.688510850071907
Z05,2025-09-05 07:00:00,0,rider_shortage,alert_ops,0.35985255241394043,0.35985255241394043,0.0
Z01,2025-09-05 08:00:00,0,traffic,reroute_traffic,0.7468657493591309,0.5035914182662964,0.24327433109283447
Z03,2025-09-05 08:00:00,1,traffic,alert_ops,0.44904249906539917,0.44904249906539917,0.0
Z06,2025-09-05 08:00:00,1,traffic,reroute_traffic,0.7430186867713928,0.4681425988674164,0.27487608790397644
Z07,2025-09-05 08:00:00,0,traffic,alert_ops,0.6303103566169739,0.6303103566169739,0.0
Z08,2025-09-05 08:00:00,1,traffic,alert_ops,0.3221735656261444,0.3221735656261444,0.0
Z10,2025-09-05 08:00:00,1,traffic,reroute_traffic,0.7614564895629883,0.5759446024894714,0.18551188707351685
Z01,2025-09-05 09:00:00,1,traffic,reroute_traffic,0.8296413421630859,0.6250912547111511,0.20455008745193481
Z03,2025-09-05 09:00:00,1,rider_shortage,rebalance_riders,0.898129940032959,0.4726255238056183,0.4255044162273407
Z05,2025-09-05 09:00:00,1,rider_shortage,rebalance_riders,0.8089609742164612,0.06366971135139465,0.7452912628650665
Z08,2025-09-05 09:00:00,0,traffic,reroute_traffic,0.79432612657547,0.5264461040496826,0.26788002252578735
Z03,2025-09-05 12:00:00,0,rider_shortage,alert_ops,0.4666910767555237,0.4666910767555237,0.0
Z06,2025-09-05 12:00:00,0,rider_shortage,alert_ops,0.681873619556427,0.681873619556427,0.0
Z07,2025-09-05 12:00:00,1,rider_shortage,alert_ops,0.5072741508483887,0.5072741508483887,0.0
Z10,2025-09-05 12:00:00,0,rider_shortage,alert_ops,0.5071927905082703,0.5071927905082703,0.0
Z05,2025-09-05 13:00:00,1,rider_shortage,alert_ops,0.44455862045288086,0.44455862045288086,0.0
Z09,2025-09-05 13:00:00,0,rider_shortage,alert_ops,0.6478567719459534,0.6478567719459534,0.0
Z09,2025-09-05 14:00:00,0,rider_shortage,alert_ops,0.5730065703392029,0.5730065703392029,0.0
Z07,2025-09-05 17:00:00,0,traffic,reroute_traffic,0.7018256187438965,0.4538778066635132,0.2479478120803833
Z05,2025-09-05 18:00:00,0,traffic,alert_ops,0.5304077863693237,0.5304077863693237,0.0
Z01,2025-09-05 19:00:00,1,rider_shortage,rebalance_riders,0.9718519449234009,0.6556255221366882,0.31622642278671265
Z02,2025-09-05 19:00:00,1,rider_shortage,rebalance_riders,0.9900746941566467,0.925241231918335,0.06483346223831177
Z03,2025-09-05 19:00:00,0,traffic,alert_ops,0.5634408593177795,0.5634408593177795,0.0
Z04,2025-09-05 19:00:00,1,rider_shortage,rebalance_riders,0.7400667667388916,0.07330423593521118,0.6667625308036804
Z05,2025-09-05 19:00:00,1,traffic,reroute_traffic,0.793217658996582,0.5707362294197083,0.22248142957687378
Z07,2025-09-05 19:00:00,0,rider_shortage,rebalance_riders,0.8198737502098083,0.05977943539619446,0.7600943148136139
Z08,2025-09-05 19:00:00,1,rider_shortage,rebalance_riders,0.9661129713058472,0.690732479095459,0.2753804922103882
Z09,2025-09-05 19:00:00,1,traffic,reroute_traffic,0.7855086326599121,0.5485563278198242,0.2369523048400879
Z10,2025-09-05 19:00:00,1,rider_shortage,rebalance_riders,0.9901099801063538,0.8357229232788086,0.15438705682754517
Z01,2025-09-05 20:00:00,1,rider_shortage,rebalance_riders,0.9729393124580383,0.6555662751197815,0.31737303733825684
Z02,2025-09-05 20:00:00,1,rider_shortage,rebalance_riders,0.9342994689941406,0.6175970435142517,0.3167024254798889
Z03,2025-09-05 20:00:00,0,rider_shortage,rebalance_riders,0.8765575289726257,0.5452179908752441,0.3313395380973816
Z04,2025-09-05 20:00:00,1,rider_shortage,rebalance_riders,0.9767369031906128,0.831216037273407,0.1455208659172058
Z05,2025-09-05 20:00:00,0,traffic,alert_ops,0.6696924567222595,0.6696924567222595,0.0
Z07,2025-09-05 20:00:00,0,traffic,reroute_traffic,0.7358109951019287,0.46341046690940857,0.27240052819252014
Z08,2025-09-05 20:00:00,0,traffic,reroute_traffic,0.7595911622047424,0.5117589831352234,0.24783217906951904
Z09,2025-09-05 20:00:00,0,traffic,reroute_traffic,0.793691098690033,0.5484585165977478,0.24523258209228516
Z10,2025-09-05 20:00:00,1,rider_shortage,rebalance_riders,0.9905948638916016,0.8268253803253174,0.16376948356628418
Z01,2025-09-05 21:00:00,0,rider_shortage,alert_ops,0.5063878893852234,0.5063878893852234,0.0
Z02,2025-09-05 21:00:00,0,rider_shortage,rebalance_riders,0.7363855242729187,0.20524749159812927,0.5311380326747894
Z03,2025-09-05 21:00:00,0,rider_shortage,alert_ops,0.4365963339805603,0.4365963339805603,0.0
Z04,2025-09-05 21:00:00,0,rider_shortage,alert_ops,0.6286301612854004,0.6286301612854004,0.0
Z05,2025-09-05 21:00:00,0,rider_shortage,alert_ops,0.6531074643135071,0.6531074643135071,0.0
Z06,2025-09-05 21:00:00,0,rider_shortage,rebalance_riders,0.8801398873329163,0.15288788080215454,0.7272520065307617
Z07,2025-09-05 21:00:00,0,rider_shortage,alert_ops,0.3559136688709259,0.3559136688709259,0.0
Z09,2025-09-05 21:00:00,0,rider_shortage,rebalance_riders,0.7394349575042725,0.10042884945869446,0.639006108045578
Z03,2025-09-05 22:00:00,1,rider_shortage,rebalance_riders,0.764748752117157,0.23154723644256592,0.5332015156745911
Z08,2025-09-05 22:00:00,0,rider_shortage,rebalance_riders,0.7856401801109314,0.1165337935090065,0.6691063866019249
Z10,2025-09-05 22:00:00,0,rider_shortage,alert_ops,0.5275595784187317,0.5275595784187317,0.0
Z04,2025-09-06 07:00:00,0,rider_shortage,alert_ops,0.6099115610122681,0.6099115610122681,0.0
Z05,2025-09-06 07:00:00,0,rider_shortage,alert_ops,0.48367932438850403,0.48367932438850403,0.0
Z09,2025-09-06 07:00:00,0,rider_shortage,alert_ops,0.6440426111221313,0.6440426111221313,0.0
Z10,2025-09-06 07:00:00,0,rider_shortage,alert_ops,0.49938902258872986,0.49938902258872986,0.0
Z03,2025-09-06 08:00:00,1,rider_shortage,rebalance_riders,0.9533315300941467,0.6943493485450745,0.25898218154907227
Z04,2025-09-06 08:00:00,1,traffic,alert_ops,0.694779098033905,0.694779098033905,0.0
Z05,2025-09-06 08:00:00,1,traffic,reroute_traffic,0.7047129273414612,0.4035736620426178,0.3011392652988434
Z07,2025-09-06 08:00:00,0,traffic,alert_ops,0.41868171095848083,0.41868171095848083,0.0
Z08,2025-09-06 08:00:00,1,rider_shortage,rebalance_riders,0.7090224623680115,0.12464109808206558,0.5843813642859459
Z09,2025-09-06 08:00:00,0,rider_shortage,rebalance_riders,0.7583098411560059,0.11328252404928207,0.6450273171067238
Z10,2025-09-06 08:00:00,1,traffic,reroute_traffic,0.8568369746208191,0.687698245048523,0.16913872957229614
Z01,2025-09-06 09:00:00,0,rider_shortage,rebalance_riders,0.8466280102729797,0.23503734171390533,0.6115906685590744
Z02,2025-09-06 09:00:00,0,traffic,alert_ops,0.6492835283279419,0.6492835283279419,0.0
Z03,2025-09-06 09:00:00,1,traffic,reroute_traffic,0.8688448071479797,0.6787118315696716,0.1901329755783081
Z04,2025-09-06 09:00:00,0,traffic,alert_ops,0.45985859632492065,0.45985859632492065,0.0
Z05,2025-09-06 09:00:00,1,rider_shortage,rebalance_riders,0.9010903835296631,0.12308153510093689,0.7780088484287262
Z06,2025-09-06 09:00:00,1,traffic,alert_ops,0.3522140681743622,0.3522140681743622,0.0
Z07,2025-09-06 09:00:00,0,traffic,alert_ops,0.5536591410636902,0.5536591410636902,0.0
Z08,2025-09-06 09:00:00,0,rider_shortage,rebalance_riders,0.8946810960769653,0.18368542194366455,0.7109956741333008
Z09,2025-09-06 09:00:00,0,traffic,alert_ops,0.30952760577201843,0.30952760577201843,0.0
Z10,2025-09-06 09:00:00,1,traffic,alert_ops,0.5520668029785156,0.5520668029785156,0.0
Z03,2025-09-06 10:00:00,1,traffic,reroute_traffic,0.7627595067024231,0.5186411738395691,0.244118332862854
Z05,2025-09-06 10:00:00,1,traffic,reroute_traffic,0.8055381178855896,0.5654320120811462,0.24010610580444336
Z01,2025-09-06 12:00:00,0,rider_shortage,alert_ops,0.5021018981933594,0.5021018981933594,0.0
Z03,2025-09-06 12:00:00,0,rider_shortage,alert_ops,0.539799153804779,0.539799153804779,0.0
Z05,2025-09-06 12:00:00,1,rider_shortage,rebalance_riders,0.9661481976509094,0.13896720111370087,0.8271809965372086
Z06,2025-09-06 12:00:00,0,rider_shortage,alert_ops,0.636191189289093,0.636191189289093,0.0
Z07,2025-09-06 12:00:00,1,rider_shortage,rebalance_riders,0.8717904090881348,0.03141835331916809,0.8403720557689667
Z08,2025-09-06 12:00:00,1,rider_shortage,rebalance_riders,0.788996160030365,0.15203352272510529,0.6369626373052597
Z09,2025-09-06 12:00:00,0,rider_shortage,rebalance_riders,0.8329663276672363,0.1643165946006775,0.6686497330665588
Z10,2025-09-06 12:00:00,1,rider_shortage,rebalance_riders,0.982627809047699,0.43966567516326904,0.5429621338844299
Z02,2025-09-06 13:00:00,1,rider_shortage,alert_ops,0.48181360960006714,0.48181360960006714,0.0
Z05,2025-09-06 13:00:00,1,rider_shortage,rebalance_riders,0.9535055160522461,0.10463511198759079,0.8488704040646553
Z06,2025-09-06 13:00:00,0,rider_shortage,alert_ops,0.3705829977989197,0.3705829977989197,0.0
Z07,2025-09-06 13:00:00,1,rider_shortage,rebalance_riders,0.9904116988182068,0.2600093483924866,0.7304023504257202
Z09,2025-09-06 13:00:00,1,rider_shortage,rebalance_riders,0.9085619449615479,0.2390419989824295,0.6695199459791183
Z10,2025-09-06 13:00:00,0,rider_shortage,rebalance_riders,0.7942235469818115,0.05316494405269623,0.7410586029291153
Z02,2025-09-06 14:00:00,1,rider_shortage,rebalance_riders,0.8854970335960388,0.3148670196533203,0.5706300139427185
Z03,2025-09-06 14:00:00,0,rider_shortage,alert_ops,0.6225681900978088,0.6225681900978088,0.0
Z04,2025-09-06 14:00:00,1,rider_shortage,rebalance_riders,0.9263996481895447,0.2480498105287552,0.6783498376607895
Z05,2025-09-06 14:00:00,1,rider_shortage,rebalance_riders,0.9582110643386841,0.12911057472229004,0.829100489616394
Z06,2025-09-06 14:00:00,1,rider_shortage,rebalance_riders,0.9278624057769775,0.22806471586227417,0.6997976899147034
Z08,2025-09-06 14:00:00,0,rider_shortage,alert_ops,0.4357326328754425,0.4357326328754425,0.0
Z09,2025-09-06 14:00:00,1,rider_shortage,rebalance_riders,0.9152657389640808,0.16508415341377258,0.7501815855503082
Z10,2025-09-06 14:00:00,0,rider_shortage,alert_ops,0.3796505630016327,0.3796505630016327,0.0
Z08,2025-09-06 15:00:00,0,rider_shortage,alert_ops,0.31575387716293335,0.31575387716293335,0.0
Z04,2025-09-06 17:00:00,0,traffic,alert_ops,0.34986358880996704,0.34986358880996704,0.0
Z05,2025-09-06 17:00:00,1,traffic,reroute_traffic,0.8089551329612732,0.5909812450408936,0.21797388792037964
Z02,2025-09-06 18:00:00,0,traffic,alert_ops,0.5541548132896423,0.5541548132896423,0.0
Z05,2025-09-06 18:00:00,0,traffic,alert_ops,0.34168821573257446,0.34168821573257446,0.0
Z07,2025-09-06 18:00:00,1,traffic,alert_ops,0.548724889755249,0.548724889755249,0.0
Z10,2025-09-06 18:00:00,0,traffic,alert_ops,0.34588751196861267,0.34588751196861267,0.0
Z01,2025-09-06 19:00:00,1,rider_shortage,rebalance_riders,0.989467442035675,0.9293445944786072,0.06012284755706787
Z02,2025-09-06 19:00:00,1,rider_shortage,rebalance_riders,0.9883529543876648,0.9225393533706665,0.06581360101699829
Z03,2025-09-06 19:00:00,1,rider_shortage,rebalance_riders,0.9424585700035095,0.7103654146194458,0.23209315538406372
Z04,2025-09-06 19:00:00,1,rider_shortage,rebalance_riders,0.9792710542678833,0.8267553448677063,0.152515709400177
Z05,2025-09-06 19:00:00,1,rider_shortage,rebalance_riders,0.9879608750343323,0.6939750909805298,0.2939857840538025
Z06,2025-09-06 19:00:00,1,rider_shortage,rebalance_riders,0.9716240763664246,0.7398859858512878,0.23173809051513672
Z07,2025-09-06 19:00:00,1,rider_shortage,rebalance_riders,0.8693277835845947,0.1259918361902237,0.743335947394371
Z08,2025-09-06 19:00:00,1,rider_shortage,rebalance_riders,0.9921436309814453,0.9426506757736206,0.04949295520782471
Z09,2025-09-06 19:00:00,1,rider_shortage,rebalance_riders,0.936174213886261,0.5372052192687988,0.39896899461746216
Z10,2025-09-06 19:00:00,1,rider_shortage,rebalance_riders,0.9670813679695129,0.5735695362091064,0.3935118317604065
Z01,2025-09-06 20:00:00,1,rider_shortage,rebalance_riders,0.9536750912666321,0.6185103058815002,0.33516478538513184
Z02,2025-09-06 20:00:00,1,rider_shortage,rebalance_riders,0.9748732447624207,0.823530912399292,0.15134233236312866
Z03,2025-09-06 20:00:00,1,rider_shortage,rebalance_riders,0.9913232326507568,0.9574544429779053,0.03386878967285156
Z04,2025-09-06 20:00:00,1,rider_shortage,rebalance_riders,0.967017412185669,0.7394388914108276,0.2275785207748413
Z05,2025-09-06 20:00:00,1,rider_shortage,rebalance_riders,0.9929642677307129,0.97060227394104,0.02236199378967285
Z06,2025-09-06 20:00:00,1,rider_shortage,rebalance_riders,0.9933930039405823,0.9800432920455933,0.013349711894989014
Z07,2025-09-06 20:00:00,1,rider_shortage,rebalance_riders,0.9886886477470398,0.5316891074180603,0.4569995403289795
Z08,2025-09-06 20:00:00,1,rider_shortage,rebalance_riders,0.9839492440223694,0.8564401865005493,0.12750905752182007
Z09,2025-09-06 20:00:00,1,rider_shortage,rebalance_riders,0.9477975964546204,0.6616716384887695,0.28612595796585083
Z10,2025-09-06 20:00:00,1,rider_shortage,rebalance_riders,0.993385374546051,0.8698821663856506,0.12350320816040039
Z01,2025-09-06 21:00:00,1,rider_shortage,rebalance_riders,0.8598435521125793,0.16278892755508423,0.6970546245574951
Z02,2025-09-06 21:00:00,1,rider_shortage,rebalance_riders,0.865348219871521,0.3761715590953827,0.4891766607761383
Z03,2025-09-06 21:00:00,0,rider_shortage,alert_ops,0.6369080543518066,0.6369080543518066,0.0
Z04,2025-09-06 21:00:00,1,rider_shortage,rebalance_riders,0.9019714593887329,0.2601505517959595,0.6418209075927734
Z07,2025-09-06 21:00:00,1,rider_shortage,rebalance_riders,0.9698484539985657,0.08246254920959473,0.887385904788971
Z08,2025-09-06 21:00:00,1,rider_shortage,rebalance_riders,0.9849140048027039,0.7641777396202087,0.22073626518249512
Z09,2025-09-06 21:00:00,1,rider_shortage,rebalance_riders,0.8111298680305481,0.17058035731315613,0.640549510717392
Z10,2025-09-06 21:00:00,0,rider_shortage,alert_ops,0.41511934995651245,0.41511934995651245,0.0
Z01,2025-09-06 22:00:00,1,rider_shortage,rebalance_riders,0.9915458559989929,0.6611080169677734,0.3304378390312195
Z02,2025-09-06 22:00:00,1,rider_shortage,rebalance_riders,0.9798792600631714,0.8476691842079163,0.13221007585525513
Z03,2025-09-06 22:00:00,0,rider_shortage,rebalance_riders,0.7747969627380371,0.25229495763778687,0.5225020051002502
Z04,2025-09-06 22:00:00,1,rider_shortage,rebalance_riders,0.8790951371192932,0.19312125444412231,0.6859738826751709
Z05,2025-09-06 22:00:00,1,rider_shortage,rebalance_riders,0.893510103225708,0.07867361605167389,0.8148364871740341
Z06,2025-09-06 22:00:00,1,rider_shortage,alert_ops,0.6225590705871582,0.6225590705871582,0.0
Z07,2025-09-06 22:00:00,1,rider_shortage,rebalance_riders,0.9843073487281799,0.11707127094268799,0.8672360777854919
Z08,2025-09-06 22:00:00,0,rider_shortage,alert_ops,0.6745665073394775,0.6745665073394775,0.0
Z09,2025-09-06 22:00:00,1,rider_shortage,rebalance_riders,0.991587221622467,0.7965409755706787,0.19504624605178833
Z10,2025-09-06 22:00:00,1,rider_shortage,rebalance_riders,0.9732435345649719,0.4063596725463867,0.5668838620185852
Z01,2025-09-07 07:00:00,0,rider_shortage,alert_ops,0.33154553174972534,0.33154553174972534,0.0
Z05,2025-09-07 07:00:00,1,rider_shortage,rebalance_riders,0.9165938496589661,0.03595180809497833,0.8806420415639877
Z07,2025-09-07 07:00:00,1,rider_shortage,rebalance_riders,0.9736358523368835,0.09641462564468384,0.8772212266921997
Z01,2025-09-07 08:00:00,1,rider_shortage,rebalance_riders,0.9800699949264526,0.7323077917098999,0.24776220321655273
Z02,2025-09-07 08:00:00,0,traffic,reroute_traffic,0.744733989238739,0.5516230463981628,0.19311094284057617
Z03,2025-09-07 08:00:00,1,rider_shortage,rebalance_riders,0.752431333065033,0.1921142190694809,0.5603171139955521
Z04,2025-09-07 08:00:00,0,traffic,alert_ops,0.4157857894897461,0.4157857894897461,0.0
Z05,2025-09-07 08:00:00,1,traffic,alert_ops,0.643958568572998,0.643958568572998,0.0
Z06,2025-09-07 08:00:00,0,traffic,reroute_traffic,0.7996824383735657,0.6059564352035522,0.19372600317001343
Z07,2025-09-07 08:00:00,0,rider_shortage,rebalance_riders,0.9036608934402466,0.05609695240855217,0.8475639410316944
Z08,2025-09-07 08:00:00,0,rider_shortage,rebalance_riders,0.8240896463394165,0.12736980617046356,0.6967198401689529
Z09,2025-09-07 08:00:00,1,traffic,alert_ops,0.4887160658836365,0.4887160658836365,0.0
Z10,2025-09-07 08:00:00,0,traffic,alert_ops,0.6542198061943054,0.6542198061943054,0.0
Z02,2025-09-07 09:00:00,0,traffic,alert_ops,0.6660964488983154,0.6660964488983154,0.0
Z03,2025-09-07 09:00:00,0,rider_shortage,rebalance_riders,0.8809585571289062,0.3928549289703369,0.48810362815856934
Z04,2025-09-07 09:00:00,0,traffic,alert_ops,0.4332829713821411,0.4332829713821411,0.0
Z05,2025-09-07 09:00:00,0,traffic,reroute_traffic,0.8121805787086487,0.6094730496406555,0.20270752906799316
Z06,2025-09-07 09:00:00,1,rider_shortage,rebalance_riders,0.9217402935028076,0.31994694471359253,0.6017933487892151
Z07,2025-09-07 09:00:00,0,traffic,reroute_traffic,0.7991973757743835,0.6031615734100342,0.19603580236434937
Z08,2025-09-07 09:00:00,0,traffic,alert_ops,0.6292102336883545,0.6292102336883545,0.0
Z09,2025-09-07 09:00:00,1,rider_shortage,rebalance_riders,0.9640711545944214,0.5041627883911133,0.4599083662033081
Z10,2025-09-07 09:00:00,0,traffic,alert_ops,0.6147095561027527,0.6147095561027527,0.0
Z01,2025-09-07 10:00:00,1,traffic,reroute_traffic,0.7889621257781982,0.5723668336868286,0.21659529209136963
Z01,2025-09-07 12:00:00,0,rider_shortage,alert_ops,0.3871100842952728,0.3871100842952728,0.0
Z02,2025-09-07 12:00:00,0,rider_shortage,rebalance_riders,0.7986178994178772,0.15951889753341675,0.6390990018844604
Z03,2025-09-07 12:00:00,1,rider_shortage,rebalance_riders,0.8727946877479553,0.4018217623233795,0.4709729254245758
Z04,2025-09-07 12:00:00,1,rider_shortage,alert_ops,0.43495404720306396,0.43495404720306396,0.0
Z06,2025-09-07 12:00:00,0,rider_shortage,alert_ops,0.5723685026168823,0.5723685026168823,0.0
Z08,2025-09-07 12:00:00,0,rider_shortage,alert_ops,0.6263683438301086,0.6263683438301086,0.0
Z01,2025-09-07 13:00:00,0,rider_shortage,alert_ops,0.490282267332077,0.490282267332077,0.0
Z02,2025-09-07 13:00:00,0,rider_shortage,alert_ops,0.34077873826026917,0.34077873826026917,0.0
Z03,2025-09-07 13:00:00,1,rider_shortage,alert_ops,0.6034088134765625,0.6034088134765625,0.0
Z04,2025-09-07 13:00:00,1,rider_shortage,alert_ops,0.5481488704681396,0.5481488704681396,0.0
Z05,2025-09-07 13:00:00,0,rider_shortage,alert_ops,0.32992658019065857,0.32992658019065857,0.0
Z06,2025-09-07 13:00:00,0,rider_shortage,alert_ops,0.3717540204524994,0.3717540204524994,0.0
Z08,2025-09-07 13:00:00,1,rider_shortage,alert_ops,0.4007881283760071,0.4007881283760071,0.0
Z09,2025-09-07 13:00:00,0,rider_shortage,rebalance_riders,0.7180594801902771,0.08343205600976944,0.6346274241805077
Z10,2025-09-07 13:00:00,0,rider_shortage,alert_ops,0.36893540620803833,0.36893540620803833,0.0
Z01,2025-09-07 14:00:00,1,rider_shortage,alert_ops,0.3570133447647095,0.3570133447647095,0.0
Z02,2025-09-07 14:00:00,0,rider_shortage,alert_ops,0.6294979453086853,0.6294979453086853,0.0
Z03,2025-09-07 14:00:00,0,rider_shortage,alert_ops,0.6012542843818665,0.6012542843818665,0.0
Z04,2025-09-07 14:00:00,0,rider_shortage,alert_ops,0.6742329001426697,0.6742329001426697,0.0
Z05,2025-09-07 14:00:00,1,rider_shortage,rebalance_riders,0.8942829966545105,0.08015703409910202,0.8141259625554085
Z06,2025-09-07 14:00:00,0,rider_shortage,rebalance_riders,0.8351119756698608,0.14413291215896606,0.6909790635108948
Z07,2025-09-07 14:00:00,1,rider_shortage,rebalance_riders,0.9815467596054077,0.21634139120578766,0.7652053683996201
Z08,2025-09-07 14:00:00,1,rider_shortage,rebalance_riders,0.7877704501152039,0.14716605842113495,0.6406043916940689
Z09,2025-09-07 14:00:00,0,rider_shortage,rebalance_riders,0.7632166147232056,0.06755901873111725,0.6956575959920883
Z10,2025-09-07 14:00:00,1,rider_shortage,rebalance_riders,0.9842748045921326,0.4408540427684784,0.5434207618236542
Z02,2025-09-07 17:00:00,0,traffic,alert_ops,0.4891340434551239,0.4891340434551239,0.0
Z08,2025-09-07 17:00:00,0,traffic,alert_ops,0.4057103395462036,0.4057103395462036,0.0
Z02,2025-09-07 18:00:00,0,traffic,alert_ops,0.6475819945335388,0.6475819945335388,0.0
Z06,2025-09-07 18:00:00,0,traffic,reroute_traffic,0.7445629835128784,0.5175786018371582,0.22698438167572021
Z07,2025-09-07 18:00:00,1,traffic,alert_ops,0.45994800329208374,0.45994800329208374,0.0
Z01,2025-09-07 19:00:00,1,rider_shortage,rebalance_riders,0.991293728351593,0.935967743396759,0.055325984954833984
Z02,2025-09-07 19:00:00,1,rider_shortage,rebalance_riders,0.9899292588233948,0.9258628487586975,0.06406641006469727
Z03,2025-09-07 19:00:00,1,rider_shortage,rebalance_riders,0.970996081829071,0.8297833800315857,0.14121270179748535
Z04,2025-09-07 19:00:00,1,rider_shortage,rebalance_riders,0.9590632915496826,0.6554486155509949,0.30361467599868774
Z05,2025-09-07 19:00:00,1,rider_shortage,rebalance_riders,0.9941542744636536,0.9850244522094727,0.009129822254180908
Z06,2025-09-07 19:00:00,1,rider_shortage,rebalance_riders,0.9660950303077698,0.6911324858665466,0.27496254444122314
Z07,2025-09-07 19:00:00,0,traffic,reroute_traffic,0.7445559501647949,0.5686643719673157,0.17589157819747925
Z08,2025-09-07 19:00:00,1,rider_shortage,rebalance_riders,0.9678772687911987,0.763444721698761,0.20443254709243774
Z09,2025-09-07 19:00:00,1,rider_shortage,rebalance_riders,0.9933719635009766,0.9765225648880005,0.016849398612976074
Z10,2025-09-07 19:00:00,1,rider_shortage,rebalance_riders,0.9812785387039185,0.7027619481086731,0.27851659059524536
Z01,2025-09-07 20:00:00,1,rider_shortage,rebalance_riders,0.9875661134719849,0.8940752148628235,0.09349089860916138
Z02,2025-09-07 20:00:00,1,traffic,reroute_traffic,0.9553170800209045,0.8447926640510559,0.11052441596984863
Z03,2025-09-07 20:00:00,1,rider_shortage,rebalance_riders,0.9907955527305603,0.9669581055641174,0.02383744716644287
Z04,2025-09-07 20:00:00,1,rider_shortage,rebalance_riders,0.9658777713775635,0.6782246828079224,0.2876530885696411
Z05,2025-09-07 20:00:00,1,rider_shortage,rebalance_riders,0.9901853799819946,0.7442070245742798,0.24597835540771484
Z06,2025-09-07 20:00:00,1,rider_shortage,rebalance_riders,0.9828500151634216,0.8353583216667175,0.1474916934967041
Z07,2025-09-07 20:00:00,1,rider_shortage,rebalance_riders,0.9866201877593994,0.6075810194015503,0.3790391683578491
Z08,2025-09-07 20:00:00,1,rider_shortage,rebalance_riders,0.973921537399292,0.7948703169822693,0.1790512204170227
Z09,2025-09-07 20:00:00,1,rider_shortage,rebalance_riders,0.9272167682647705,0.5386634469032288,0.38855332136154175
Z10,2025-09-07 20:00:00,1,rider_shortage,rebalance_riders,0.9677464365959167,0.5456365942955017,0.42210984230041504
Z01,2025-09-07 21:00:00,0,rider_shortage,alert_ops,0.5905455350875854,0.5905455350875854,0.0
Z02,2025-09-07 21:00:00,0,rider_shortage,alert_ops,0.6824384927749634,0.6824384927749634,0.0
Z03,2025-09-07 21:00:00,0,rider_shortage,alert_ops,0.6046847105026245,0.6046847105026245,0.0
Z04,2025-09-07 21:00:00,1,rider_shortage,rebalance_riders,0.9647612571716309,0.473965585231781,0.49079567193984985
Z05,2025-09-07 21:00:00,1,rider_shortage,rebalance_riders,0.9108310341835022,0.11060713231563568,0.8002239018678665
Z06,2025-09-07 21:00:00,1,rider_shortage,rebalance_riders,0.8721166253089905,0.1581283062696457,0.7139883190393448
Z07,2025-09-07 21:00:00,1,rider_shortage,rebalance_riders,0.9815912246704102,0.7552865743637085,0.22630465030670166
Z08,2025-09-07 21:00:00,1,rider_shortage,rebalance_riders,0.9427381753921509,0.3847289979457855,0.5580091774463654
Z09,2025-09-07 21:00:00,1,rider_shortage,rebalance_riders,0.9886513948440552,0.815263032913208,0.17338836193084717
Z10,2025-09-07 21:00:00,1,rider_shortage,rebalance_riders,0.9262949824333191,0.2078041136264801,0.718490868806839
Z01,2025-09-07 22:00:00,1,rider_shortage,rebalance_riders,0.9759292602539062,0.24840205907821655,0.7275272011756897
Z02,2025-09-07 22:00:00,1,rider_shortage,rebalance_riders,0.9760196805000305,0.5411407947540283,0.4348788857460022
Z04,2025-09-07 22:00:00,1,rider_shortage,rebalance_riders,0.812646210193634,0.1528652161359787,0.6597809940576553
Z05,2025-09-07 22:00:00,1,rider_shortage,rebalance_riders,0.9819363951683044,0.7240069508552551,0.2579294443130493
Z06,2025-09-07 22:00:00,0,rider_shortage,rebalance_riders,0.980947732925415,0.4360639750957489,0.5448837578296661
Z07,2025-09-07 22:00:00,1,rider_shortage,rebalance_riders,0.9105005264282227,0.07296046614646912,0.8375400602817535
Z08,2025-09-07 22:00:00,0,rider_shortage,rebalance_riders,0.7860668301582336,0.1545988768339157,0.6314679533243179
Z09,2025-09-07 22:00:00,0,rider_shortage,alert_ops,0.3892352879047394,0.3892352879047394,0.0
Z10,2025-09-07 22:00:00,1,rider_shortage,rebalance_riders,0.9886199235916138,0.7812696099281311,0.20735031366348267
Z07,2025-09-07 23:00:00,1,rider_shortage,rebalance_riders,0.7729374170303345,0.011696524918079376,0.7612408921122551
Z07,2025-09-08 06:00:00,0,rider_shortage,alert_ops,0.4992542564868927,0.4992542564868927,0.0
Z01,2025-09-08 08:00:00,1,traffic,alert_ops,0.3994561433792114,0.3994561433792114,0.0
Z02,2025-09-08 08:00:00,0,traffic,alert_ops,0.47723621129989624,0.47723621129989624,0.0
Z05,2025-09-08 08:00:00,1,traffic,alert_ops,0.5525602102279663,0.5525602102279663,0.0
Z06,2025-09-08 08:00:00,0,traffic,alert_ops,0.6031760573387146,0.6031760573387146,0.0
Z07,2025-09-08 08:00:00,0,traffic,alert_ops,0.5007082223892212,0.5007082223892212,0.0
Z09,2025-09-08 08:00:00,0,traffic,reroute_traffic,0.7665021419525146,0.5290513038635254,0.23745083808898926
Z10,2025-09-08 08:00:00,1,rider_shortage,rebalance_riders,0.9157224893569946,0.18026119470596313,0.7354612946510315
Z01,2025-09-08 09:00:00,0,traffic,reroute_traffic,0.8747424483299255,0.7164773344993591,0.1582651138305664
Z03,2025-09-08 09:00:00,1,traffic,reroute_traffic,0.8314354419708252,0.6654680371284485,0.1659674048423767
Z04,2025-09-08 09:00:00,0,traffic,alert_ops,0.44731441140174866,0.44731441140174866,0.0
Z09,2025-09-08 09:00:00,0,traffic,alert_ops,0.6724643111228943,0.6724643111228943,0.0
Z10,2025-09-08 09:00:00,0,rider_shortage,rebalance_riders,0.9343647360801697,0.1646067053079605,0.7697580307722092
Z10,2025-09-08 10:00:00,0,traffic,alert_ops,0.4410329759120941,0.4410329759120941,0.0
Z04,2025-09-08 12:00:00,0,rider_shortage,rebalance_riders,0.7664167881011963,0.12447980046272278,0.6419369876384735
Z05,2025-09-08 12:00:00,0,rider_shortage,alert_ops,0.4005184471607208,0.4005184471607208,0.0
Z07,2025-09-08 12:00:00,1,rider_shortage,rebalance_riders,0.9738911986351013,0.18993715941905975,0.7839540392160416
Z08,2025-09-08 12:00:00,0,rider_shortage,alert_ops,0.5103073716163635,0.5103073716163635,0.0
Z09,2025-09-08 12:00:00,0,rider_shortage,alert_ops,0.3916327655315399,0.3916327655315399,0.0
Z09,2025-09-08 13:00:00,1,rider_shortage,rebalance_riders,0.8859684467315674,0.18698756396770477,0.6989808827638626
Z01,2025-09-08 14:00:00,0,rider_shortage,rebalance_riders,0.7544021606445312,0.06211216002702713,0.6922900006175041
Z03,2025-09-08 14:00:00,0,rider_shortage,alert_ops,0.6427872776985168,0.6427872776985168,0.0
Z04,2025-09-08 14:00:00,0,rider_shortage,alert_ops,0.34573566913604736,0.34573566913604736,0.0
Z07,2025-09-08 14:00:00,0,rider_shortage,rebalance_riders,0.7568570971488953,0.020097222179174423,0.7367598749697208
Z01,2025-09-08 19:00:00,1,rider_shortage,rebalance_riders,0.9882569909095764,0.8924322724342346,0.0958247184753418
Z02,2025-09-08 19:00:00,1,traffic,reroute_traffic,0.8752895593643188,0.7263222336769104,0.14896732568740845
Z03,2025-09-08 19:00:00,1,rider_shortage,rebalance_riders,0.9725961685180664,0.8209264874458313,0.1516696810722351
Z04,2025-09-08 19:00:00,1,rider_shortage,rebalance_riders,0.9848465919494629,0.8710384368896484,0.11380815505981445
Z05,2025-09-08 19:00:00,1,rider_shortage,rebalance_riders,0.9915334582328796,0.9207644462585449,0.07076901197433472
Z07,2025-09-08 19:00:00,1,traffic,reroute_traffic,0.8105212450027466,0.6074156761169434,0.20310556888580322
Z08,2025-09-08 19:00:00,1,traffic,reroute_traffic,0.7912959456443787,0.5265571475028992,0.2647387981414795
Z09,2025-09-08 19:00:00,1,traffic,reroute_traffic,0.8152007460594177,0.6330280303955078,0.1821727156639099
Z10,2025-09-08 19:00:00,1,rider_shortage,rebalance_riders,0.9931807518005371,0.969436764717102,0.02374398708343506
Z01,2025-09-08 20:00:00,0,rider_shortage,rebalance_riders,0.7969939112663269,0.09409814327955246,0.7028957679867744
Z02,2025-09-08 20:00:00,0,rider_shortage,rebalance_riders,0.902610182762146,0.5222383141517639,0.3803718686103821
Z03,2025-09-08 20:00:00,1,rider_shortage,rebalance_riders,0.9837960004806519,0.8842254281044006,0.09957057237625122
Z04,2025-09-08 20:00:00,1,rider_shortage,rebalance_riders,0.992267906665802,0.9456162452697754,0.04665166139602661
Z05,2025-09-08 20:00:00,1,rider_shortage,rebalance_riders,0.9631248116493225,0.31921517848968506,0.6439096331596375
Z06,2025-09-08 20:00:00,0,rider_shortage,rebalance_riders,0.9321894645690918,0.49741384387016296,0.43477562069892883
Z07,2025-09-08 20:00:00,1,rider_shortage,rebalance_riders,0.9862280488014221,0.6551305651664734,0.33109748363494873
Z08,2025-09-08 20:00:00,0,traffic,reroute_traffic,0.855800449848175,0.7030841112136841,0.15271633863449097
Z09,2025-09-08 20:00:00,1,rider_shortage,rebalance_riders,0.9439128041267395,0.6085667610168457,0.3353460431098938
Z10,2025-09-08 20:00:00,1,traffic,reroute_traffic,0.7283816337585449,0.5934233069419861,0.13495832681655884
Z03,2025-09-08 21:00:00,1,rider_shortage,rebalance_riders,0.7702873349189758,0.2154093086719513,0.5548780262470245
Z04,2025-09-08 21:00:00,1,rider_shortage,rebalance_riders,0.8176901340484619,0.18967385590076447,0.6280162781476974
Z05,2025-09-08 21:00:00,0,rider_shortage,alert_ops,0.3958345353603363,0.3958345353603363,0.0
Z08,2025-09-08 21:00:00,0,rider_shortage,alert_ops,0.3572527766227722,0.3572527766227722,0.0
Z10,2025-09-08 21:00:00,1,rider_shortage,rebalance_riders,0.7664414644241333,0.05498765781521797,0.7114538066089153
Z04,2025-09-08 22:00:00,1,rider_shortage,rebalance_riders,0.9763413667678833,0.6974201202392578,0.2789212465286255
Z05,2025-09-08 22:00:00,0,rider_shortage,alert_ops,0.3026449382305145,0.3026449382305145,0.0
Z10,2025-09-08 22:00:00,0,rider_shortage,alert_ops,0.682113766670227,0.682113766670227,0.0
Z01,2025-09-09 08:00:00,1,traffic,reroute_traffic,0.9601268172264099,0.8464831113815308,0.11364370584487915
Z03,2025-09-09 08:00:00,0,traffic,alert_ops,0.6595394015312195,0.6595394015312195,0.0
Z04,2025-09-09 08:00:00,1,rider_shortage,rebalance_riders,0.9414417147636414,0.3231869339942932,0.6182547807693481
Z05,2025-09-09 08:00:00,0,traffic,alert_ops,0.3783304691314697,0.3783304691314697,0.0
Z06,2025-09-09 08:00:00,0,traffic,alert_ops,0.6062569618225098,0.6062569618225098,0.0
Z07,2025-09-09 08:00:00,1,traffic,alert_ops,0.6168308258056641,0.6168308258056641,0.0
Z09,2025-09-09 08:00:00,0,traffic,alert_ops,0.5770356059074402,0.5770356059074402,0.0
Z10,2025-09-09 08:00:00,1,traffic,alert_ops,0.43821829557418823,0.43821829557418823,0.0
Z01,2025-09-09 09:00:00,1,rider_shortage,rebalance_riders,0.9197715520858765,0.168235182762146,0.7515363693237305
Z06,2025-09-09 09:00:00,1,rider_shortage,rebalance_riders,0.8166611790657043,0.11902690678834915,0.6976342722773552
Z09,2025-09-09 09:00:00,0,traffic,reroute_traffic,0.7768175601959229,0.5000947713851929,0.27672278881073
Z10,2025-09-09 09:00:00,1,rider_shortage,rebalance_riders,0.977959394454956,0.5515877604484558,0.42637163400650024
Z08,2025-09-09 10:00:00,0,traffic,alert_ops,0.31128162145614624,0.31128162145614624,0.0
Z01,2025-09-09 12:00:00,0,rider_shortage,alert_ops,0.3368019759654999,0.3368019759654999,0.0
Z02,2025-09-09 12:00:00,0,rider_shortage,alert_ops,0.38355475664138794,0.38355475664138794,0.0
Z03,2025-09-09 12:00:00,0,rider_shortage,alert_ops,0.33633187413215637,0.33633187413215637,0.0
Z04,2025-09-09 12:00:00,0,rider_shortage,alert_ops,0.6936876773834229,0.6936876773834229,0.0
Z05,2025-09-09 12:00:00,0,rider_shortage,alert_ops,0.3472343683242798,0.3472343683242798,0.0
Z08,2025-09-09 12:00:00,1,rider_shortage,rebalance_riders,0.753710925579071,0.06517016887664795,0.6885407567024231
Z03,2025-09-09 13:00:00,1,rider_shortage,alert_ops,0.33680930733680725,0.33680930733680725,0.0
Z05,2025-09-09 13:00:00,1,rider_shortage,rebalance_riders,0.9689385890960693,0.11058520525693893,0.8583533838391304
Z08,2025-09-09 13:00:00,1,rider_shortage,alert_ops,0.4127061367034912,0.4127061367034912,0.0
Z10,2025-09-09 13:00:00,0,rider_shortage,alert_ops,0.43157732486724854,0.43157732486724854,0.0
Z04,2025-09-09 14:00:00,0,rider_shortage,alert_ops,0.3307320773601532,0.3307320773601532,0.0
Z05,2025-09-09 14:00:00,1,rider_shortage,alert_ops,0.4903464615345001,0.4903464615345001,0.0
Z06,2025-09-09 14:00:00,0,rider_shortage,alert_ops,0.34251439571380615,0.34251439571380615,0.0
Z09,2025-09-09 14:00:00,0,rider_shortage,alert_ops,0.40057018399238586,0.40057018399238586,0.0
Z07,2025-09-09 18:00:00,0,traffic,alert_ops,0.35923314094543457,0.35923314094543457,0.0
Z01,2025-09-09 19:00:00,0,traffic,alert_ops,0.578856348991394,0.578856348991394,0.0
Z02,2025-09-09 19:00:00,1,rider_shortage,rebalance_riders,0.9486390948295593,0.6662017107009888,0.28243738412857056
Z03,2025-09-09 19:00:00,0,traffic,reroute_traffic,0.7722890377044678,0.5325497984886169,0.23973923921585083
Z04,2025-09-09 19:00:00,1,rider_shortage,rebalance_riders,0.9483593106269836,0.6143862009048462,0.33397310972213745
Z05,2025-09-09 19:00:00,0,traffic,alert_ops,0.42097488045692444,0.42097488045692444,0.0
Z06,2025-09-09 19:00:00,0,rider_shortage,rebalance_riders,0.8332711458206177,0.20478104054927826,0.6284901052713394
Z08,2025-09-09 19:00:00,1,traffic,reroute_traffic,0.9543296098709106,0.8159087300300598,0.13842087984085083
Z09,2025-09-09 19:00:00,1,rider_shortage,rebalance_riders,0.9845227003097534,0.8847371935844421,0.09978550672531128
Z10,2025-09-09 19:00:00,1,rider_shortage,rebalance_riders,0.9079813361167908,0.4381222724914551,0.4698590636253357
Z01,2025-09-09 20:00:00,1,rider_shortage,rebalance_riders,0.9939472675323486,0.9654994606971741,0.02844780683517456
Z02,2025-09-09 20:00:00,0,traffic,alert_ops,0.6524122357368469,0.6524122357368469,0.0
Z03,2025-09-09 20:00:00,1,rider_shortage,rebalance_riders,0.9520541429519653,0.7914027571678162,0.16065138578414917
Z04,2025-09-09 20:00:00,1,rider_shortage,rebalance_riders,0.949544370174408,0.5831979513168335,0.36634641885757446
Z06,2025-09-09 20:00:00,1,rider_shortage,rebalance_riders,0.9880411624908447,0.836894690990448,0.15114647150039673
Z07,2025-09-09 20:00:00,0,traffic,alert_ops,0.5921963453292847,0.5921963453292847,0.0
Z08,2025-09-09 20:00:00,1,rider_shortage,rebalance_riders,0.8757796287536621,0.4387001395225525,0.4370794892311096
Z09,2025-09-09 20:00:00,1,traffic,alert_ops,0.659461259841919,0.659461259841919,0.0
Z10,2025-09-09 20:00:00,1,rider_shortage,rebalance_riders,0.9707248210906982,0.6885387301445007,0.2821860909461975
Z02,2025-09-09 21:00:00,1,rider_shortage,rebalance_riders,0.9168539643287659,0.3710622489452362,0.5457917153835297
Z03,2025-09-09 21:00:00,0,rider_shortage,alert_ops,0.5842207670211792,0.5842207670211792,0.0
Z04,2025-09-09 21:00:00,0,rider_shortage,rebalance_riders,0.8513234853744507,0.16423571109771729,0.6870877742767334
Z06,2025-09-09 21:00:00,1,rider_shortage,alert_ops,0.6288305521011353,0.6288305521011353,0.0
Z07,2025-09-09 21:00:00,1,rider_shortage,rebalance_riders,0.89670729637146,0.0598483569920063,0.8368589393794537
Z10,2025-09-09 21:00:00,0,rider_shortage,rebalance_riders,0.9329840540885925,0.09786739945411682,0.8351166546344757
Z01,2025-09-09 22:00:00,1,rider_shortage,rebalance_riders,0.9687358140945435,0.37584859132766724,0.5928872227668762
Z02,2025-09-09 22:00:00,1,rider_shortage,alert_ops,0.39047563076019287,0.39047563076019287,0.0
Z03,2025-09-09 22:00:00,0,rider_shortage,alert_ops,0.45280230045318604,0.45280230045318604,0.0
Z06,2025-09-09 22:00:00,0,rider_shortage,rebalance_riders,0.7192816734313965,0.06056566536426544,0.658716008067131
Z09,2025-09-09 22:00:00,1,rider_shortage,rebalance_riders,0.9825360774993896,0.4536841809749603,0.5288518965244293
Z10,2025-09-09 22:00:00,0,rider_shortage,alert_ops,0.3871448040008545,0.3871448040008545,0.0
Z01,2025-09-10 08:00:00,0,traffic,reroute_traffic,0.767868161201477,0.5803755521774292,0.18749260902404785
Z02,2025-09-10 08:00:00,0,traffic,alert_ops,0.4645359218120575,0.4645359218120575,0.0
Z05,2025-09-10 08:00:00,0,traffic,alert_ops,0.39113879203796387,0.39113879203796387,0.0
Z06,2025-09-10 08:00:00,0,traffic,alert_ops,0.5147166848182678,0.5147166848182678,0.0
Z07,2025-09-10 08:00:00,0,traffic,alert_ops,0.6748083829879761,0.6748083829879761,0.0
Z01,2025-09-10 09:00:00,0,traffic,alert_ops,0.3330398201942444,0.3330398201942444,0.0
Z04,2025-09-10 09:00:00,0,traffic,reroute_traffic,0.7062605023384094,0.40610772371292114,0.3001527786254883
Z05,2025-09-10 09:00:00,1,traffic,alert_ops,0.5932722687721252,0.5932722687721252,0.0
Z06,2025-09-10 09:00:00,0,traffic,alert_ops,0.6392347812652588,0.6392347812652588,0.0
Z07,2025-09-10 09:00:00,0,traffic,reroute_traffic,0.7621303796768188,0.4964245557785034,0.26570582389831543
Z09,2025-09-10 09:00:00,0,traffic,alert_ops,0.3775797188282013,0.3775797188282013,0.0
Z10,2025-09-10 09:00:00,1,traffic,reroute_traffic,0.8938165903091431,0.7176827788352966,0.17613381147384644
Z01,2025-09-10 12:00:00,1,rider_shortage,alert_ops,0.6801596879959106,0.6801596879959106,0.0
Z06,2025-09-10 12:00:00,0,rider_shortage,alert_ops,0.6345519423484802,0.6345519423484802,0.0
Z02,2025-09-10 13:00:00,1,rider_shortage,alert_ops,0.6156686544418335,0.6156686544418335,0.0
Z05,2025-09-10 13:00:00,0,traffic,alert_ops,0.3073224127292633,0.3073224127292633,0.0
Z02,2025-09-10 14:00:00,0,rider_shortage,alert_ops,0.3887852132320404,0.3887852132320404,0.0
Z06,2025-09-10 17:00:00,0,traffic,alert_ops,0.3021715581417084,0.3021715581417084,0.0
Z06,2025-09-10 18:00:00,1,traffic,reroute_traffic,0.7209280133247375,0.40252685546875,0.31840115785598755
Z01,2025-09-10 19:00:00,1,rider_shortage,rebalance_riders,0.9894920587539673,0.9396664500236511,0.04982560873031616
Z02,2025-09-10 19:00:00,0,rider_shortage,rebalance_riders,0.9523749351501465,0.674849271774292,0.2775256633758545
Z03,2025-09-10 19:00:00,1,rider_shortage,rebalance_riders,0.8538267016410828,0.4523983299732208,0.40142837166786194
Z04,2025-09-10 19:00:00,1,rider_shortage,rebalance_riders,0.8363450169563293,0.24111928045749664,0.5952257364988327
Z05,2025-09-10 19:00:00,1,rider_shortage,rebalance_riders,0.9915600419044495,0.8354446887969971,0.1561153531074524
Z06,2025-09-10 19:00:00,1,rider_shortage,rebalance_riders,0.8802347183227539,0.3521146774291992,0.5281200408935547
Z07,2025-09-10 19:00:00,1,rider_shortage,rebalance_riders,0.9908130764961243,0.577225387096405,0.41358768939971924
Z08,2025-09-10 19:00:00,1,traffic,alert_ops,0.5829694271087646,0.5829694271087646,0.0
Z09,2025-09-10 19:00:00,1,rider_shortage,rebalance_riders,0.9512730240821838,0.641899049282074,0.30937397480010986
Z10,2025-09-10 19:00:00,0,traffic,alert_ops,0.49040162563323975,0.49040162563323975,0.0
Z01,2025-09-10 20:00:00,1,rider_shortage,rebalance_riders,0.949180006980896,0.589443564414978,0.35973644256591797
Z02,2025-09-10 20:00:00,1,traffic,reroute_traffic,0.9170445203781128,0.8400899171829224,0.07695460319519043
Z03,2025-09-10 20:00:00,1,traffic,reroute_traffic,0.7903546690940857,0.533764123916626,0.2565905451774597
Z04,2025-09-10 20:00:00,0,rider_shortage,alert_ops,0.6581494212150574,0.6581494212150574,0.0
Z05,2025-09-10 20:00:00,0,traffic,alert_ops,0.32256853580474854,0.32256853580474854,0.0
Z06,2025-09-10 20:00:00,1,rider_shortage,rebalance_riders,0.846058189868927,0.19286218285560608,0.6531960070133209
Z07,2025-09-10 20:00:00,0,traffic,reroute_traffic,0.722256600856781,0.5628070831298828,0.1594495177268982
Z08,2025-09-10 20:00:00,0,rider_shortage,rebalance_riders,0.9118853211402893,0.37821468710899353,0.5336706340312958
Z09,2025-09-10 20:00:00,1,rider_shortage,rebalance_riders,0.9816272854804993,0.7628882527351379,0.21873903274536133
Z10,2025-09-10 20:00:00,1,rider_shortage,rebalance_riders,0.9934321641921997,0.9329046607017517,0.060527503490448
Z02,2025-09-10 21:00:00,1,rider_shortage,alert_ops,0.6699357628822327,0.6699357628822327,0.0
Z04,2025-09-10 21:00:00,0,rider_shortage,alert_ops,0.3825431168079376,0.3825431168079376,0.0
Z07,2025-09-10 21:00:00,1,rider_shortage,rebalance_riders,0.8874043226242065,0.07830913364887238,0.8090951889753342
Z08,2025-09-10 21:00:00,1,rider_shortage,rebalance_riders,0.907484233379364,0.3793506622314453,0.5281335711479187
Z09,2025-09-10 21:00:00,0,rider_shortage,rebalance_riders,0.7119626998901367,0.09449842572212219,0.6174642741680145
Z10,2025-09-10 21:00:00,1,rider_shortage,alert_ops,0.6652716398239136,0.6652716398239136,0.0
Z03,2025-09-10 22:00:00,0,rider_shortage,rebalance_riders,0.7301690578460693,0.2188331037759781,0.5113359540700912
Z04,2025-09-10 22:00:00,0,rider_shortage,alert_ops,0.4183082580566406,0.4183082580566406,0.0
Z05,2025-09-10 22:00:00,1,rider_shortage,rebalance_riders,0.9498160481452942,0.1753498762845993,0.7744661718606949
Z06,2025-09-10 22:00:00,1,rider_shortage,alert_ops,0.6781440377235413,0.6781440377235413,0.0
Z07,2025-09-10 22:00:00,0,rider_shortage,rebalance_riders,0.8803408741950989,0.06991682946681976,0.8104240447282791
Z08,2025-09-10 22:00:00,1,rider_shortage,alert_ops,0.6193727254867554,0.6193727254867554,0.0
Z10,2025-09-10 22:00:00,1,rider_shortage,rebalance_riders,0.8211685419082642,0.05809697136282921,0.763071570545435
Z01,2025-09-11 07:00:00,0,rider_shortage,alert_ops,0.3326418995857239,0.3326418995857239,0.0
Z07,2025-09-11 07:00:00,0,rider_shortage,alert_ops,0.3128703236579895,0.3128703236579895,0.0
Z01,2025-09-11 08:00:00,1,traffic,alert_ops,0.6200301051139832,0.6200301051139832,0.0
Z03,2025-09-11 08:00:00,0,traffic,alert_ops,0.38328319787979126,0.38328319787979126,0.0
Z05,2025-09-11 08:00:00,0,traffic,alert_ops,0.6073771715164185,0.6073771715164185,0.0
Z06,2025-09-11 08:00:00,0,rider_shortage,rebalance_riders,0.7008598446846008,0.07001309096813202,0.6308467537164688
Z07,2025-09-11 08:00:00,0,traffic,alert_ops,0.412035197019577,0.412035197019577,0.0
Z10,2025-09-11 08:00:00,0,traffic,alert_ops,0.3167754113674164,0.3167754113674164,0.0
Z03,2025-09-11 09:00:00,1,rider_shortage,rebalance_riders,0.9401655197143555,0.5811794996261597,0.3589860200881958
Z05,2025-09-11 09:00:00,1,traffic,reroute_traffic,0.8002890944480896,0.5822325348854065,0.2180565595626831
Z06,2025-09-11 09:00:00,0,traffic,reroute_traffic,0.8054234981536865,0.5951812267303467,0.21024227142333984
Z07,2025-09-11 09:00:00,1,rider_shortage,rebalance_riders,0.7861558198928833,0.04378144443035126,0.742374375462532
Z09,2025-09-11 09:00:00,1,rider_shortage,rebalance_riders,0.9318253993988037,0.3105398416519165,0.6212855577468872
Z01,2025-09-11 10:00:00,1,traffic,alert_ops,0.5838256478309631,0.5838256478309631,0.0
Z05,2025-09-11 12:00:00,1,rider_shortage,rebalance_riders,0.778086245059967,0.03225484862923622,0.7458313964307308
Z09,2025-09-11 12:00:00,1,rider_shortage,rebalance_riders,0.8568357825279236,0.1427045315504074,0.7141312509775162
Z10,2025-09-11 12:00:00,1,rider_shortage,alert_ops,0.47691139578819275,0.47691139578819275,0.0
Z04,2025-09-11 13:00:00,0,rider_shortage,alert_ops,0.5403304100036621,0.5403304100036621,0.0
Z06,2025-09-11 13:00:00,0,rider_shortage,alert_ops,0.5714882016181946,0.5714882016181946,0.0
Z08,2025-09-11 13:00:00,0,rider_shortage,alert_ops,0.670144259929657,0.670144259929657,0.0
Z09,2025-09-11 13:00:00,1,rider_shortage,alert_ops,0.6957996487617493,0.6957996487617493,0.0
Z02,2025-09-11 14:00:00,0,rider_shortage,alert_ops,0.6588010191917419,0.6588010191917419,0.0
Z06,2025-09-11 14:00:00,1,rider_shortage,alert_ops,0.6291176676750183,0.6291176676750183,0.0
Z07,2025-09-11 14:00:00,1,rider_shortage,alert_ops,0.5760844945907593,0.5760844945907593,0.0
Z08,2025-09-11 14:00:00,0,rider_shortage,alert_ops,0.4922095835208893,0.4922095835208893,0.0
Z10,2025-09-11 14:00:00,0,rider_shortage,alert_ops,0.6993942856788635,0.6993942856788635,0.0
Z07,2025-09-11 18:00:00,0,traffic,alert_ops,0.4695701599121094,0.4695701599121094,0.0
Z01,2025-09-11 19:00:00,1,traffic,reroute_traffic,0.9520277976989746,0.8416616916656494,0.1103661060333252
Z02,2025-09-11 19:00:00,1,rider_shortage,rebalance_riders,0.9186157584190369,0.6428272724151611,0.27578848600387573
Z03,2025-09-11 19:00:00,1,rider_shortage,rebalance_riders,0.956347644329071,0.8165635466575623,0.1397840976715088
Z04,2025-09-11 19:00:00,1,rider_shortage,rebalance_riders,0.8165732622146606,0.17611944675445557,0.6404538154602051
Z05,2025-09-11 19:00:00,1,traffic,reroute_traffic,0.9570567607879639,0.8656958341598511,0.09136092662811279
Z06,2025-09-11 19:00:00,0,traffic,reroute_traffic,0.7875131964683533,0.5825940370559692,0.20491915941238403
Z07,2025-09-11 19:00:00,1,rider_shortage,rebalance_riders,0.9795231819152832,0.45566481351852417,0.523858368396759
Z08,2025-09-11 19:00:00,0,rider_shortage,rebalance_riders,0.9124688506126404,0.5297118425369263,0.3827570080757141
Z09,2025-09-11 19:00:00,1,rider_shortage,rebalance_riders,0.9343736171722412,0.5562891960144043,0.3780844211578369
Z10,2025-09-11 19:00:00,1,traffic,reroute_traffic,0.8770322203636169,0.6618453860282898,0.21518683433532715
Z01,2025-09-11 20:00:00,1,rider_shortage,rebalance_riders,0.9449161291122437,0.5826913714408875,0.3622247576713562
Z02,2025-09-11 20:00:00,0,traffic,reroute_traffic,0.7985479235649109,0.5963909029960632,0.20215702056884766
Z03,2025-09-11 20:00:00,1,rider_shortage,rebalance_riders,0.9869819283485413,0.9118732213973999,0.07510870695114136
Z04,2025-09-11 20:00:00,1,rider_shortage,rebalance_riders,0.9831242561340332,0.8136512637138367,0.16947299242019653
Z05,2025-09-11 20:00:00,1,rider_shortage,rebalance_riders,0.9423609375953674,0.24590140581130981,0.6964595317840576
Z06,2025-09-11 20:00:00,0,traffic,reroute_traffic,0.7763998508453369,0.5309821367263794,0.24541771411895752
Z07,2025-09-11 20:00:00,0,traffic,reroute_traffic,0.8967886567115784,0.7361482381820679,0.1606404185295105
Z08,2025-09-11 20:00:00,1,traffic,alert_ops,0.6722830533981323,0.6722830533981323,0.0
Z09,2025-09-11 20:00:00,0,traffic,alert_ops,0.525784969329834,0.525784969329834,0.0
Z10,2025-09-11 20:00:00,1,traffic,reroute_traffic,0.7050966024398804,0.4840986132621765,0.22099798917770386
Z01,2025-09-11 21:00:00,0,rider_shortage,alert_ops,0.3493272662162781,0.3493272662162781,0.0
Z04,2025-09-11 21:00:00,0,rider_shortage,alert_ops,0.5057474374771118,0.5057474374771118,0.0
Z05,2025-09-11 21:00:00,1,rider_shortage,alert_ops,0.5008561611175537,0.5008561611175537,0.0
Z07,2025-09-11 21:00:00,0,rider_shortage,alert_ops,0.30869466066360474,0.30869466066360474,0.0
Z09,2025-09-11 21:00:00,0,rider_shortage,rebalance_riders,0.7728160619735718,0.13528606295585632,0.6375299990177155
Z01,2025-09-11 22:00:00,1,rider_shortage,rebalance_riders,0.9430041909217834,0.4645501971244812,0.47845399379730225
Z02,2025-09-11 22:00:00,0,rider_shortage,alert_ops,0.4439143240451813,0.4439143240451813,0.0
Z04,2025-09-11 22:00:00,0,rider_shortage,rebalance_riders,0.7319748401641846,0.11389338970184326,0.6180814504623413
Z05,2025-09-11 22:00:00,0,rider_shortage,alert_ops,0.44015273451805115,0.44015273451805115,0.0
Z07,2025-09-11 22:00:00,1,rider_shortage,rebalance_riders,0.8713275790214539,0.02838730253279209,0.8429402764886618
Z10,2025-09-11 22:00:00,1,rider_shortage,rebalance_riders,0.8012966513633728,0.060061920434236526,0.7412347309291363
Z01,2025-09-12 06:00:00,1,traffic,reroute_traffic,0.8125057220458984,0.3946245610713959,0.41788116097450256
Z03,2025-09-12 06:00:00,0,traffic,alert_ops,0.6111920475959778,0.6111920475959778,0.0
Z04,2025-09-12 06:00:00,1,traffic,reroute_traffic,0.7187727689743042,0.38724157214164734,0.33153119683265686
Z05,2025-09-12 06:00:00,1,traffic,reroute_traffic,0.9660927057266235,0.9213860034942627,0.04470670223236084
Z06,2025-09-12 06:00:00,1,traffic,reroute_traffic,0.8956443667411804,0.683643639087677,0.21200072765350342
Z07,2025-09-12 06:00:00,1,traffic,reroute_traffic,0.9878415465354919,0.9583907127380371,0.029450833797454834
Z09,2025-09-12 06:00:00,1,traffic,reroute_traffic,0.9415725469589233,0.7404549717903137,0.20111757516860962
Z10,2025-09-12 06:00:00,0,traffic,reroute_traffic,0.950747013092041,0.7460495233535767,0.20469748973846436
Z01,2025-09-12 07:00:00,1,rider_shortage,rebalance_riders,0.9940081834793091,0.9794425368309021,0.014565646648406982
Z02,2025-09-12 07:00:00,1,traffic,reroute_traffic,0.9925684928894043,0.9846429824829102,0.00792551040649414
Z03,2025-09-12 07:00:00,1,traffic,reroute_traffic,0.9917690753936768,0.9829211831092834,0.00884789228439331
Z04,2025-09-12 07:00:00,1,traffic,reroute_traffic,0.9919569492340088,0.9740150570869446,0.01794189214706421
Z05,2025-09-12 07:00:00,1,rider_shortage,rebalance_riders,0.9945593476295471,0.9815621972084045,0.012997150421142578
Z06,2025-09-12 07:00:00,1,rider_shortage,rebalance_riders,0.9892498254776001,0.9347643256187439,0.0544854998588562
Z07,2025-09-12 07:00:00,1,traffic,reroute_traffic,0.9766829609870911,0.9410063028335571,0.035676658153533936
Z08,2025-09-12 07:00:00,1,traffic,reroute_traffic,0.9935427904129028,0.9864035844802856,0.0071392059326171875
Z09,2025-09-12 07:00:00,1,rider_shortage,rebalance_riders,0.9860172867774963,0.8951139450073242,0.09090334177017212
Z10,2025-09-12 07:00:00,1,traffic,reroute_traffic,0.9926729798316956,0.9865206480026245,0.006152331829071045
Z01,2025-09-12 08:00:00,1,traffic,reroute_traffic,0.9694385528564453,0.8896095752716064,0.07982897758483887
Z02,2025-09-12 08:00:00,1,traffic,reroute_traffic,0.9907724857330322,0.9844385981559753,0.006333887577056885
Z03,2025-09-12 08:00:00,1,traffic,reroute_traffic,0.9881855249404907,0.9717440605163574,0.0164414644241333
Z04,2025-09-12 08:00:00,1,traffic,reroute_traffic,0.8289170861244202,0.5966506004333496,0.23226648569107056
Z05,2025-09-12 08:00:00,1,traffic,reroute_traffic,0.9793220162391663,0.9109131097793579,0.06840890645980835
Z06,2025-09-12 08:00:00,1,traffic,reroute_traffic,0.941209077835083,0.767047643661499,0.17416143417358398
Z07,2025-09-12 08:00:00,1,rider_shortage,rebalance_riders,0.9924148917198181,0.9376419186592102,0.05477297306060791
Z08,2025-09-12 08:00:00,1,traffic,reroute_traffic,0.9381895661354065,0.7976199388504028,0.14056962728500366
Z09,2025-09-12 08:00:00,1,traffic,reroute_traffic,0.9656285047531128,0.8687562942504883,0.09687221050262451
Z10,2025-09-12 08:00:00,0,traffic,reroute_traffic,0.8511883616447449,0.5172890424728394,0.3338993191719055
Z01,2025-09-12 09:00:00,1,rider_shortage,rebalance_riders,0.9951483607292175,0.9943302869796753,0.0008180737495422363
Z02,2025-09-12 09:00:00,1,rider_shortage,rebalance_riders,0.9951483607292175,0.9940044283866882,0.0011439323425292969
Z03,2025-09-12 09:00:00,1,traffic,reroute_traffic,0.9944171905517578,0.993872880935669,0.0005443096160888672
Z04,2025-09-12 09:00:00,1,traffic,reroute_traffic,0.9937894940376282,0.9929115176200867,0.0008779764175415039
Z05,2025-09-12 09:00:00,1,rider_shortage,rebalance_riders,0.9951150417327881,0.9923529028892517,0.002762138843536377
Z06,2025-09-12 09:00:00,1,traffic,reroute_traffic,0.9942652583122253,0.993454098701477,0.000811159610748291
Z07,2025-09-12 09:00:00,1,traffic,reroute_traffic,0.9938458800315857,0.9934329986572266,0.00041288137435913086
Z08,2025-09-12 09:00:00,1,traffic,reroute_traffic,0.9950383305549622,0.9945542812347412,0.00048404932022094727
Z09,2025-09-12 09:00:00,1,traffic,reroute_traffic,0.9939091205596924,0.9928520321846008,0.0010570883750915527
Z10,2025-09-12 09:00:00,1,traffic,reroute_traffic,0.9932057857513428,0.9915152788162231,0.001690506935119629
Z02,2025-09-12 11:00:00,0,traffic,alert_ops,0.473050057888031,0.473050057888031,0.0
Z08,2025-09-12 11:00:00,1,traffic,reroute_traffic,0.7008677124977112,0.25079837441444397,0.4500693380832672
Z01,2025-09-12 12:00:00,1,rider_shortage,rebalance_riders,0.995169460773468,0.9940180778503418,0.0011513829231262207
Z02,2025-09-12 12:00:00,1,rider_shortage,rebalance_riders,0.9950128197669983,0.9904710054397583,0.00454181432723999
Z03,2025-09-12 12:00:00,1,rider_shortage,rebalance_riders,0.9951375126838684,0.9938023090362549,0.0013352036476135254
Z04,2025-09-12 12:00:00,1,rider_shortage,rebalance_riders,0.9943999648094177,0.9866418838500977,0.007758080959320068
Z05,2025-09-12 12:00:00,1,rider_shortage,rebalance_riders,0.995029866695404,0.9850342869758606,0.009995579719543457
Z06,2025-09-12 12:00:00,1,rider_shortage,rebalance_riders,0.995124876499176,0.9941595792770386,0.0009652972221374512
Z07,2025-09-12 12:00:00,1,rider_shortage,rebalance_riders,0.9945888519287109,0.9896191954612732,0.004969656467437744
Z08,2025-09-12 12:00:00,1,rider_shortage,rebalance_riders,0.9949043989181519,0.9883769154548645,0.0065274834632873535
Z09,2025-09-12 12:00:00,1,rider_shortage,rebalance_riders,0.9951733946800232,0.9938015341758728,0.0013718605041503906
Z10,2025-09-12 12:00:00,1,rider_shortage,rebalance_riders,0.9948731064796448,0.9913101196289062,0.0035629868507385254
Z01,2025-09-12 13:00:00,1,rider_shortage,rebalance_riders,0.995169460773468,0.9944804906845093,0.0006889700889587402
Z02,2025-09-12 13:00:00,1,rider_shortage,rebalance_riders,0.995124876499176,0.9941226840019226,0.001002192497253418
Z03,2025-09-12 13:00:00,1,traffic,reroute_traffic,0.9880177974700928,0.9737231135368347,0.014294683933258057
Z04,2025-09-12 13:00:00,1,rider_shortage,rebalance_riders,0.9949118494987488,0.9916447997093201,0.003267049789428711
Z05,2025-09-12 13:00:00,1,rider_shortage,rebalance_riders,0.995124876499176,0.995124876499176,0.0
Z06,2025-09-12 13:00:00,1,rider_shortage,rebalance_riders,0.9944221377372742,0.9912459254264832,0.0031762123107910156
Z07,2025-09-12 13:00:00,1,rider_shortage,rebalance_riders,0.982682466506958,0.6930873394012451,0.2895951271057129
Z08,2025-09-12 13:00:00,1,rider_shortage,rebalance_riders,0.9926348328590393,0.9602518081665039,0.0323830246925354
Z09,2025-09-12 13:00:00,1,rider_shortage,rebalance_riders,0.9939893484115601,0.9860743880271912,0.007914960384368896
Z10,2025-09-12 13:00:00,1,rider_shortage,rebalance_riders,0.995124876499176,0.9941613078117371,0.0009635686874389648
Z01,2025-09-12 14:00:00,1,rider_shortage,rebalance_riders,0.9629989862442017,0.5793153047561646,0.3836836814880371
Z02,2025-09-12 14:00:00,0,rider_shortage,alert_ops,0.5606817007064819,0.5606817007064819,0.0
Z03,2025-09-12 14:00:00,1,rider_shortage,rebalance_riders,0.9779217839241028,0.8340612649917603,0.14386051893234253
Z04,2025-09-12 14:00:00,0,rider_shortage,rebalance_riders,0.885309100151062,0.3128558099269867,0.5724532902240753
Z05,2025-09-12 14:00:00,0,rider_shortage,rebalance_riders,0.8672512173652649,0.08786281198263168,0.7793884053826332
Z06,2025-09-12 14:00:00,0,rider_shortage,rebalance_riders,0.9675416350364685,0.6033979058265686,0.3641437292098999
Z07,2025-09-12 14:00:00,1,rider_shortage,rebalance_riders,0.9849750399589539,0.3306492269039154,0.6543258130550385
Z08,2025-09-12 14:00:00,1,rider_shortage,rebalance_riders,0.9875121712684631,0.8846438527107239,0.10286831855773926
Z09,2025-09-12 14:00:00,1,rider_shortage,rebalance_riders,0.9921199083328247,0.9570274949073792,0.03509241342544556
Z10,2025-09-12 14:00:00,1,rider_shortage,rebalance_riders,0.9943430423736572,0.9535892009735107,0.040753841400146484
Z03,2025-09-12 15:00:00,0,traffic,alert_ops,0.3116230070590973,0.3116230070590973,0.0
Z04,2025-09-12 15:00:00,1,traffic,reroute_traffic,0.76318359375,0.4371821880340576,0.3260014057159424
Z09,2025-09-12 15:00:00,1,traffic,reroute_traffic,0.7621736526489258,0.6139687299728394,0.14820492267608643
Z02,2025-09-12 17:00:00,0,traffic,alert_ops,0.3619556725025177,0.3619556725025177,0.0
Z05,2025-09-12 17:00:00,0,traffic,alert_ops,0.42466825246810913,0.42466825246810913,0.0
Z07,2025-09-12 17:00:00,1,traffic,alert_ops,0.606021523475647,0.606021523475647,0.0
Z08,2025-09-12 17:00:00,1,traffic,alert_ops,0.4154326915740967,0.4154326915740967,0.0
Z09,2025-09-12 17:00:00,1,traffic,alert_ops,0.40678781270980835,0.40678781270980835,0.0
Z02,2025-09-12 18:00:00,1,traffic,alert_ops,0.4933059811592102,0.4933059811592102,0.0
Z03,2025-09-12 18:00:00,0,traffic,alert_ops,0.684631884098053,0.684631884098053,0.0
Z06,2025-09-12 18:00:00,1,traffic,alert_ops,0.40810641646385193,0.40810641646385193,0.0
Z10,2025-09-12 18:00:00,0,traffic,reroute_traffic,0.8267300128936768,0.660010576248169,0.1667194366455078
Z01,2025-09-12 19:00:00,1,rider_shortage,rebalance_riders,0.9949883222579956,0.991972804069519,0.0030155181884765625
Z02,2025-09-12 19:00:00,1,rider_shortage,rebalance_riders,0.9946509003639221,0.9914571642875671,0.0031937360763549805
Z03,2025-09-12 19:00:00,1,traffic,reroute_traffic,0.9915679097175598,0.9857014417648315,0.0058664679527282715
Z04,2025-09-12 19:00:00,1,rider_shortage,rebalance_riders,0.994959831237793,0.9907593727111816,0.004200458526611328
Z05,2025-09-12 19:00:00,1,rider_shortage,rebalance_riders,0.994396448135376,0.9817405939102173,0.012655854225158691
Z06,2025-09-12 19:00:00,1,rider_shortage,rebalance_riders,0.9925312399864197,0.9779115915298462,0.014619648456573486
Z07,2025-09-12 19:00:00,1,rider_shortage,rebalance_riders,0.9948977828025818,0.9919337034225464,0.0029640793800354004
Z08,2025-09-12 19:00:00,1,traffic,reroute_traffic,0.9939520955085754,0.9933153986930847,0.0006366968154907227
Z09,2025-09-12 19:00:00,1,rider_shortage,rebalance_riders,0.9933561086654663,0.9800381064414978,0.013318002223968506
Z10,2025-09-12 19:00:00,1,traffic,reroute_traffic,0.9926143884658813,0.991317868232727,0.0012965202331542969
Z01,2025-09-12 20:00:00,1,rider_shortage,rebalance_riders,0.9920909404754639,0.89622962474823,0.09586131572723389
Z02,2025-09-12 20:00:00,1,rider_shortage,rebalance_riders,0.9257376790046692,0.6180629134178162,0.307674765586853
Z03,2025-09-12 20:00:00,1,rider_shortage,rebalance_riders,0.9804452061653137,0.8894977569580078,0.09094744920730591
Z04,2025-09-12 20:00:00,1,traffic,reroute_traffic,0.8031389713287354,0.6016497611999512,0.20148921012878418
Z05,2025-09-12 20:00:00,1,rider_shortage,rebalance_riders,0.9941396713256836,0.9333527684211731,0.0607869029045105
Z06,2025-09-12 20:00:00,1,rider_shortage,rebalance_riders,0.9563629031181335,0.5973204970359802,0.3590424060821533
Z07,2025-09-12 20:00:00,1,traffic,reroute_traffic,0.9544954299926758,0.8053345084190369,0.14916092157363892
Z08,2025-09-12 20:00:00,1,traffic,reroute_traffic,0.8642807602882385,0.7329819798469543,0.13129878044128418
Z09,2025-09-12 20:00:00,0,rider_shortage,rebalance_riders,0.9583685994148254,0.6528856158256531,0.30548298358917236
Z10,2025-09-12 20:00:00,1,rider_shortage,rebalance_riders,0.948390007019043,0.4184291958808899,0.5299608111381531
Z01,2025-09-12 21:00:00,1,rider_shortage,rebalance_riders,0.9951176643371582,0.9914002418518066,0.0037174224853515625
Z02,2025-09-12 21:00:00,1,rider_shortage,rebalance_riders,0.9951375126838684,0.9946922659873962,0.00044524669647216797
Z03,2025-09-12 21:00:00,1,rider_shortage,rebalance_riders,0.9945843815803528,0.9933843016624451,0.0012000799179077148
Z04,2025-09-12 21:00:00,1,rider_shortage,rebalance_riders,0.9947326183319092,0.992834210395813,0.0018984079360961914
Z05,2025-09-12 21:00:00,1,rider_shortage,rebalance_riders,0.9950331449508667,0.9950331449508667,0.0
Z06,2025-09-12 21:00:00,1,rider_shortage,rebalance_riders,0.9950128197669983,0.9940757751464844,0.000937044620513916
Z07,2025-09-12 21:00:00,1,rider_shortage,rebalance_riders,0.9951375126838684,0.9942803382873535,0.0008571743965148926
Z08,2025-09-12 21:00:00,1,rider_shortage,rebalance_riders,0.9945015907287598,0.9945015907287598,0.0
Z09,2025-09-12 21:00:00,1,rider_shortage,rebalance_riders,0.9947249293327332,0.9886732697486877,0.00605165958404541
Z10,2025-09-12 21:00:00,1,rider_shortage,rebalance_riders,0.9947249293327332,0.9889894127845764,0.005735516548156738
Z01,2025-09-12 22:00:00,1,rider_shortage,rebalance_riders,0.9948864579200745,0.9948864579200745,0.0
Z02,2025-09-12 22:00:00,1,rider_shortage,rebalance_riders,0.9948864579200745,0.9948864579200745,0.0
Z03,2025-09-12 22:00:00,1,rider_shortage,rebalance_riders,0.9948864579200745,0.9948864579200745,0.0
Z04,2025-09-12 22:00:00,1,rider_shortage,rebalance_riders,0.9948864579200745,0.9948864579200745,0.0
Z05,2025-09-12 22:00:00,1,rider_shortage,rebalance_riders,0.9948864579200745,0.9948864579200745,0.0
Z06,2025-09-12 22:00:00,1,rider_shortage,rebalance_riders,0.9948864579200745,0.9948864579200745,0.0
Z07,2025-09-12 22:00:00,1,rider_shortage,rebalance_riders,0.9948864579200745,0.9948864579200745,0.0
Z08,2025-09-12 22:00:00,1,rider_shortage,rebalance_riders,0.9948864579200745,0.9948864579200745,0.0
Z09,2025-09-12 22:00:00,1,rider_shortage,rebalance_riders,0.9948864579200745,0.9948864579200745,0.0
Z10,2025-09-12 22:00:00,1,rider_shortage,rebalance_riders,0.9948864579200745,0.9948864579200745,0.0
Z01,2025-09-12 23:00:00,1,rider_shortage,rebalance_riders,0.995169460773468,0.994083821773529,0.0010856389999389648
Z02,2025-09-12 23:00:00,1,traffic,reroute_traffic,0.9937321543693542,0.9840023517608643,0.00972980260848999
Z03,2025-09-12 23:00:00,1,traffic,reroute_traffic,0.9944557547569275,0.9912994503974915,0.003156304359436035
Z04,2025-09-12 23:00:00,1,traffic,reroute_traffic,0.991257905960083,0.9884229302406311,0.0028349757194519043
Z05,2025-09-12 23:00:00,1,rider_shortage,rebalance_riders,0.993698239326477,0.9891102910041809,0.004587948322296143
Z06,2025-09-12 23:00:00,1,traffic,reroute_traffic,0.9944925308227539,0.9937133193016052,0.0007792115211486816
Z07,2025-09-12 23:00:00,1,traffic,reroute_traffic,0.9879502058029175,0.9504390358924866,0.03751116991043091
Z08,2025-09-12 23:00:00,1,traffic,reroute_traffic,0.9940273761749268,0.9931406378746033,0.0008867383003234863
Z09,2025-09-12 23:00:00,1,traffic,reroute_traffic,0.9918436408042908,0.9694917798042297,0.022351861000061035
Z10,2025-09-12 23:00:00,1,traffic,reroute_traffic,0.993320107460022,0.9837305545806885,0.009589552879333496
Z01,2025-09-13 07:00:00,1,rider_shortage,rebalance_riders,0.816569983959198,0.05931369587779045,0.7572562880814075
Z06,2025-09-13 07:00:00,1,rider_shortage,alert_ops,0.3779798448085785,0.3779798448085785,0.0
Z08,2025-09-13 07:00:00,0,rider_shortage,alert_ops,0.30122193694114685,0.30122193694114685,0.0
Z01,2025-09-13 08:00:00,0,traffic,alert_ops,0.40925341844558716,0.40925341844558716,0.0
Z02,2025-09-13 08:00:00,0,traffic,alert_ops,0.35438424348831177,0.35438424348831177,0.0
Z03,2025-09-13 08:00:00,1,traffic,alert_ops,0.3929770290851593,0.3929770290851593,0.0
Z06,2025-09-13 08:00:00,1,traffic,alert_ops,0.6302165389060974,0.6302165389060974,0.0
Z07,2025-09-13 08:00:00,1,rider_shortage,rebalance_riders,0.9455496072769165,0.16255934536457062,0.7829902619123459
Z08,2025-09-13 08:00:00,1,rider_shortage,rebalance_riders,0.9545326828956604,0.5602515935897827,0.3942810893058777
Z09,2025-09-13 08:00:00,0,traffic,reroute_traffic,0.7657470703125,0.5056588053703308,0.2600882649421692
Z10,2025-09-13 08:00:00,1,traffic,reroute_traffic,0.8499510288238525,0.6632517576217651,0.1866992712020874
Z01,2025-09-13 09:00:00,0,traffic,reroute_traffic,0.8557789325714111,0.6400344967842102,0.21574443578720093
Z04,2025-09-13 09:00:00,1,traffic,reroute_traffic,0.8800219893455505,0.7402058839797974,0.13981610536575317
Z05,2025-09-13 09:00:00,1,traffic,alert_ops,0.361309677362442,0.361309677362442,0.0
Z06,2025-09-13 09:00:00,1,rider_shortage,rebalance_riders,0.86656254529953,0.17989009618759155,0.6866724491119385
Z07,2025-09-13 09:00:00,0,traffic,alert_ops,0.5662233233451843,0.5662233233451843,0.0
Z08,2025-09-13 09:00:00,1,rider_shortage,rebalance_riders,0.9733412265777588,0.6604969501495361,0.31284427642822266
Z09,2025-09-13 09:00:00,0,traffic,alert_ops,0.5704308152198792,0.5704308152198792,0.0
Z10,2025-09-13 09:00:00,1,rider_shortage,rebalance_riders,0.8898391723632812,0.18723973631858826,0.702599436044693
Z07,2025-09-13 10:00:00,0,traffic,alert_ops,0.6223706007003784,0.6223706007003784,0.0
Z01,2025-09-13 12:00:00,0,rider_shortage,alert_ops,0.43058842420578003,0.43058842420578003,0.0
Z02,2025-09-13 12:00:00,0,rider_shortage,alert_ops,0.6401596069335938,0.6401596069335938,0.0
Z07,2025-09-13 12:00:00,1,rider_shortage,rebalance_riders,0.8549634218215942,0.038158100098371506,0.8168053217232227
Z08,2025-09-13 12:00:00,0,rider_shortage,alert_ops,0.49090683460235596,0.49090683460235596,0.0
Z09,2025-09-13 12:00:00,1,rider_shortage,rebalance_riders,0.7865402102470398,0.17905491590499878,0.607485294342041
Z10,2025-09-13 12:00:00,0,rider_shortage,alert_ops,0.3150034248828888,0.3150034248828888,0.0
Z01,2025-09-13 13:00:00,1,rider_shortage,rebalance_riders,0.8677738308906555,0.13894562423229218,0.7288282066583633
Z03,2025-09-13 13:00:00,1,rider_shortage,rebalance_riders,0.7792086601257324,0.21132490038871765,0.5678837597370148
Z04,2025-09-13 13:00:00,0,rider_shortage,alert_ops,0.37129858136177063,0.37129858136177063,0.0
Z05,2025-09-13 13:00:00,1,rider_shortage,rebalance_riders,0.9610457420349121,0.07231305539608002,0.8887326866388321
Z06,2025-09-13 13:00:00,1,rider_shortage,rebalance_riders,0.8494331240653992,0.08215179294347763,0.7672813311219215
Z07,2025-09-13 13:00:00,0,rider_shortage,alert_ops,0.4950101375579834,0.4950101375579834,0.0
Z08,2025-09-13 13:00:00,0,rider_shortage,alert_ops,0.3398679196834564,0.3398679196834564,0.0
Z09,2025-09-13 13:00:00,0,rider_shortage,alert_ops,0.5168415904045105,0.5168415904045105,0.0
Z01,2025-09-13 14:00:00,1,rider_shortage,rebalance_riders,0.7014091610908508,0.05586851388216019,0.6455406472086906
Z02,2025-09-13 14:00:00,0,rider_shortage,alert_ops,0.5328637361526489,0.5328637361526489,0.0
Z03,2025-09-13 14:00:00,1,rider_shortage,rebalance_riders,0.8873078227043152,0.3520071506500244,0.5353006720542908
Z05,2025-09-13 14:00:00,1,rider_shortage,rebalance_riders,0.8323180079460144,0.03833182528614998,0.7939861826598644
Z06,2025-09-13 14:00:00,1,rider_shortage,alert_ops,0.5078164935112,0.5078164935112,0.0
Z07,2025-09-13 14:00:00,1,rider_shortage,rebalance_riders,0.9717395901679993,0.08290454000234604,0.8888350501656532
Z08,2025-09-13 14:00:00,1,rider_shortage,rebalance_riders,0.7186076045036316,0.06883402168750763,0.649773582816124
Z10,2025-09-13 14:00:00,1,rider_shortage,rebalance_riders,0.9048227667808533,0.15899871289730072,0.7458240538835526
Z02,2025-09-13 17:00:00,0,traffic,alert_ops,0.343945175409317,0.343945175409317,0.0
Z10,2025-09-13 17:00:00,0,traffic,alert_ops,0.3589099943637848,0.3589099943637848,0.0
Z04,2025-09-13 18:00:00,0,traffic,alert_ops,0.3198038339614868,0.3198038339614868,0.0
Z05,2025-09-13 18:00:00,1,traffic,reroute_traffic,0.749427080154419,0.4906609356403351,0.25876614451408386
Z07,2025-09-13 18:00:00,0,traffic,alert_ops,0.40450286865234375,0.40450286865234375,0.0
Z01,2025-09-13 19:00:00,1,rider_shortage,rebalance_riders,0.9813428521156311,0.6948529481887817,0.28648990392684937
Z02,2025-09-13 19:00:00,1,rider_shortage,rebalance_riders,0.9942936301231384,0.9824385046958923,0.011855125427246094
Z03,2025-09-13 19:00:00,1,rider_shortage,rebalance_riders,0.9657878279685974,0.8366923332214355,0.12909549474716187
Z04,2025-09-13 19:00:00,1,rider_shortage,rebalance_riders,0.9925254583358765,0.9301256537437439,0.06239980459213257
Z05,2025-09-13 19:00:00,1,rider_shortage,rebalance_riders,0.9328731298446655,0.12280813604593277,0.8100649937987328
Z06,2025-09-13 19:00:00,1,rider_shortage,rebalance_riders,0.9867106080055237,0.868658185005188,0.1180524230003357
Z07,2025-09-13 19:00:00,1,rider_shortage,rebalance_riders,0.9896061420440674,0.6262046694755554,0.36340147256851196
Z08,2025-09-13 19:00:00,1,rider_shortage,rebalance_riders,0.9747325778007507,0.8446967005729675,0.1300358772277832
Z09,2025-09-13 19:00:00,1,rider_shortage,rebalance_riders,0.9894550442695618,0.904179036617279,0.08527600765228271
Z10,2025-09-13 19:00:00,1,rider_shortage,rebalance_riders,0.9935769438743591,0.965777575969696,0.027799367904663086
Z01,2025-09-13 20:00:00,1,rider_shortage,rebalance_riders,0.9817204475402832,0.8084235787391663,0.17329686880111694
Z02,2025-09-13 20:00:00,1,rider_shortage,rebalance_riders,0.9936320185661316,0.9780828952789307,0.015549123287200928
Z03,2025-09-13 20:00:00,1,rider_shortage,rebalance_riders,0.9508009552955627,0.797857940196991,0.15294301509857178
Z04,2025-09-13 20:00:00,1,rider_shortage,rebalance_riders,0.9907084703445435,0.8755710124969482,0.11513745784759521
Z05,2025-09-13 20:00:00,1,rider_shortage,rebalance_riders,0.9903704524040222,0.7441975474357605,0.24617290496826172
Z06,2025-09-13 20:00:00,1,rider_shortage,rebalance_riders,0.9888324737548828,0.874620795249939,0.11421167850494385
Z07,2025-09-13 20:00:00,1,rider_shortage,rebalance_riders,0.9925568103790283,0.8308266997337341,0.1617301106452942
Z08,2025-09-13 20:00:00,1,rider_shortage,rebalance_riders,0.9693735837936401,0.6869203448295593,0.2824532389640808
Z09,2025-09-13 20:00:00,1,traffic,reroute_traffic,0.8693808317184448,0.7180806994438171,0.15130013227462769
Z10,2025-09-13 20:00:00,1,rider_shortage,rebalance_riders,0.9384760856628418,0.3967146873474121,0.5417613983154297
Z01,2025-09-13 21:00:00,1,rider_shortage,rebalance_riders,0.8830413818359375,0.14066757261753082,0.7423738092184067
Z02,2025-09-13 21:00:00,1,rider_shortage,rebalance_riders,0.9533334374427795,0.442364901304245,0.5109685361385345
Z03,2025-09-13 21:00:00,1,rider_shortage,rebalance_riders,0.900213897228241,0.4512982964515686,0.44891560077667236
Z04,2025-09-13 21:00:00,1,rider_shortage,rebalance_riders,0.9248116612434387,0.23303364217281342,0.6917780190706253
Z05,2025-09-13 21:00:00,1,rider_shortage,rebalance_riders,0.9180113673210144,0.0899478867650032,0.8280634805560112
Z06,2025-09-13 21:00:00,1,rider_shortage,rebalance_riders,0.9749964475631714,0.5089144706726074,0.46608197689056396
Z07,2025-09-13 21:00:00,1,rider_shortage,rebalance_riders,0.9748960137367249,0.13631252944469452,0.8385834842920303
Z08,2025-09-13 21:00:00,1,rider_shortage,rebalance_riders,0.9020448923110962,0.379758358001709,0.5222865343093872
Z09,2025-09-13 21:00:00,1,rider_shortage,rebalance_riders,0.9848040342330933,0.4539715647697449,0.5308324694633484
Z10,2025-09-13 21:00:00,0,rider_shortage,rebalance_riders,0.7856495380401611,0.06430023908615112,0.72134929895401
Z01,2025-09-13 22:00:00,1,rider_shortage,rebalance_riders,0.7203019857406616,0.09073608368635178,0.6295659020543098
Z02,2025-09-13 22:00:00,1,rider_shortage,rebalance_riders,0.8545117974281311,0.3375263214111328,0.5169854760169983
Z03,2025-09-13 22:00:00,1,rider_shortage,rebalance_riders,0.7355086803436279,0.21349714696407318,0.5220115333795547
Z04,2025-09-13 22:00:00,0,rider_shortage,rebalance_riders,0.9077275395393372,0.2894077003002167,0.6183198392391205
Z06,2025-09-13 22:00:00,0,rider_shortage,rebalance_riders,0.8487350940704346,0.1562417596578598,0.6924933344125748
Z08,2025-09-13 22:00:00,1,rider_shortage,rebalance_riders,0.9913002848625183,0.7297868728637695,0.2615134119987488
Z09,2025-09-13 22:00:00,1,rider_shortage,rebalance_riders,0.9914851784706116,0.7662902474403381,0.22519493103027344
Z09,2025-09-14 05:00:00,0,rider_shortage,alert_ops,0.30097123980522156,0.30097123980522156,0.0
Z10,2025-09-14 07:00:00,1,rider_shortage,alert_ops,0.5026847124099731,0.5026847124099731,0.0
Z01,2025-09-14 08:00:00,0,traffic,reroute_traffic,0.7312305569648743,0.48672690987586975,0.24450364708900452
Z02,2025-09-14 08:00:00,0,traffic,alert_ops,0.6415635943412781,0.6415635943412781,0.0
Z03,2025-09-14 08:00:00,1,traffic,alert_ops,0.5628103017807007,0.5628103017807007,0.0
Z04,2025-09-14 08:00:00,0,traffic,alert_ops,0.6274586915969849,0.6274586915969849,0.0
Z05,2025-09-14 08:00:00,0,traffic,reroute_traffic,0.8530735373497009,0.6541066765785217,0.1989668607711792
Z06,2025-09-14 08:00:00,1,traffic,reroute_traffic,0.8766952753067017,0.6749768257141113,0.20171844959259033
Z07,2025-09-14 08:00:00,1,rider_shortage,rebalance_riders,0.8834988474845886,0.06469684094190598,0.8188020065426826
Z08,2025-09-14 08:00:00,1,rider_shortage,alert_ops,0.6316779255867004,0.6316779255867004,0.0
Z09,2025-09-14 08:00:00,0,traffic,alert_ops,0.5505925416946411,0.5505925416946411,0.0
Z01,2025-09-14 09:00:00,1,traffic,reroute_traffic,0.8781006336212158,0.7315427660942078,0.14655786752700806
Z02,2025-09-14 09:00:00,1,rider_shortage,rebalance_riders,0.9661304354667664,0.61955326795578,0.34657716751098633
Z03,2025-09-14 09:00:00,0,traffic,alert_ops,0.3049987852573395,0.3049987852573395,0.0
Z05,2025-09-14 09:00:00,1,traffic,alert_ops,0.6450820565223694,0.6450820565223694,0.0
Z06,2025-09-14 09:00:00,1,rider_shortage,rebalance_riders,0.9863901138305664,0.7517619132995605,0.23462820053100586
Z08,2025-09-14 09:00:00,1,traffic,reroute_traffic,0.8669729232788086,0.7554171681404114,0.11155575513839722
Z09,2025-09-14 09:00:00,1,rider_shortage,rebalance_riders,0.9253358244895935,0.37227675318717957,0.5530590713024139
Z10,2025-09-14 09:00:00,0,rider_shortage,rebalance_riders,0.9057406783103943,0.14921492338180542,0.7565257549285889
Z05,2025-09-14 10:00:00,0,traffic,reroute_traffic,0.796854555606842,0.5702129602432251,0.22664159536361694
Z09,2025-09-14 10:00:00,0,traffic,alert_ops,0.4365995526313782,0.4365995526313782,0.0
Z01,2025-09-14 12:00:00,1,rider_shortage,alert_ops,0.3501412868499756,0.3501412868499756,0.0
Z02,2025-09-14 12:00:00,0,rider_shortage,rebalance_riders,0.8609851002693176,0.18404844403266907,0.6769366562366486
Z03,2025-09-14 12:00:00,1,rider_shortage,rebalance_riders,0.7959475517272949,0.251228392124176,0.5447191596031189
Z04,2025-09-14 12:00:00,0,rider_shortage,alert_ops,0.3433510661125183,0.3433510661125183,0.0
Z05,2025-09-14 12:00:00,0,rider_shortage,alert_ops,0.4610685408115387,0.4610685408115387,0.0
Z06,2025-09-14 12:00:00,0,rider_shortage,rebalance_riders,0.7059904932975769,0.07735872268676758,0.6286317706108093
Z07,2025-09-14 12:00:00,0,rider_shortage,rebalance_riders,0.7696977853775024,0.02272881753742695,0.7469689678400755
Z08,2025-09-14 12:00:00,0,rider_shortage,rebalance_riders,0.8909623026847839,0.24091003835201263,0.6500522643327713
Z09,2025-09-14 12:00:00,1,rider_shortage,alert_ops,0.6454898715019226,0.6454898715019226,0.0
Z02,2025-09-14 13:00:00,1,rider_shortage,rebalance_riders,0.9580720663070679,0.4299396872520447,0.5281323790550232
Z04,2025-09-14 13:00:00,1,rider_shortage,rebalance_riders,0.7678764462471008,0.09024088084697723,0.6776355654001236
Z05,2025-09-14 13:00:00,1,rider_shortage,alert_ops,0.43160635232925415,0.43160635232925415,0.0
Z06,2025-09-14 13:00:00,1,rider_shortage,rebalance_riders,0.9316679835319519,0.23939500749111176,0.6922729760408401
Z07,2025-09-14 13:00:00,1,rider_shortage,rebalance_riders,0.9708222150802612,0.3027445673942566,0.6680776476860046
Z08,2025-09-14 13:00:00,0,rider_shortage,rebalance_riders,0.8332265019416809,0.19540177285671234,0.6378247290849686
Z10,2025-09-14 13:00:00,1,rider_shortage,rebalance_riders,0.7955918312072754,0.045411620289087296,0.7501802109181881
Z02,2025-09-14 14:00:00,0,rider_shortage,alert_ops,0.5180308818817139,0.5180308818817139,0.0
Z04,2025-09-14 14:00:00,1,rider_shortage,rebalance_riders,0.702434241771698,0.08536224067211151,0.6170720010995865
Z05,2025-09-14 14:00:00,0,rider_shortage,alert_ops,0.5270450115203857,0.5270450115203857,0.0
Z07,2025-09-14 14:00:00,0,rider_shortage,alert_ops,0.5654383301734924,0.5654383301734924,0.0
Z08,2025-09-14 14:00:00,0,rider_shortage,alert_ops,0.5775725245475769,0.5775725245475769,0.0
Z09,2025-09-14 14:00:00,1,rider_shortage,rebalance_riders,0.8184429407119751,0.17292024195194244,0.6455226987600327
Z10,2025-09-14 14:00:00,1,rider_shortage,rebalance_riders,0.7959105372428894,0.09984134137630463,0.6960691958665848
Z05,2025-09-14 17:00:00,1,traffic,reroute_traffic,0.8056275248527527,0.627895176410675,0.17773234844207764
Z03,2025-09-14 18:00:00,1,traffic,alert_ops,0.5184680819511414,0.5184680819511414,0.0
Z05,2025-09-14 18:00:00,0,traffic,alert_ops,0.5020288228988647,0.5020288228988647,0.0
Z07,2025-09-14 18:00:00,1,traffic,reroute_traffic,0.7229374647140503,0.49536383152008057,0.22757363319396973
Z01,2025-09-14 19:00:00,1,rider_shortage,rebalance_riders,0.9106795191764832,0.2876072824001312,0.6230722367763519
Z02,2025-09-14 19:00:00,1,rider_shortage,rebalance_riders,0.9907084703445435,0.9483335018157959,0.04237496852874756
Z03,2025-09-14 19:00:00,1,rider_shortage,rebalance_riders,0.984939455986023,0.8965051770210266,0.08843427896499634
Z04,2025-09-14 19:00:00,1,rider_shortage,rebalance_riders,0.969569981098175,0.6117030382156372,0.35786694288253784
Z05,2025-09-14 19:00:00,1,rider_shortage,rebalance_riders,0.9772058725357056,0.43038856983184814,0.5468173027038574
Z06,2025-09-14 19:00:00,1,rider_shortage,rebalance_riders,0.9845747351646423,0.8856255412101746,0.09894919395446777
Z07,2025-09-14 19:00:00,1,rider_shortage,rebalance_riders,0.9789626002311707,0.5250664353370667,0.453896164894104
Z08,2025-09-14 19:00:00,1,rider_shortage,rebalance_riders,0.9753943681716919,0.702957272529602,0.27243709564208984
Z09,2025-09-14 19:00:00,1,rider_shortage,rebalance_riders,0.9339267015457153,0.5683488249778748,0.3655778765678406
Z10,2025-09-14 19:00:00,1,rider_shortage,rebalance_riders,0.9935750365257263,0.9576834440231323,0.035891592502593994
Z01,2025-09-14 20:00:00,1,rider_shortage,rebalance_riders,0.9667012095451355,0.784669041633606,0.18203216791152954
Z02,2025-09-14 20:00:00,1,rider_shortage,rebalance_riders,0.9711505174636841,0.7988001108169556,0.17235040664672852
Z03,2025-09-14 20:00:00,1,rider_shortage,rebalance_riders,0.951915979385376,0.7857437133789062,0.16617226600646973
Z04,2025-09-14 20:00:00,1,rider_shortage,rebalance_riders,0.9893285632133484,0.9119977355003357,0.0773308277130127
Z05,2025-09-14 20:00:00,1,rider_shortage,rebalance_riders,0.9920720458030701,0.7393848299980164,0.2526872158050537
Z06,2025-09-14 20:00:00,1,rider_shortage,rebalance_riders,0.9766740202903748,0.7754991054534912,0.20117491483688354
Z07,2025-09-14 20:00:00,1,rider_shortage,rebalance_riders,0.992412269115448,0.7552292943000793,0.23718297481536865
Z08,2025-09-14 20:00:00,1,rider_shortage,rebalance_riders,0.9880654811859131,0.8848949074745178,0.10317057371139526
Z09,2025-09-14 20:00:00,1,rider_shortage,rebalance_riders,0.9790002703666687,0.7425431609153748,0.23645710945129395
Z10,2025-09-14 20:00:00,1,rider_shortage,rebalance_riders,0.9847575426101685,0.7443895936012268,0.24036794900894165
Z01,2025-09-14 21:00:00,1,rider_shortage,rebalance_riders,0.980841875076294,0.3254748284816742,0.6553670465946198
Z02,2025-09-14 21:00:00,1,rider_shortage,rebalance_riders,0.7546727061271667,0.21283917129039764,0.5418335348367691
Z03,2025-09-14 21:00:00,1,rider_shortage,rebalance_riders,0.8688720464706421,0.37925150990486145,0.48962053656578064
Z04,2025-09-14 21:00:00,1,rider_shortage,rebalance_riders,0.8970975279808044,0.2380778193473816,0.6590197086334229
Z05,2025-09-14 21:00:00,1,rider_shortage,rebalance_riders,0.9714617133140564,0.15154345333576202,0.8199182599782944
Z06,2025-09-14 21:00:00,1,rider_shortage,rebalance_riders,0.9478648900985718,0.30192136764526367,0.6459435224533081
Z07,2025-09-14 21:00:00,1,rider_shortage,rebalance_riders,0.98628830909729,0.2806338369846344,0.7056544721126556
Z08,2025-09-14 21:00:00,0,rider_shortage,rebalance_riders,0.8018595576286316,0.1466982364654541,0.6551613211631775
Z09,2025-09-14 21:00:00,1,rider_shortage,rebalance_riders,0.745171308517456,0.22199945151805878,0.5231718569993973
Z10,2025-09-14 21:00:00,1,rider_shortage,rebalance_riders,0.87134850025177,0.09844014048576355,0.7729083597660065
Z01,2025-09-14 22:00:00,0,rider_shortage,rebalance_riders,0.7651916742324829,0.08312161266803741,0.6820700615644455
Z02,2025-09-14 22:00:00,1,rider_shortage,rebalance_riders,0.7895702719688416,0.27095308899879456,0.518617182970047
Z03,2025-09-14 22:00:00,1,rider_shortage,alert_ops,0.6656560897827148,0.6656560897827148,0.0
Z04,2025-09-14 22:00:00,1,rider_shortage,rebalance_riders,0.989894688129425,0.7900342345237732,0.19986045360565186
Z05,2025-09-14 22:00:00,1,rider_shortage,rebalance_riders,0.8035241961479187,0.059365324676036835,0.7441588714718819
Z06,2025-09-14 22:00:00,0,rider_shortage,alert_ops,0.5703014135360718,0.5703014135360718,0.0
Z07,2025-09-14 22:00:00,1,rider_shortage,rebalance_riders,0.9723203182220459,0.14769133925437927,0.8246289789676666
Z08,2025-09-14 22:00:00,1,rider_shortage,rebalance_riders,0.8802133798599243,0.27236923575401306,0.6078441441059113
Z09,2025-09-14 22:00:00,1,rider_shortage,rebalance_riders,0.9588640928268433,0.5970871448516846,0.3617769479751587
Z10,2025-09-14 22:00:00,0,rider_shortage,rebalance_riders,0.8237025141716003,0.12951061129570007,0.6941919028759003
Z07,2025-09-15 07:00:00,0,rider_shortage,alert_ops,0.6142091155052185,0.6142091155052185,0.0
Z02,2025-09-15 08:00:00,0,traffic,alert_ops,0.4988255202770233,0.4988255202770233,0.0
Z04,2025-09-15 08:00:00,0,traffic,reroute_traffic,0.7465413808822632,0.4919927418231964,0.2545486390590668
Z05,2025-09-15 08:00:00,1,traffic,alert_ops,0.6398211121559143,0.6398211121559143,0.0
Z06,2025-09-15 08:00:00,0,traffic,alert_ops,0.6908884644508362,0.6908884644508362,0.0
Z08,2025-09-15 08:00:00,0,traffic,alert_ops,0.3269355893135071,0.3269355893135071,0.0
Z10,2025-09-15 08:00:00,0,traffic,reroute_traffic,0.730222761631012,0.47380101680755615,0.2564217448234558
Z03,2025-09-15 09:00:00,0,traffic,alert_ops,0.4387098550796509,0.4387098550796509,0.0
Z05,2025-09-15 09:00:00,1,rider_shortage,rebalance_riders,0.8834988474845886,0.06992318481206894,0.8135756626725197
Z07,2025-09-15 09:00:00,0,traffic,alert_ops,0.48900216817855835,0.48900216817855835,0.0
Z08,2025-09-15 09:00:00,0,traffic,alert_ops,0.302526593208313,0.302526593208313,0.0
Z09,2025-09-15 09:00:00,1,rider_shortage,rebalance_riders,0.8644829392433167,0.17188750207424164,0.692595437169075
Z10,2025-09-15 09:00:00,0,traffic,alert_ops,0.6666525602340698,0.6666525602340698,0.0
Z01,2025-09-15 12:00:00,0,rider_shortage,alert_ops,0.435656875371933,0.435656875371933,0.0
Z03,2025-09-15 12:00:00,0,rider_shortage,alert_ops,0.32136270403862,0.32136270403862,0.0
Z07,2025-09-15 12:00:00,0,rider_shortage,rebalance_riders,0.9208938479423523,0.036653146147727966,0.8842407017946243
Z08,2025-09-15 12:00:00,1,rider_shortage,alert_ops,0.35908520221710205,0.35908520221710205,0.0
Z09,2025-09-15 12:00:00,0,rider_shortage,alert_ops,0.3557531535625458,0.3557531535625458,0.0
Z10,2025-09-15 12:00:00,1,rider_shortage,alert_ops,0.34009256958961487,0.34009256958961487,0.0
Z02,2025-09-15 13:00:00,0,rider_shortage,alert_ops,0.46062037348747253,0.46062037348747253,0.0
Z04,2025-09-15 13:00:00,1,rider_shortage,rebalance_riders,0.7690908908843994,0.05586490035057068,0.7132259905338287
Z02,2025-09-15 14:00:00,1,rider_shortage,alert_ops,0.6554948091506958,0.6554948091506958,0.0
Z05,2025-09-15 14:00:00,0,rider_shortage,alert_ops,0.3648020327091217,0.3648020327091217,0.0
Z09,2025-09-15 14:00:00,0,rider_shortage,alert_ops,0.37950292229652405,0.37950292229652405,0.0
Z09,2025-09-15 17:00:00,0,traffic,alert_ops,0.570371150970459,0.570371150970459,0.0
Z01,2025-09-15 19:00:00,1,rider_shortage,rebalance_riders,0.9288682341575623,0.4538392126560211,0.47502902150154114
Z02,2025-09-15 19:00:00,1,rider_shortage,rebalance_riders,0.8316318392753601,0.2647620439529419,0.5668697953224182
Z03,2025-09-15 19:00:00,1,rider_shortage,rebalance_riders,0.9517602324485779,0.7830631732940674,0.1686970591545105
Z04,2025-09-15 19:00:00,1,rider_shortage,rebalance_riders,0.9312344193458557,0.6305485367774963,0.3006858825683594
Z05,2025-09-15 19:00:00,1,traffic,reroute_traffic,0.7798228859901428,0.4945003390312195,0.28532254695892334
Z06,2025-09-15 19:00:00,1,traffic,reroute_traffic,0.9102728962898254,0.7489055395126343,0.16136735677719116
Z07,2025-09-15 19:00:00,1,rider_shortage,rebalance_riders,0.9143896698951721,0.16083672642707825,0.7535529434680939
Z08,2025-09-15 19:00:00,1,rider_shortage,rebalance_riders,0.9460108876228333,0.6702125668525696,0.27579832077026367
Z09,2025-09-15 19:00:00,0,rider_shortage,rebalance_riders,0.8787137866020203,0.3315446078777313,0.5471691787242889
Z10,2025-09-15 19:00:00,1,rider_shortage,rebalance_riders,0.9355752468109131,0.36341744661331177,0.5721578001976013
Z01,2025-09-15 20:00:00,1,rider_shortage,rebalance_riders,0.8587006330490112,0.24312539398670197,0.6155752390623093
Z02,2025-09-15 20:00:00,1,traffic,alert_ops,0.6535409092903137,0.6535409092903137,0.0
Z03,2025-09-15 20:00:00,1,rider_shortage,rebalance_riders,0.9860484600067139,0.9148877859115601,0.07116067409515381
Z04,2025-09-15 20:00:00,0,traffic,alert_ops,0.6880983114242554,0.6880983114242554,0.0
Z05,2025-09-15 20:00:00,1,rider_shortage,rebalance_riders,0.9904372096061707,0.7487209439277649,0.24171626567840576
Z06,2025-09-15 20:00:00,1,rider_shortage,rebalance_riders,0.9933106899261475,0.9619169235229492,0.03139376640319824
Z07,2025-09-15 20:00:00,1,rider_shortage,rebalance_riders,0.9647778272628784,0.36534374952316284,0.5994340777397156
Z08,2025-09-15 20:00:00,1,traffic,reroute_traffic,0.8119913339614868,0.6296072006225586,0.18238413333892822
Z09,2025-09-15 20:00:00,1,rider_shortage,alert_ops,0.5056042075157166,0.5056042075157166,0.0
Z10,2025-09-15 20:00:00,1,rider_shortage,rebalance_riders,0.992070734500885,0.8861350417137146,0.10593569278717041
Z01,2025-09-15 21:00:00,1,rider_shortage,alert_ops,0.42854321002960205,0.42854321002960205,0.0
Z02,2025-09-15 21:00:00,0,rider_shortage,rebalance_riders,0.8633416891098022,0.13674227893352509,0.7265994101762772
Z04,2025-09-15 21:00:00,0,rider_shortage,rebalance_riders,0.8434528112411499,0.14961381256580353,0.6938389986753464
Z05,2025-09-15 21:00:00,0,rider_shortage,alert_ops,0.352298378944397,0.352298378944397,0.0
Z06,2025-09-15 21:00:00,0,rider_shortage,alert_ops,0.35526391863822937,0.35526391863822937,0.0
Z07,2025-09-15 21:00:00,1,rider_shortage,rebalance_riders,0.8058904409408569,0.03149373456835747,0.7743967063724995
Z08,2025-09-15 21:00:00,0,rider_shortage,alert_ops,0.6632981300354004,0.6632981300354004,0.0
Z09,2025-09-15 21:00:00,1,rider_shortage,rebalance_riders,0.9726553559303284,0.5930022597312927,0.37965309619903564
Z10,2025-09-15 21:00:00,1,rider_shortage,rebalance_riders,0.8646211624145508,0.09757550805807114,0.7670456543564796
Z03,2025-09-15 22:00:00,1,rider_shortage,rebalance_riders,0.8598530888557434,0.3831232786178589,0.4767298102378845
Z04,2025-09-15 22:00:00,1,rider_shortage,alert_ops,0.6536846160888672,0.6536846160888672,0.0
Z07,2025-09-15 22:00:00,1,rider_shortage,rebalance_riders,0.8342848420143127,0.03758401423692703,0.7967008277773857
Z10,2025-09-15 22:00:00,1,rider_shortage,rebalance_riders,0.9832819104194641,0.3116042912006378,0.6716776192188263
Z10,2025-09-16 07:00:00,0,rider_shortage,alert_ops,0.6304821372032166,0.6304821372032166,0.0
Z01,2025-09-16 08:00:00,0,traffic,alert_ops,0.6990656852722168,0.6990656852722168,0.0
Z03,2025-09-16 08:00:00,0,traffic,alert_ops,0.49235275387763977,0.49235275387763977,0.0
Z04,2025-09-16 08:00:00,0,traffic,alert_ops,0.5855368375778198,0.5855368375778198,0.0
Z06,2025-09-16 08:00:00,0,rider_shortage,rebalance_riders,0.9020218849182129,0.09363086521625519,0.8083910197019577
Z07,2025-09-16 08:00:00,0,traffic,alert_ops,0.6843942999839783,0.6843942999839783,0.0
Z09,2025-09-16 08:00:00,0,traffic,alert_ops,0.6860892176628113,0.6860892176628113,0.0
Z10,2025-09-16 08:00:00,0,traffic,alert_ops,0.36535242199897766,0.36535242199897766,0.0
Z04,2025-09-16 09:00:00,0,traffic,alert_ops,0.507572591304779,0.507572591304779,0.0
Z05,2025-09-16 09:00:00,0,traffic,alert_ops,0.4725641906261444,0.4725641906261444,0.0
Z06,2025-09-16 09:00:00,0,traffic,reroute_traffic,0.8550991415977478,0.7153061032295227,0.1397930383682251
Z07,2025-09-16 09:00:00,1,traffic,reroute_traffic,0.7707560062408447,0.5478543043136597,0.22290170192718506
Z08,2025-09-16 09:00:00,1,rider_shortage,rebalance_riders,0.9001693725585938,0.3250596523284912,0.5751097202301025
Z09,2025-09-16 09:00:00,0,traffic,alert_ops,0.5745497345924377,0.5745497345924377,0.0
Z10,2025-09-16 09:00:00,1,traffic,reroute_traffic,0.7780235409736633,0.5821071863174438,0.19591635465621948
Z04,2025-09-16 12:00:00,1,rider_shortage,alert_ops,0.551185131072998,0.551185131072998,0.0
Z03,2025-09-16 13:00:00,0,rider_shortage,alert_ops,0.5236060619354248,0.5236060619354248,0.0
Z05,2025-09-16 13:00:00,0,rider_shortage,alert_ops,0.5519623756408691,0.5519623756408691,0.0
Z07,2025-09-16 13:00:00,1,rider_shortage,alert_ops,0.6326504349708557,0.6326504349708557,0.0
Z04,2025-09-16 14:00:00,1,rider_shortage,rebalance_riders,0.8923509120941162,0.21907825767993927,0.6732726544141769
Z05,2025-09-16 14:00:00,0,rider_shortage,alert_ops,0.39243844151496887,0.39243844151496887,0.0
Z08,2025-09-16 14:00:00,0,rider_shortage,alert_ops,0.4010058343410492,0.4010058343410492,0.0
Z09,2025-09-16 14:00:00,1,rider_shortage,alert_ops,0.46303823590278625,0.46303823590278625,0.0
Z10,2025-09-16 14:00:00,1,rider_shortage,alert_ops,0.375291109085083,0.375291109085083,0.0
Z07,2025-09-16 17:00:00,1,traffic,alert_ops,0.31582120060920715,0.31582120060920715,0.0
Z01,2025-09-16 19:00:00,0,rider_shortage,rebalance_riders,0.9007351994514465,0.2745803892612457,0.6261548101902008
Z02,2025-09-16 19:00:00,1,rider_shortage,rebalance_riders,0.9748831391334534,0.8169563412666321,0.1579267978668213
Z03,2025-09-16 19:00:00,0,rider_shortage,rebalance_riders,0.767875611782074,0.35272085666656494,0.41515475511550903
Z04,2025-09-16 19:00:00,1,rider_shortage,rebalance_riders,0.9382909536361694,0.5469301342964172,0.3913608193397522
Z06,2025-09-16 19:00:00,1,rider_shortage,rebalance_riders,0.8994773626327515,0.37767544388771057,0.5218019187450409
Z07,2025-09-16 19:00:00,1,rider_shortage,rebalance_riders,0.9643206596374512,0.3389669358730316,0.6253537237644196
Z08,2025-09-16 19:00:00,0,rider_shortage,rebalance_riders,0.8886186480522156,0.4181200861930847,0.47049856185913086
Z09,2025-09-16 19:00:00,1,rider_shortage,rebalance_riders,0.9941989183425903,0.9840351343154907,0.01016378402709961
Z10,2025-09-16 19:00:00,0,rider_shortage,rebalance_riders,0.7712924480438232,0.045830801129341125,0.7254616469144821
Z01,2025-09-16 20:00:00,1,rider_shortage,rebalance_riders,0.917808473110199,0.31660354137420654,0.6012049317359924
Z02,2025-09-16 20:00:00,0,traffic,reroute_traffic,0.8704096078872681,0.7219254970550537,0.14848411083221436
Z03,2025-09-16 20:00:00,1,rider_shortage,rebalance_riders,0.9764969944953918,0.9023959636688232,0.0741010308265686
Z04,2025-09-16 20:00:00,1,rider_shortage,rebalance_riders,0.8967128396034241,0.40320587158203125,0.4935069680213928
Z05,2025-09-16 20:00:00,0,rider_shortage,rebalance_riders,0.9250630736351013,0.14068874716758728,0.784374326467514
Z07,2025-09-16 20:00:00,1,rider_shortage,rebalance_riders,0.9266237616539001,0.11923392117023468,0.8073898404836655
Z08,2025-09-16 20:00:00,0,traffic,alert_ops,0.6383591890335083,0.6383591890335083,0.0
Z09,2025-09-16 20:00:00,1,rider_shortage,rebalance_riders,0.9729734063148499,0.7434521317481995,0.2295212745666504
Z10,2025-09-16 20:00:00,0,traffic,reroute_traffic,0.856258749961853,0.7165802717208862,0.1396784782409668
Z02,2025-09-16 21:00:00,1,rider_shortage,rebalance_riders,0.7862564921379089,0.24595263600349426,0.5403038561344147
Z03,2025-09-16 21:00:00,0,rider_shortage,alert_ops,0.42153826355934143,0.42153826355934143,0.0
Z04,2025-09-16 21:00:00,0,rider_shortage,alert_ops,0.39390334486961365,0.39390334486961365,0.0
Z05,2025-09-16 21:00:00,1,rider_shortage,rebalance_riders,0.7815329432487488,0.04031509533524513,0.7412178479135036
Z06,2025-09-16 21:00:00,0,rider_shortage,alert_ops,0.6558446288108826,0.6558446288108826,0.0
Z09,2025-09-16 21:00:00,0,rider_shortage,rebalance_riders,0.8394572138786316,0.183045893907547,0.6564113199710846
Z10,2025-09-16 21:00:00,0,rider_shortage,alert_ops,0.42433202266693115,0.42433202266693115,0.0
Z03,2025-09-16 22:00:00,0,rider_shortage,rebalance_riders,0.7036967277526855,0.21629779040813446,0.4873989373445511
Z05,2025-09-16 22:00:00,0,rider_shortage,alert_ops,0.33142390847206116,0.33142390847206116,0.0
Z06,2025-09-16 22:00:00,0,rider_shortage,alert_ops,0.41409289836883545,0.41409289836883545,0.0
Z07,2025-09-16 22:00:00,1,rider_shortage,rebalance_riders,0.925285816192627,0.03498997539281845,0.8902958407998085
Z09,2025-09-16 22:00:00,1,rider_shortage,rebalance_riders,0.81242436170578,0.09047853201627731,0.7219458296895027
Z10,2025-09-16 22:00:00,0,rider_shortage,alert_ops,0.5580999851226807,0.5580999851226807,0.0
Z01,2025-09-17 06:00:00,0,traffic,alert_ops,0.31029170751571655,0.31029170751571655,0.0
Z04,2025-09-17 06:00:00,1,traffic,alert_ops,0.5503483414649963,0.5503483414649963,0.0
Z05,2025-09-17 06:00:00,0,rider_shortage,rebalance_riders,0.8396230340003967,0.05803424492478371,0.781588789075613
Z06,2025-09-17 06:00:00,0,traffic,alert_ops,0.330648809671402,0.330648809671402,0.0
Z08,2025-09-17 06:00:00,1,traffic,alert_ops,0.6773446202278137,0.6773446202278137,0.0
Z10,2025-09-17 06:00:00,0,traffic,alert_ops,0.36452963948249817,0.36452963948249817,0.0
Z01,2025-09-17 07:00:00,0,rider_shortage,alert_ops,0.5899126529693604,0.5899126529693604,0.0
Z04,2025-09-17 07:00:00,0,rider_shortage,alert_ops,0.6000331044197083,0.6000331044197083,0.0
Z05,2025-09-17 07:00:00,1,rider_shortage,rebalance_riders,0.9648781418800354,0.25779101252555847,0.7070871293544769
Z06,2025-09-17 07:00:00,0,rider_shortage,alert_ops,0.6366609930992126,0.6366609930992126,0.0
Z07,2025-09-17 07:00:00,0,rider_shortage,rebalance_riders,0.8244255185127258,0.016083454713225365,0.8083420637995005
Z08,2025-09-17 07:00:00,1,rider_shortage,rebalance_riders,0.9833978414535522,0.7956828474998474,0.18771499395370483
Z10,2025-09-17 07:00:00,0,rider_shortage,alert_ops,0.5883336067199707,0.5883336067199707,0.0
Z01,2025-09-17 08:00:00,1,traffic,reroute_traffic,0.824129581451416,0.7022965550422668,0.12183302640914917
Z02,2025-09-17 08:00:00,1,traffic,reroute_traffic,0.8157367706298828,0.47492027282714844,0.3408164978027344
Z04,2025-09-17 08:00:00,0,traffic,alert_ops,0.6832233667373657,0.6832233667373657,0.0
Z05,2025-09-17 08:00:00,1,traffic,reroute_traffic,0.9748799204826355,0.9067618250846863,0.06811809539794922
Z06,2025-09-17 08:00:00,0,traffic,reroute_traffic,0.799956738948822,0.5638135671615601,0.23614317178726196
Z07,2025-09-17 08:00:00,1,rider_shortage,rebalance_riders,0.9575641751289368,0.13095781207084656,0.8266063630580902
Z08,2025-09-17 08:00:00,0,traffic,reroute_traffic,0.8418545126914978,0.6775115728378296,0.1643429398536682
Z09,2025-09-17 08:00:00,0,traffic,alert_ops,0.4942043125629425,0.4942043125629425,0.0
Z10,2025-09-17 08:00:00,0,traffic,reroute_traffic,0.8980218768119812,0.7105115652084351,0.18751031160354614
Z01,2025-09-17 09:00:00,0,traffic,reroute_traffic,0.9082302451133728,0.7491317391395569,0.15909850597381592
Z05,2025-09-17 09:00:00,1,traffic,reroute_traffic,0.9634568691253662,0.8474244475364685,0.1160324215888977
Z06,2025-09-17 09:00:00,0,traffic,alert_ops,0.6190527081489563,0.6190527081489563,0.0
Z07,2025-09-17 09:00:00,1,traffic,alert_ops,0.5973005890846252,0.5973005890846252,0.0
Z10,2025-09-17 09:00:00,1,traffic,reroute_traffic,0.7396728992462158,0.5121160745620728,0.22755682468414307
Z01,2025-09-17 10:00:00,0,traffic,reroute_traffic,0.9141268730163574,0.7010019421577454,0.21312493085861206
Z02,2025-09-17 10:00:00,1,traffic,alert_ops,0.31277328729629517,0.31277328729629517,0.0
Z03,2025-09-17 10:00:00,0,traffic,alert_ops,0.45640456676483154,0.45640456676483154,0.0
Z05,2025-09-17 10:00:00,0,traffic,alert_ops,0.5677585005760193,0.5677585005760193,0.0
Z07,2025-09-17 10:00:00,0,traffic,alert_ops,0.6082980632781982,0.6082980632781982,0.0
Z08,2025-09-17 10:00:00,1,traffic,alert_ops,0.6721600890159607,0.6721600890159607,0.0
Z09,2025-09-17 10:00:00,0,traffic,reroute_traffic,0.9412018060684204,0.7197086811065674,0.22149312496185303
Z10,2025-09-17 10:00:00,0,traffic,alert_ops,0.5492413640022278,0.5492413640022278,0.0
Z01,2025-09-17 11:00:00,1,traffic,reroute_traffic,0.7827957272529602,0.4280492663383484,0.3547464609146118
Z02,2025-09-17 11:00:00,1,traffic,reroute_traffic,0.9756039977073669,0.8213108777999878,0.15429311990737915
Z03,2025-09-17 11:00:00,1,traffic,reroute_traffic,0.986422598361969,0.9328253269195557,0.05359727144241333
Z04,2025-09-17 11:00:00,1,traffic,reroute_traffic,0.9905637502670288,0.9465346932411194,0.044029057025909424
Z05,2025-09-17 11:00:00,1,traffic,reroute_traffic,0.9850552082061768,0.8913460373878479,0.09370917081832886
Z06,2025-09-17 11:00:00,1,traffic,reroute_traffic,0.9853068590164185,0.8875016570091248,0.0978052020072937
Z07,2025-09-17 11:00:00,1,traffic,reroute_traffic,0.8951500654220581,0.6855102777481079,0.2096397876739502
Z08,2025-09-17 11:00:00,1,traffic,reroute_traffic,0.8974105715751648,0.2775825560092926,0.6198280155658722
Z09,2025-09-17 11:00:00,1,rider_shortage,rebalance_riders,0.9947007894515991,0.9883795976638794,0.0063211917877197266
Z10,2025-09-17 11:00:00,1,traffic,reroute_traffic,0.978123128414154,0.8440455198287964,0.13407760858535767
Z01,2025-09-17 12:00:00,0,rider_shortage,rebalance_riders,0.7240256667137146,0.11658990383148193,0.6074357628822327
Z02,2025-09-17 12:00:00,1,rider_shortage,rebalance_riders,0.9894540309906006,0.8817465901374817,0.1077074408531189
Z03,2025-09-17 12:00:00,1,rider_shortage,rebalance_riders,0.9639316201210022,0.7522980570793152,0.211633563041687
Z04,2025-09-17 12:00:00,1,rider_shortage,rebalance_riders,0.9563261270523071,0.5459375381469727,0.4103885889053345
Z05,2025-09-17 12:00:00,0,rider_shortage,rebalance_riders,0.8241518139839172,0.06602701544761658,0.7581247985363007
Z06,2025-09-17 12:00:00,1,rider_shortage,rebalance_riders,0.9429396390914917,0.5026088356971741,0.4403308033943176
Z07,2025-09-17 12:00:00,1,rider_shortage,rebalance_riders,0.990097165107727,0.7030143737792969,0.2870827913284302
Z08,2025-09-17 12:00:00,1,rider_shortage,rebalance_riders,0.9905161261558533,0.9260686635971069,0.06444746255874634
Z09,2025-09-17 12:00:00,1,rider_shortage,rebalance_riders,0.9765189290046692,0.7642400860786438,0.2122788429260254
Z10,2025-09-17 12:00:00,1,rider_shortage,rebalance_riders,0.9736573100090027,0.6785410046577454,0.2951163053512573
Z01,2025-09-17 13:00:00,1,rider_shortage,rebalance_riders,0.785730242729187,0.07152644544839859,0.7142037972807884
Z02,2025-09-17 13:00:00,0,rider_shortage,alert_ops,0.35854461789131165,0.35854461789131165,0.0
Z03,2025-09-17 13:00:00,0,rider_shortage,rebalance_riders,0.849204957485199,0.4466252326965332,0.40257972478866577
Z04,2025-09-17 13:00:00,1,rider_shortage,rebalance_riders,0.85477215051651,0.1637781858444214,0.6909939646720886
Z05,2025-09-17 13:00:00,0,rider_shortage,rebalance_riders,0.8192877769470215,0.07471317797899246,0.744574598968029
Z07,2025-09-17 13:00:00,1,rider_shortage,rebalance_riders,0.8035697937011719,0.023913120850920677,0.7796566728502512
Z08,2025-09-17 13:00:00,1,rider_shortage,rebalance_riders,0.9402812123298645,0.3752352297306061,0.5650459825992584
Z09,2025-09-17 13:00:00,0,rider_shortage,alert_ops,0.5617980360984802,0.5617980360984802,0.0
Z10,2025-09-17 13:00:00,0,rider_shortage,alert_ops,0.5034875869750977,0.5034875869750977,0.0
Z01,2025-09-17 14:00:00,0,rider_shortage,alert_ops,0.5644629597663879,0.5644629597663879,0.0
Z03,2025-09-17 14:00:00,1,rider_shortage,rebalance_riders,0.7334802746772766,0.2144123762845993,0.5190678983926773
Z04,2025-09-17 14:00:00,0,rider_shortage,alert_ops,0.3013075590133667,0.3013075590133667,0.0
Z06,2025-09-17 14:00:00,0,rider_shortage,rebalance_riders,0.7890539169311523,0.04344296082854271,0.7456109561026096
Z07,2025-09-17 14:00:00,1,rider_shortage,rebalance_riders,0.8352671265602112,0.0414280891418457,0.7938390374183655
Z09,2025-09-17 14:00:00,1,rider_shortage,rebalance_riders,0.9767197370529175,0.6797547936439514,0.29696494340896606
Z10,2025-09-17 14:00:00,1,rider_shortage,rebalance_riders,0.9857743978500366,0.5350868105888367,0.45068758726119995
Z01,2025-09-17 16:00:00,1,traffic,reroute_traffic,0.8473451733589172,0.7383559942245483,0.1089891791343689
Z03,2025-09-17 16:00:00,0,traffic,alert_ops,0.5908485054969788,0.5908485054969788,0.0
Z05,2025-09-17 16:00:00,0,traffic,alert_ops,0.3855401873588562,0.3855401873588562,0.0
Z06,2025-09-17 16:00:00,0,traffic,alert_ops,0.5781913995742798,0.5781913995742798,0.0
Z07,2025-09-17 16:00:00,0,traffic,alert_ops,0.40344110131263733,0.40344110131263733,0.0
Z08,2025-09-17 16:00:00,1,traffic,alert_ops,0.5749527812004089,0.5749527812004089,0.0
Z09,2025-09-17 16:00:00,0,traffic,alert_ops,0.6709588766098022,0.6709588766098022,0.0
Z10,2025-09-17 16:00:00,0,traffic,reroute_traffic,0.7128124237060547,0.3621189594268799,0.3506934642791748
Z01,2025-09-17 17:00:00,1,traffic,reroute_traffic,0.7525135278701782,0.3863529562950134,0.3661605715751648
Z02,2025-09-17 17:00:00,1,traffic,alert_ops,0.3952564299106598,0.3952564299106598,0.0
Z03,2025-09-17 17:00:00,1,traffic,alert_ops,0.6156949400901794,0.6156949400901794,0.0
Z04,2025-09-17 17:00:00,0,traffic,reroute_traffic,0.8509942889213562,0.5905005931854248,0.2604936957359314
Z05,2025-09-17 17:00:00,0,traffic,alert_ops,0.4022904932498932,0.4022904932498932,0.0
Z06,2025-09-17 17:00:00,1,traffic,alert_ops,0.6255964040756226,0.6255964040756226,0.0
Z07,2025-09-17 17:00:00,1,traffic,reroute_traffic,0.9364496469497681,0.8031226992607117,0.1333269476890564
Z08,2025-09-17 17:00:00,0,traffic,alert_ops,0.32957494258880615,0.32957494258880615,0.0
Z09,2025-09-17 17:00:00,1,traffic,reroute_traffic,0.8856699466705322,0.6573529839515686,0.22831696271896362
Z10,2025-09-17 17:00:00,0,traffic,alert_ops,0.650947630405426,0.650947630405426,0.0
Z01,2025-09-17 18:00:00,1,traffic,reroute_traffic,0.9939324259757996,0.9929302334785461,0.001002192497253418
Z02,2025-09-17 18:00:00,1,rider_shortage,rebalance_riders,0.995169460773468,0.9943577647209167,0.0008116960525512695
Z03,2025-09-17 18:00:00,1,rider_shortage,rebalance_riders,0.995169460773468,0.9945934414863586,0.000576019287109375
Z04,2025-09-17 18:00:00,1,traffic,reroute_traffic,0.9951116442680359,0.9946346282958984,0.00047701597213745117
Z05,2025-09-17 18:00:00,1,traffic,reroute_traffic,0.9939947724342346,0.9930025935173035,0.0009921789169311523
Z06,2025-09-17 18:00:00,1,traffic,reroute_traffic,0.9940310120582581,0.993044912815094,0.0009860992431640625
Z07,2025-09-17 18:00:00,1,traffic,reroute_traffic,0.9943128824234009,0.9939310550689697,0.00038182735443115234
Z08,2025-09-17 18:00:00,1,traffic,reroute_traffic,0.9926064014434814,0.9907680153846741,0.001838386058807373
Z09,2025-09-17 18:00:00,1,traffic,reroute_traffic,0.9946893453598022,0.9941713213920593,0.0005180239677429199
Z10,2025-09-17 18:00:00,1,traffic,reroute_traffic,0.9945948719978333,0.9940676689147949,0.0005272030830383301
Z01,2025-09-17 19:00:00,1,rider_shortage,rebalance_riders,0.9943656921386719,0.9894786477088928,0.004887044429779053
Z02,2025-09-17 19:00:00,1,rider_shortage,rebalance_riders,0.9950161576271057,0.9905946254730225,0.004421532154083252
Z03,2025-09-17 19:00:00,1,traffic,reroute_traffic,0.9918476343154907,0.9845667481422424,0.007280886173248291
Z04,2025-09-17 19:00:00,1,rider_shortage,rebalance_riders,0.9950769543647766,0.9923424124717712,0.002734541893005371
Z05,2025-09-17 19:00:00,1,rider_shortage,rebalance_riders,0.9949548840522766,0.9929102063179016,0.002044677734375
Z06,2025-09-17 19:00:00,1,rider_shortage,rebalance_riders,0.9946921467781067,0.9906202554702759,0.0040718913078308105
Z07,2025-09-17 19:00:00,1,rider_shortage,rebalance_riders,0.9948687553405762,0.9814344644546509,0.013434290885925293
Z08,2025-09-17 19:00:00,1,rider_shortage,rebalance_riders,0.9950769543647766,0.9920584559440613,0.003018498420715332
Z09,2025-09-17 19:00:00,1,rider_shortage,rebalance_riders,0.9940987825393677,0.985679566860199,0.008419215679168701
Z10,2025-09-17 19:00:00,1,traffic,reroute_traffic,0.993029773235321,0.988922119140625,0.004107654094696045
Z01,2025-09-17 20:00:00,1,rider_shortage,rebalance_riders,0.995169460773468,0.995169460773468,0.0
Z02,2025-09-17 20:00:00,1,rider_shortage,rebalance_riders,0.995169460773468,0.995169460773468,0.0
Z03,2025-09-17 20:00:00,1,rider_shortage,rebalance_riders,0.995169460773468,0.995169460773468,0.0
Z04,2025-09-17 20:00:00,1,rider_shortage,rebalance_riders,0.995169460773468,0.9949378967285156,0.00023156404495239258
Z05,2025-09-17 20:00:00,1,rider_shortage,rebalance_riders,0.995169460773468,0.9943835735321045,0.0007858872413635254
Z06,2025-09-17 20:00:00,1,rider_shortage,rebalance_riders,0.995169460773468,0.995164155960083,5.304813385009766e-06
Z07,2025-09-17 20:00:00,1,rider_shortage,rebalance_riders,0.995169460773468,0.9945454597473145,0.0006240010261535645
Z08,2025-09-17 20:00:00,1,rider_shortage,rebalance_riders,0.995169460773468,0.995169460773468,0.0
Z09,2025-09-17 20:00:00,1,rider_shortage,rebalance_riders,0.995169460773468,0.994941771030426,0.0002276897430419922
Z10,2025-09-17 20:00:00,1,rider_shortage,rebalance_riders,0.995169460773468,0.9947254061698914,0.00044405460357666016
Z01,2025-09-17 21:00:00,1,rider_shortage,rebalance_riders,0.7799619436264038,0.0837947204709053,0.6961672231554985
Z02,2025-09-17 21:00:00,0,rider_shortage,rebalance_riders,0.7233259677886963,0.19101203978061676,0.5323139280080795
Z03,2025-09-17 21:00:00,0,rider_shortage,rebalance_riders,0.7676630616188049,0.32933399081230164,0.4383290708065033
Z04,2025-09-17 21:00:00,1,rider_shortage,rebalance_riders,0.7684803009033203,0.12774558365345,0.6407347172498703
Z05,2025-09-17 21:00:00,1,rider_shortage,rebalance_riders,0.9892008304595947,0.6774405837059021,0.3117602467536926
Z06,2025-09-17 21:00:00,1,rider_shortage,alert_ops,0.5737390518188477,0.5737390518188477,0.0
Z07,2025-09-17 21:00:00,1,rider_shortage,rebalance_riders,0.8910640478134155,0.09900880604982376,0.7920552417635918
Z08,2025-09-17 21:00:00,1,rider_shortage,alert_ops,0.6819060444831848,0.6819060444831848,0.0
Z09,2025-09-17 21:00:00,0,rider_shortage,alert_ops,0.4642344117164612,0.4642344117164612,0.0
Z10,2025-09-17 21:00:00,1,rider_shortage,rebalance_riders,0.9335079789161682,0.21459254622459412,0.7189154326915741
Z01,2025-09-17 22:00:00,1,rider_shortage,rebalance_riders,0.9949796795845032,0.9946156144142151,0.00036406517028808594
Z02,2025-09-17 22:00:00,1,rider_shortage,rebalance_riders,0.9949464201927185,0.9949464201927185,0.0
Z03,2025-09-17 22:00:00,1,rider_shortage,rebalance_riders,0.9949464201927185,0.9936485886573792,0.0012978315353393555
Z04,2025-09-17 22:00:00,1,rider_shortage,rebalance_riders,0.9949464201927185,0.9938815832138062,0.0010648369789123535
Z05,2025-09-17 22:00:00,1,rider_shortage,rebalance_riders,0.9947112798690796,0.9929623007774353,0.0017489790916442871
Z06,2025-09-17 22:00:00,1,rider_shortage,rebalance_riders,0.9949464201927185,0.9940787553787231,0.0008676648139953613
Z07,2025-09-17 22:00:00,1,rider_shortage,rebalance_riders,0.9946854114532471,0.9946854114532471,0.0
Z08,2025-09-17 22:00:00,1,rider_shortage,rebalance_riders,0.9949796795845032,0.9949796795845032,0.0
Z09,2025-09-17 22:00:00,1,rider_shortage,rebalance_riders,0.9947112798690796,0.9943278431892395,0.0003834366798400879
Z10,2025-09-17 22:00:00,1,rider_shortage,rebalance_riders,0.9949796795845032,0.9943438768386841,0.0006358027458190918
Z01,2025-09-17 23:00:00,1,traffic,reroute_traffic,0.9908503293991089,0.9408581256866455,0.04999220371246338
Z02,2025-09-17 23:00:00,1,traffic,reroute_traffic,0.9644837379455566,0.855732798576355,0.10875093936920166
Z03,2025-09-17 23:00:00,1,traffic,reroute_traffic,0.9882460236549377,0.9088310599327087,0.079414963722229
Z04,2025-09-17 23:00:00,1,traffic,reroute_traffic,0.9693785905838013,0.7484236359596252,0.22095495462417603
Z05,2025-09-17 23:00:00,1,traffic,reroute_traffic,0.8611100912094116,0.31288981437683105,0.5482202768325806
Z06,2025-09-17 23:00:00,1,traffic,reroute_traffic,0.9639807939529419,0.7922183871269226,0.1717624068260193
Z07,2025-09-17 23:00:00,1,traffic,reroute_traffic,0.9873005747795105,0.922581136226654,0.06471943855285645
Z08,2025-09-17 23:00:00,1,traffic,reroute_traffic,0.9675549864768982,0.844703197479248,0.12285178899765015
Z09,2025-09-17 23:00:00,0,traffic,reroute_traffic,0.9364754557609558,0.6500679850578308,0.286407470703125
Z10,2025-09-17 23:00:00,1,traffic,reroute_traffic,0.9861702919006348,0.9062920212745667,0.07987827062606812
Z03,2025-09-18 08:00:00,0,traffic,alert_ops,0.3158215880393982,0.3158215880393982,0.0
Z05,2025-09-18 08:00:00,0,rider_shortage,rebalance_riders,0.930147647857666,0.3266085088253021,0.6035391390323639
Z07,2025-09-18 08:00:00,1,traffic,reroute_traffic,0.8200147151947021,0.6424090266227722,0.17760568857192993
Z03,2025-09-18 09:00:00,1,traffic,alert_ops,0.610112190246582,0.610112190246582,0.0
Z06,2025-09-18 09:00:00,1,traffic,alert_ops,0.34564700722694397,0.34564700722694397,0.0
Z10,2025-09-18 09:00:00,1,traffic,alert_ops,0.35170239210128784,0.35170239210128784,0.0
Z01,2025-09-18 12:00:00,0,rider_shortage,alert_ops,0.30822670459747314,0.30822670459747314,0.0
Z04,2025-09-18 12:00:00,1,rider_shortage,alert_ops,0.6770225763320923,0.6770225763320923,0.0
Z06,2025-09-18 12:00:00,0,rider_shortage,alert_ops,0.5043687224388123,0.5043687224388123,0.0
Z07,2025-09-18 12:00:00,0,rider_shortage,alert_ops,0.5338686108589172,0.5338686108589172,0.0
Z08,2025-09-18 12:00:00,1,rider_shortage,alert_ops,0.3323283791542053,0.3323283791542053,0.0
Z09,2025-09-18 12:00:00,0,rider_shortage,alert_ops,0.36251014471054077,0.36251014471054077,0.0
Z03,2025-09-18 13:00:00,0,rider_shortage,alert_ops,0.43201231956481934,0.43201231956481934,0.0
Z06,2025-09-18 13:00:00,1,rider_shortage,rebalance_riders,0.8003085255622864,0.10249338299036026,0.6978151425719261
Z10,2025-09-18 13:00:00,0,rider_shortage,alert_ops,0.42202985286712646,0.42202985286712646,0.0
Z02,2025-09-18 14:00:00,1,rider_shortage,rebalance_riders,0.7967560887336731,0.1487828642129898,0.6479732245206833
Z08,2025-09-18 14:00:00,1,rider_shortage,alert_ops,0.44309452176094055,0.44309452176094055,0.0
Z10,2025-09-18 14:00:00,1,rider_shortage,alert_ops,0.6512976884841919,0.6512976884841919,0.0
Z10,2025-09-18 18:00:00,0,traffic,alert_ops,0.3998149335384369,0.3998149335384369,0.0
Z01,2025-09-18 19:00:00,1,rider_shortage,rebalance_riders,0.9508224129676819,0.5865162014961243,0.3643062114715576
Z02,2025-09-18 19:00:00,1,rider_shortage,rebalance_riders,0.9697262048721313,0.785828173160553,0.18389803171157837
Z03,2025-09-18 19:00:00,1,rider_shortage,rebalance_riders,0.9356582760810852,0.7081872820854187,0.2274709939956665
Z04,2025-09-18 19:00:00,1,rider_shortage,rebalance_riders,0.9025476574897766,0.4073396623134613,0.4952079951763153
Z05,2025-09-18 19:00:00,0,rider_shortage,rebalance_riders,0.7627803087234497,0.04870165139436722,0.7140786573290825
Z06,2025-09-18 19:00:00,1,rider_shortage,rebalance_riders,0.9925409555435181,0.9472881555557251,0.04525279998779297
Z07,2025-09-18 19:00:00,1,rider_shortage,rebalance_riders,0.9870540499687195,0.6214606761932373,0.3655933737754822
Z08,2025-09-18 19:00:00,1,rider_shortage,rebalance_riders,0.8367233276367188,0.3563981056213379,0.48032522201538086
Z09,2025-09-18 19:00:00,1,rider_shortage,rebalance_riders,0.9756794571876526,0.8155803680419922,0.1600990891456604
Z10,2025-09-18 19:00:00,1,rider_shortage,rebalance_riders,0.9137411713600159,0.3000595271587372,0.6136816442012787
Z01,2025-09-18 20:00:00,0,traffic,alert_ops,0.44197994470596313,0.44197994470596313,0.0
Z03,2025-09-18 20:00:00,1,rider_shortage,rebalance_riders,0.9769754409790039,0.8842902183532715,0.09268522262573242
Z04,2025-09-18 20:00:00,1,rider_shortage,rebalance_riders,0.9832143783569336,0.7992292642593384,0.18398511409759521
Z05,2025-09-18 20:00:00,0,traffic,reroute_traffic,0.9440246820449829,0.8281633257865906,0.11586135625839233
Z06,2025-09-18 20:00:00,0,traffic,alert_ops,0.6167470216751099,0.6167470216751099,0.0
Z07,2025-09-18 20:00:00,0,traffic,reroute_traffic,0.7754796147346497,0.5528427362442017,0.222636878490448
Z08,2025-09-18 20:00:00,1,rider_shortage,rebalance_riders,0.8898927569389343,0.40542954206466675,0.4844632148742676
Z09,2025-09-18 20:00:00,1,rider_shortage,rebalance_riders,0.9937508702278137,0.9715297818183899,0.022221088409423828
Z01,2025-09-18 21:00:00,1,rider_shortage,alert_ops,0.6082867383956909,0.6082867383956909,0.0
Z02,2025-09-18 21:00:00,0,rider_shortage,alert_ops,0.4403185248374939,0.4403185248374939,0.0
Z03,2025-09-18 21:00:00,1,rider_shortage,rebalance_riders,0.8400037288665771,0.2129627913236618,0.6270409375429153
Z05,2025-09-18 21:00:00,1,rider_shortage,alert_ops,0.30685102939605713,0.30685102939605713,0.0
Z06,2025-09-18 21:00:00,0,rider_shortage,alert_ops,0.6681305170059204,0.6681305170059204,0.0
Z09,2025-09-18 21:00:00,0,rider_shortage,alert_ops,0.48425957560539246,0.48425957560539246,0.0
Z10,2025-09-18 21:00:00,0,rider_shortage,rebalance_riders,0.7866969704627991,0.06697392463684082,0.7197230458259583
Z03,2025-09-18 22:00:00,0,rider_shortage,alert_ops,0.312007337808609,0.312007337808609,0.0
Z04,2025-09-18 22:00:00,1,rider_shortage,rebalance_riders,0.8476765751838684,0.12616440653800964,0.7215121686458588
Z05,2025-09-18 22:00:00,0,rider_shortage,alert_ops,0.3340490162372589,0.3340490162372589,0.0
Z06,2025-09-18 22:00:00,1,rider_shortage,alert_ops,0.6879010796546936,0.6879010796546936,0.0
Z07,2025-09-18 22:00:00,0,rider_shortage,alert_ops,0.31292158365249634,0.31292158365249634,0.0
Z08,2025-09-18 22:00:00,0,rider_shortage,alert_ops,0.3611350357532501,0.3611350357532501,0.0
Z09,2025-09-18 22:00:00,1,rider_shortage,rebalance_riders,0.9826129674911499,0.35245802998542786,0.630154937505722
Z06,2025-09-19 07:00:00,1,rider_shortage,alert_ops,0.5274614691734314,0.5274614691734314,0.0
Z05,2025-09-19 08:00:00,1,traffic,reroute_traffic,0.8478217720985413,0.6316273212432861,0.21619445085525513
Z06,2025-09-19 08:00:00,0,rider_shortage,rebalance_riders,0.8770581483840942,0.16609705984592438,0.7109610885381699
Z07,2025-09-19 08:00:00,1,rider_shortage,rebalance_riders,0.9008516669273376,0.10291612893342972,0.7979355379939079
Z10,2025-09-19 08:00:00,0,traffic,alert_ops,0.40854352712631226,0.40854352712631226,0.0
Z01,2025-09-19 09:00:00,0,traffic,alert_ops,0.6973460912704468,0.6973460912704468,0.0
Z02,2025-09-19 09:00:00,1,rider_shortage,rebalance_riders,0.7866705656051636,0.16984888911247253,0.616821676492691
Z10,2025-09-19 10:00:00,0,traffic,alert_ops,0.3235366940498352,0.3235366940498352,0.0
Z01,2025-09-19 12:00:00,0,rider_shortage,alert_ops,0.69236159324646,0.69236159324646,0.0
Z02,2025-09-19 12:00:00,0,rider_shortage,alert_ops,0.668535590171814,0.668535590171814,0.0
Z05,2025-09-19 12:00:00,1,rider_shortage,rebalance_riders,0.9571666717529297,0.06116050109267235,0.8960061706602573
Z06,2025-09-19 12:00:00,1,rider_shortage,rebalance_riders,0.9633051753044128,0.4854332506656647,0.47787192463874817
Z08,2025-09-19 12:00:00,0,rider_shortage,alert_ops,0.465646356344223,0.465646356344223,0.0
Z02,2025-09-19 13:00:00,0,rider_shortage,alert_ops,0.36885106563568115,0.36885106563568115,0.0
Z04,2025-09-19 13:00:00,0,rider_shortage,alert_ops,0.3127707242965698,0.3127707242965698,0.0
Z10,2025-09-19 13:00:00,1,rider_shortage,rebalance_riders,0.8569507002830505,0.08510400354862213,0.7718466967344284
Z02,2025-09-19 14:00:00,0,rider_shortage,alert_ops,0.316082239151001,0.316082239151001,0.0
Z04,2025-09-19 17:00:00,0,traffic,alert_ops,0.4484615921974182,0.4484615921974182,0.0
Z06,2025-09-19 18:00:00,0,traffic,alert_ops,0.40711426734924316,0.40711426734924316,0.0
Z01,2025-09-19 19:00:00,1,rider_shortage,rebalance_riders,0.916439414024353,0.2852437198162079,0.6311956942081451
Z02,2025-09-19 19:00:00,1,rider_shortage,rebalance_riders,0.9307997822761536,0.566795825958252,0.3640039563179016
Z03,2025-09-19 19:00:00,0,traffic,alert_ops,0.678847074508667,0.678847074508667,0.0
Z04,2025-09-19 19:00:00,1,rider_shortage,rebalance_riders,0.8906312584877014,0.29922735691070557,0.5914039015769958
Z05,2025-09-19 19:00:00,1,rider_shortage,rebalance_riders,0.9932035207748413,0.9395573735237122,0.05364614725112915
Z06,2025-09-19 19:00:00,1,rider_shortage,rebalance_riders,0.9656738638877869,0.680371105670929,0.2853027582168579
Z07,2025-09-19 19:00:00,0,traffic,alert_ops,0.3734515309333801,0.3734515309333801,0.0
Z08,2025-09-19 19:00:00,1,rider_shortage,rebalance_riders,0.9897891879081726,0.8519966006278992,0.13779258728027344
Z09,2025-09-19 19:00:00,1,traffic,reroute_traffic,0.7711392641067505,0.5204879641532898,0.2506512999534607
Z10,2025-09-19 19:00:00,0,traffic,alert_ops,0.44755133986473083,0.44755133986473083,0.0
Z01,2025-09-19 20:00:00,1,rider_shortage,rebalance_riders,0.7568896412849426,0.1346181184053421,0.6222715228796005
Z02,2025-09-19 20:00:00,1,rider_shortage,rebalance_riders,0.9866787791252136,0.8976825475692749,0.08899623155593872
Z03,2025-09-19 20:00:00,1,rider_shortage,rebalance_riders,0.9211450219154358,0.6699810028076172,0.2511640191078186
Z04,2025-09-19 20:00:00,1,rider_shortage,rebalance_riders,0.9086565971374512,0.5104047656059265,0.39825183153152466
Z05,2025-09-19 20:00:00,1,rider_shortage,rebalance_riders,0.9787635207176208,0.5791006088256836,0.39966291189193726
Z06,2025-09-19 20:00:00,0,traffic,reroute_traffic,0.7889912724494934,0.5957046747207642,0.19328659772872925
Z07,2025-09-19 20:00:00,1,rider_shortage,rebalance_riders,0.989355206489563,0.6381238698959351,0.35123133659362793
Z08,2025-09-19 20:00:00,1,rider_shortage,rebalance_riders,0.9840960502624512,0.8112295866012573,0.17286646366119385
Z09,2025-09-19 20:00:00,1,rider_shortage,rebalance_riders,0.9922268390655518,0.9635710716247559,0.0286557674407959
Z10,2025-09-19 20:00:00,0,rider_shortage,rebalance_riders,0.8294333815574646,0.13287916779518127,0.6965542137622833
Z01,2025-09-19 21:00:00,0,rider_shortage,alert_ops,0.5804926753044128,0.5804926753044128,0.0
Z02,2025-09-19 21:00:00,1,rider_shortage,rebalance_riders,0.8615789413452148,0.30927810072898865,0.5523008406162262
Z03,2025-09-19 21:00:00,0,rider_shortage,alert_ops,0.36901867389678955,0.36901867389678955,0.0
Z04,2025-09-19 21:00:00,0,rider_shortage,alert_ops,0.35946938395500183,0.35946938395500183,0.0
Z05,2025-09-19 21:00:00,1,rider_shortage,alert_ops,0.6412196755409241,0.6412196755409241,0.0
Z07,2025-09-19 21:00:00,0,rider_shortage,alert_ops,0.6522680521011353,0.6522680521011353,0.0
Z08,2025-09-19 21:00:00,0,rider_shortage,alert_ops,0.333395779132843,0.333395779132843,0.0
Z09,2025-09-19 21:00:00,1,rider_shortage,alert_ops,0.6512380242347717,0.6512380242347717,0.0
Z10,2025-09-19 21:00:00,0,rider_shortage,alert_ops,0.3310858905315399,0.3310858905315399,0.0
Z03,2025-09-19 22:00:00,0,rider_shortage,alert_ops,0.30551931262016296,0.30551931262016296,0.0
Z04,2025-09-19 22:00:00,0,rider_shortage,rebalance_riders,0.7772936820983887,0.09569749981164932,0.6815961822867393
Z05,2025-09-19 22:00:00,0,rider_shortage,rebalance_riders,0.9286220669746399,0.07943838834762573,0.8491836786270142
Z06,2025-09-19 22:00:00,0,rider_shortage,alert_ops,0.3387582302093506,0.3387582302093506,0.0
Z09,2025-09-19 22:00:00,0,rider_shortage,alert_ops,0.4703771471977234,0.4703771471977234,0.0
Z01,2025-09-20 06:00:00,1,traffic,reroute_traffic,0.9663298726081848,0.9203484654426575,0.045981407165527344
Z02,2025-09-20 06:00:00,1,traffic,reroute_traffic,0.9848256707191467,0.9108283519744873,0.07399731874465942
Z03,2025-09-20 06:00:00,1,traffic,reroute_traffic,0.9889028668403625,0.9503462910652161,0.038556575775146484
Z04,2025-09-20 06:00:00,1,traffic,reroute_traffic,0.9562502503395081,0.8533031940460205,0.10294705629348755
Z05,2025-09-20 06:00:00,1,traffic,reroute_traffic,0.9913070797920227,0.9604527950286865,0.03085428476333618
Z06,2025-09-20 06:00:00,1,traffic,reroute_traffic,0.9519475102424622,0.8250911831855774,0.12685632705688477
Z07,2025-09-20 06:00:00,1,traffic,reroute_traffic,0.9749940633773804,0.8926916122436523,0.08230245113372803
Z08,2025-09-20 06:00:00,1,rider_shortage,rebalance_riders,0.9940158128738403,0.9797611236572266,0.01425468921661377
Z09,2025-09-20 06:00:00,1,traffic,reroute_traffic,0.9861456751823425,0.8875774145126343,0.09856826066970825
Z10,2025-09-20 06:00:00,1,traffic,reroute_traffic,0.990717351436615,0.9487781524658203,0.04193919897079468
Z01,2025-09-20 07:00:00,1,rider_shortage,rebalance_riders,0.9949111342430115,0.9932924509048462,0.0016186833381652832
Z02,2025-09-20 07:00:00,1,traffic,reroute_traffic,0.9927298426628113,0.9745377898216248,0.018192052841186523
Z03,2025-09-20 07:00:00,1,rider_shortage,rebalance_riders,0.995169460773468,0.9947271943092346,0.00044226646423339844
Z04,2025-09-20 07:00:00,1,rider_shortage,rebalance_riders,0.9951375126838684,0.994210958480835,0.0009265542030334473
Z05,2025-09-20 07:00:00,1,rider_shortage,rebalance_riders,0.9951375126838684,0.9941973686218262,0.0009401440620422363
Z06,2025-09-20 07:00:00,1,rider_shortage,rebalance_riders,0.9949199557304382,0.9940294027328491,0.0008905529975891113
Z07,2025-09-20 07:00:00,1,traffic,reroute_traffic,0.9936052560806274,0.9832431674003601,0.010362088680267334
Z08,2025-09-20 07:00:00,1,traffic,reroute_traffic,0.994487464427948,0.9910309314727783,0.0034565329551696777
Z09,2025-09-20 07:00:00,1,rider_shortage,rebalance_riders,0.9951375126838684,0.9938023090362549,0.0013352036476135254
Z10,2025-09-20 07:00:00,1,rider_shortage,rebalance_riders,0.9933379888534546,0.9783205986022949,0.015017390251159668
Z01,2025-09-20 08:00:00,1,traffic,reroute_traffic,0.9855417609214783,0.943737268447876,0.041804492473602295
Z02,2025-09-20 08:00:00,1,traffic,reroute_traffic,0.9928972721099854,0.9914836287498474,0.0014136433601379395
Z03,2025-09-20 08:00:00,1,traffic,reroute_traffic,0.9900670051574707,0.9868398904800415,0.0032271146774291992
Z04,2025-09-20 08:00:00,1,traffic,reroute_traffic,0.9901897311210632,0.9773044586181641,0.01288527250289917
Z05,2025-09-20 08:00:00,1,rider_shortage,rebalance_riders,0.9931550621986389,0.9644702076911926,0.02868485450744629
Z06,2025-09-20 08:00:00,1,traffic,reroute_traffic,0.9905203580856323,0.9776290655136108,0.012891292572021484
Z07,2025-09-20 08:00:00,1,traffic,reroute_traffic,0.9914862513542175,0.984370768070221,0.007115483283996582
Z08,2025-09-20 08:00:00,1,rider_shortage,rebalance_riders,0.990136444568634,0.9100297689437866,0.08010667562484741
Z09,2025-09-20 08:00:00,1,traffic,reroute_traffic,0.9920998215675354,0.9858376383781433,0.00626218318939209
Z10,2025-09-20 08:00:00,1,rider_shortage,rebalance_riders,0.9943619966506958,0.9818615913391113,0.012500405311584473
Z01,2025-09-20 09:00:00,1,rider_shortage,rebalance_riders,0.995169460773468,0.995169460773468,0.0
Z02,2025-09-20 09:00:00,1,rider_shortage,rebalance_riders,0.995169460773468,0.995169460773468,0.0
Z03,2025-09-20 09:00:00,1,rider_shortage,rebalance_riders,0.995169460773468,0.995169460773468,0.0
Z04,2025-09-20 09:00:00,1,rider_shortage,rebalance_riders,0.995169460773468,0.995169460773468,0.0
Z05,2025-09-20 09:00:00,1,rider_shortage,rebalance_riders,0.995169460773468,0.995169460773468,0.0
Z06,2025-09-20 09:00:00,1,rider_shortage,rebalance_riders,0.995169460773468,0.995169460773468,0.0
Z07,2025-09-20 09:00:00,1,rider_shortage,rebalance_riders,0.995169460773468,0.995169460773468,0.0
Z08,2025-09-20 09:00:00,1,rider_shortage,rebalance_riders,0.995169460773468,0.995169460773468,0.0
Z09,2025-09-20 09:00:00,1,rider_shortage,rebalance_riders,0.995169460773468,0.995169460773468,0.0
Z10,2025-09-20 09:00:00,1,rider_shortage,rebalance_riders,0.995169460773468,0.995169460773468,0.0
Z01,2025-09-20 10:00:00,0,traffic,alert_ops,0.41311711072921753,0.41311711072921753,0.0
Z02,2025-09-20 10:00:00,1,traffic,reroute_traffic,0.8431486487388611,0.7105212807655334,0.13262736797332764
Z03,2025-09-20 10:00:00,1,traffic,reroute_traffic,0.8701660633087158,0.6780393719673157,0.19212669134140015
Z04,2025-09-20 10:00:00,0,traffic,alert_ops,0.5514638423919678,0.5514638423919678,0.0
Z05,2025-09-20 10:00:00,0,traffic,reroute_traffic,0.7675341367721558,0.3196069300174713,0.44792720675468445
Z06,2025-09-20 10:00:00,0,traffic,alert_ops,0.499744176864624,0.499744176864624,0.0
Z07,2025-09-20 10:00:00,1,traffic,reroute_traffic,0.7755891680717468,0.5762706995010376,0.19931846857070923
Z08,2025-09-20 10:00:00,1,traffic,reroute_traffic,0.7116184830665588,0.46829140186309814,0.2433270812034607
Z09,2025-09-20 10:00:00,1,traffic,alert_ops,0.6309875845909119,0.6309875845909119,0.0
Z10,2025-09-20 10:00:00,1,traffic,reroute_traffic,0.9893760681152344,0.982909619808197,0.0064664483070373535
Z10,2025-09-20 11:00:00,0,traffic,alert_ops,0.46509644389152527,0.46509644389152527,0.0
Z01,2025-09-20 12:00:00,1,rider_shortage,rebalance_riders,0.995169460773468,0.995169460773468,0.0
Z02,2025-09-20 12:00:00,1,rider_shortage,rebalance_riders,0.995169460773468,0.995169460773468,0.0
Z03,2025-09-20 12:00:00,1,rider_shortage,rebalance_riders,0.995169460773468,0.995169460773468,0.0
Z04,2025-09-20 12:00:00,1,rider_shortage,rebalance_riders,0.9949199557304382,0.9949199557304382,0.0
Z05,2025-09-20 12:00:00,1,rider_shortage,rebalance_riders,0.995169460773468,0.9943439960479736,0.0008254647254943848
Z06,2025-09-20 12:00:00,1,rider_shortage,rebalance_riders,0.995169460773468,0.995169460773468,0.0
Z07,2025-09-20 12:00:00,1,rider_shortage,rebalance_riders,0.995169460773468,0.995169460773468,0.0
Z08,2025-09-20 12:00:00,1,rider_shortage,rebalance_riders,0.9949199557304382,0.9949199557304382,0.0
Z09,2025-09-20 12:00:00,1,rider_shortage,rebalance_riders,0.995169460773468,0.995169460773468,0.0
Z10,2025-09-20 12:00:00,1,rider_shortage,rebalance_riders,0.9949199557304382,0.9949199557304382,0.0
Z01,2025-09-20 13:00:00,1,rider_shortage,rebalance_riders,0.9943430423736572,0.9564231634140015,0.03791987895965576
Z02,2025-09-20 13:00:00,1,rider_shortage,rebalance_riders,0.9940326809883118,0.9763690829277039,0.01766359806060791
Z03,2025-09-20 13:00:00,1,rider_shortage,rebalance_riders,0.9918599724769592,0.967438817024231,0.02442115545272827
Z04,2025-09-20 13:00:00,1,rider_shortage,rebalance_riders,0.9942016005516052,0.9755158424377441,0.018685758113861084
Z05,2025-09-20 13:00:00,1,rider_shortage,rebalance_riders,0.9943951368331909,0.8457270264625549,0.148668110370636
Z06,2025-09-20 13:00:00,1,rider_shortage,rebalance_riders,0.9941245913505554,0.9684260487556458,0.025698542594909668
Z07,2025-09-20 13:00:00,1,rider_shortage,rebalance_riders,0.991813063621521,0.7363621592521667,0.25545090436935425
Z08,2025-09-20 13:00:00,1,rider_shortage,rebalance_riders,0.9837964177131653,0.8849191665649414,0.09887725114822388
Z09,2025-09-20 13:00:00,1,rider_shortage,rebalance_riders,0.9868833422660828,0.815499484539032,0.17138385772705078
Z10,2025-09-20 13:00:00,1,rider_shortage,rebalance_riders,0.9944149255752563,0.9667406678199768,0.02767425775527954
Z01,2025-09-20 14:00:00,1,rider_shortage,rebalance_riders,0.9853137135505676,0.7634317278862,0.22188198566436768
Z02,2025-09-20 14:00:00,1,rider_shortage,rebalance_riders,0.9834783673286438,0.7937236428260803,0.18975472450256348
Z03,2025-09-20 14:00:00,1,rider_shortage,rebalance_riders,0.9943430423736572,0.99024498462677,0.004098057746887207
Z04,2025-09-20 14:00:00,1,rider_shortage,rebalance_riders,0.9944474697113037,0.9747143387794495,0.019733130931854248
Z05,2025-09-20 14:00:00,1,rider_shortage,rebalance_riders,0.99446702003479,0.9727649092674255,0.021702110767364502
Z06,2025-09-20 14:00:00,1,rider_shortage,rebalance_riders,0.988922119140625,0.8915056586265564,0.0974164605140686
Z07,2025-09-20 14:00:00,1,rider_shortage,rebalance_riders,0.9938467144966125,0.8805854916572571,0.11326122283935547
Z08,2025-09-20 14:00:00,1,rider_shortage,rebalance_riders,0.9865307211875916,0.8310248851776123,0.15550583600997925
Z09,2025-09-20 14:00:00,1,rider_shortage,rebalance_riders,0.9944255352020264,0.9870916604995728,0.007333874702453613
Z10,2025-09-20 14:00:00,1,rider_shortage,rebalance_riders,0.9942355751991272,0.9826259613037109,0.01160961389541626
Z01,2025-09-20 15:00:00,1,traffic,alert_ops,0.38156458735466003,0.38156458735466003,0.0
Z02,2025-09-20 15:00:00,1,traffic,alert_ops,0.49753350019454956,0.49753350019454956,0.0
Z04,2025-09-20 15:00:00,0,traffic,alert_ops,0.6022436022758484,0.6022436022758484,0.0
Z05,2025-09-20 15:00:00,0,traffic,alert_ops,0.5208244919776917,0.5208244919776917,0.0
Z07,2025-09-20 15:00:00,1,traffic,alert_ops,0.4791107177734375,0.4791107177734375,0.0
Z08,2025-09-20 15:00:00,1,traffic,alert_ops,0.39495769143104553,0.39495769143104553,0.0
Z10,2025-09-20 15:00:00,1,traffic,reroute_traffic,0.833376944065094,0.6686303019523621,0.16474664211273193
Z01,2025-09-20 16:00:00,1,rider_shortage,rebalance_riders,0.993440568447113,0.9844362735748291,0.009004294872283936
Z02,2025-09-20 16:00:00,1,traffic,alert_ops,0.6522126793861389,0.6522126793861389,0.0
Z03,2025-09-20 16:00:00,1,traffic,reroute_traffic,0.9839639067649841,0.8827633857727051,0.10120052099227905
Z04,2025-09-20 16:00:00,1,traffic,reroute_traffic,0.9924464821815491,0.9803318977355957,0.01211458444595337
Z05,2025-09-20 16:00:00,1,rider_shortage,rebalance_riders,0.993525505065918,0.9869203567504883,0.0066051483154296875
Z06,2025-09-20 16:00:00,1,traffic,reroute_traffic,0.9772385358810425,0.9504034519195557,0.026835083961486816
Z07,2025-09-20 16:00:00,1,traffic,reroute_traffic,0.9611916542053223,0.761287271976471,0.19990438222885132
Z08,2025-09-20 16:00:00,1,traffic,reroute_traffic,0.983627438545227,0.9452343583106995,0.03839308023452759
Z09,2025-09-20 16:00:00,1,rider_shortage,rebalance_riders,0.994307816028595,0.9807177186012268,0.013590097427368164
Z10,2025-09-20 16:00:00,1,traffic,reroute_traffic,0.9941258430480957,0.9897365570068359,0.004389286041259766
Z01,2025-09-20 17:00:00,1,traffic,reroute_traffic,0.9924876689910889,0.9891903400421143,0.0032973289489746094
Z02,2025-09-20 17:00:00,1,traffic,reroute_traffic,0.7590362429618835,0.5123502016067505,0.24668604135513306
Z03,2025-09-20 17:00:00,1,traffic,reroute_traffic,0.8807500600814819,0.700671911239624,0.1800781488418579
Z04,2025-09-20 17:00:00,1,traffic,reroute_traffic,0.9937022924423218,0.9925674200057983,0.0011348724365234375
Z05,2025-09-20 17:00:00,1,traffic,reroute_traffic,0.9925292134284973,0.9901527762413025,0.0023764371871948242
Z06,2025-09-20 17:00:00,1,traffic,reroute_traffic,0.9883614182472229,0.9784891605377197,0.009872257709503174
Z07,2025-09-20 17:00:00,1,traffic,reroute_traffic,0.993139922618866,0.9916410446166992,0.001498878002166748
Z08,2025-09-20 17:00:00,1,traffic,reroute_traffic,0.9520310163497925,0.8460010290145874,0.10602998733520508
Z09,2025-09-20 17:00:00,1,traffic,reroute_traffic,0.96107017993927,0.8247830867767334,0.13628709316253662
Z10,2025-09-20 17:00:00,1,traffic,reroute_traffic,0.9907528162002563,0.9789583683013916,0.011794447898864746
Z01,2025-09-20 18:00:00,1,traffic,reroute_traffic,0.9932079911231995,0.9913992881774902,0.0018087029457092285
Z02,2025-09-20 18:00:00,1,traffic,reroute_traffic,0.980854868888855,0.9129568338394165,0.06789803504943848
Z03,2025-09-20 18:00:00,1,traffic,reroute_traffic,0.9866090416908264,0.9764211773872375,0.010187864303588867
Z04,2025-09-20 18:00:00,1,traffic,reroute_traffic,0.9888145327568054,0.9816177487373352,0.007196784019470215
Z05,2025-09-20 18:00:00,1,traffic,reroute_traffic,0.9912627935409546,0.9769799709320068,0.014282822608947754
Z06,2025-09-20 18:00:00,1,traffic,reroute_traffic,0.977067232131958,0.9467709064483643,0.03029632568359375
Z07,2025-09-20 18:00:00,1,rider_shortage,rebalance_riders,0.9934307932853699,0.9817969799041748,0.011633813381195068
Z08,2025-09-20 18:00:00,1,traffic,reroute_traffic,0.9896677732467651,0.9768784046173096,0.012789368629455566
Z09,2025-09-20 18:00:00,1,traffic,reroute_traffic,0.9900773763656616,0.9858720898628235,0.004205286502838135
Z10,2025-09-20 18:00:00,1,traffic,reroute_traffic,0.9801815152168274,0.9051674604415894,0.07501405477523804
Z01,2025-09-20 19:00:00,1,rider_shortage,rebalance_riders,0.9947330951690674,0.9886175990104675,0.0061154961585998535
Z02,2025-09-20 19:00:00,1,rider_shortage,rebalance_riders,0.9944610595703125,0.9863153100013733,0.008145749568939209
Z03,2025-09-20 19:00:00,1,rider_shortage,rebalance_riders,0.9945202469825745,0.9924800395965576,0.0020402073860168457
Z04,2025-09-20 19:00:00,1,rider_shortage,rebalance_riders,0.9947330951690674,0.9893478155136108,0.005385279655456543
Z05,2025-09-20 19:00:00,1,rider_shortage,rebalance_riders,0.9933288097381592,0.925647497177124,0.06768131256103516
Z06,2025-09-20 19:00:00,1,rider_shortage,rebalance_riders,0.9946866035461426,0.9931447505950928,0.0015418529510498047
Z07,2025-09-20 19:00:00,1,rider_shortage,rebalance_riders,0.9946594834327698,0.989048421382904,0.005611062049865723
Z08,2025-09-20 19:00:00,1,rider_shortage,rebalance_riders,0.9940962791442871,0.9864518642425537,0.0076444149017333984
Z09,2025-09-20 19:00:00,1,rider_shortage,rebalance_riders,0.9942365288734436,0.9826855659484863,0.011550962924957275
Z10,2025-09-20 19:00:00,1,rider_shortage,rebalance_riders,0.992522656917572,0.9558043479919434,0.03671830892562866
Z01,2025-09-20 20:00:00,1,rider_shortage,rebalance_riders,0.9942229390144348,0.9827170372009277,0.01150590181350708
Z02,2025-09-20 20:00:00,1,rider_shortage,rebalance_riders,0.9928758144378662,0.9658380746841431,0.027037739753723145
Z03,2025-09-20 20:00:00,1,rider_shortage,rebalance_riders,0.9942219853401184,0.9876969456672668,0.0065250396728515625
Z04,2025-09-20 20:00:00,1,rider_shortage,rebalance_riders,0.9943079352378845,0.9835277199745178,0.0107802152633667
Z05,2025-09-20 20:00:00,1,rider_shortage,rebalance_riders,0.9908725619316101,0.7934624552726746,0.19741010665893555
Z06,2025-09-20 20:00:00,1,rider_shortage,rebalance_riders,0.9925877451896667,0.9689322113990784,0.02365553379058838
Z07,2025-09-20 20:00:00,1,rider_shortage,rebalance_riders,0.9945130348205566,0.9816038608551025,0.012909173965454102
Z08,2025-09-20 20:00:00,1,rider_shortage,rebalance_riders,0.9947770833969116,0.9930295348167419,0.0017475485801696777
Z09,2025-09-20 20:00:00,1,rider_shortage,rebalance_riders,0.9937053322792053,0.9845572710037231,0.009148061275482178
Z10,2025-09-20 20:00:00,1,rider_shortage,rebalance_riders,0.9923999309539795,0.9480040073394775,0.04439592361450195
Z01,2025-09-20 21:00:00,1,rider_shortage,rebalance_riders,0.9949111342430115,0.9949111342430115,0.0
Z02,2025-09-20 21:00:00,1,rider_shortage,rebalance_riders,0.995169460773468,0.995169460773468,0.0
Z03,2025-09-20 21:00:00,1,rider_shortage,rebalance_riders,0.995169460773468,0.995169460773468,0.0
Z04,2025-09-20 21:00:00,1,rider_shortage,rebalance_riders,0.995169460773468,0.995169460773468,0.0
Z05,2025-09-20 21:00:00,1,rider_shortage,rebalance_riders,0.9949111342430115,0.9949111342430115,0.0
Z06,2025-09-20 21:00:00,1,rider_shortage,rebalance_riders,0.9951375126838684,0.9951375126838684,0.0
Z07,2025-09-20 21:00:00,1,rider_shortage,rebalance_riders,0.995169460773468,0.995169460773468,0.0
Z08,2025-09-20 21:00:00,1,rider_shortage,rebalance_riders,0.995169460773468,0.995169460773468,0.0
Z09,2025-09-20 21:00:00,1,rider_shortage,rebalance_riders,0.9949118494987488,0.9949118494987488,0.0
Z10,2025-09-20 21:00:00,1,rider_shortage,rebalance_riders,0.9949111342430115,0.9949111342430115,0.0
Z01,2025-09-20 22:00:00,1,rider_shortage,rebalance_riders,0.746952474117279,0.08541133999824524,0.6615411341190338
Z02,2025-09-20 22:00:00,0,rider_shortage,alert_ops,0.5210950374603271,0.5210950374603271,0.0
Z03,2025-09-20 22:00:00,0,rider_shortage,rebalance_riders,0.9852368235588074,0.8513950109481812,0.13384181261062622
Z04,2025-09-20 22:00:00,1,rider_shortage,alert_ops,0.4746982753276825,0.4746982753276825,0.0
Z05,2025-09-20 22:00:00,1,rider_shortage,rebalance_riders,0.9915715456008911,0.9061784148216248,0.08539313077926636
Z06,2025-09-20 22:00:00,1,rider_shortage,rebalance_riders,0.885155200958252,0.22675365209579468,0.6584015488624573
Z07,2025-09-20 22:00:00,1,rider_shortage,rebalance_riders,0.9753921031951904,0.36417728662490845,0.611214816570282
Z08,2025-09-20 22:00:00,1,rider_shortage,rebalance_riders,0.9866847395896912,0.7334021329879761,0.2532826066017151
Z09,2025-09-20 22:00:00,1,rider_shortage,rebalance_riders,0.9861082434654236,0.784606397151947,0.20150184631347656
Z10,2025-09-20 22:00:00,0,rider_shortage,rebalance_riders,0.7715545892715454,0.0620281957089901,0.7095263935625553
Z01,2025-09-20 23:00:00,1,rider_shortage,rebalance_riders,0.9934707880020142,0.9868189096450806,0.006651878356933594
Z02,2025-09-20 23:00:00,1,traffic,reroute_traffic,0.9776116609573364,0.853950023651123,0.12366163730621338
Z03,2025-09-20 23:00:00,1,traffic,reroute_traffic,0.985149621963501,0.9679718017578125,0.017177820205688477
Z04,2025-09-20 23:00:00,1,rider_shortage,rebalance_riders,0.9863173365592957,0.7658529281616211,0.22046440839767456
Z05,2025-09-20 23:00:00,1,traffic,reroute_traffic,0.96412193775177,0.8177998661994934,0.1463220715522766
Z06,2025-09-20 23:00:00,1,traffic,reroute_traffic,0.9796494841575623,0.8808035254478455,0.0988459587097168
Z07,2025-09-20 23:00:00,1,traffic,reroute_traffic,0.9638076424598694,0.8428269028663635,0.12098073959350586
Z08,2025-09-20 23:00:00,1,traffic,reroute_traffic,0.9936611652374268,0.9881440997123718,0.005517065525054932
Z09,2025-09-20 23:00:00,1,traffic,reroute_traffic,0.9896833896636963,0.9480752944946289,0.04160809516906738
Z10,2025-09-20 23:00:00,1,rider_shortage,rebalance_riders,0.9936961531639099,0.8857141733169556,0.10798197984695435
Z10,2025-09-21 06:00:00,0,rider_shortage,alert_ops,0.49214860796928406,0.49214860796928406,0.0
Z01,2025-09-21 08:00:00,1,traffic,reroute_traffic,0.7700343132019043,0.607897162437439,0.16213715076446533
Z02,2025-09-21 08:00:00,0,traffic,alert_ops,0.6296344995498657,0.6296344995498657,0.0
Z03,2025-09-21 08:00:00,1,traffic,reroute_traffic,0.7043465375900269,0.58977872133255,0.1145678162574768
Z04,2025-09-21 08:00:00,1,traffic,reroute_traffic,0.8394452333450317,0.645470142364502,0.19397509098052979
Z05,2025-09-21 08:00:00,1,rider_shortage,rebalance_riders,0.9299167394638062,0.17525433003902435,0.7546624094247818
Z06,2025-09-21 08:00:00,1,traffic,alert_ops,0.6935169100761414,0.6935169100761414,0.0
Z07,2025-09-21 08:00:00,0,traffic,reroute_traffic,0.7572334408760071,0.48771458864212036,0.2695188522338867
Z08,2025-09-21 08:00:00,1,traffic,reroute_traffic,0.7614482641220093,0.5553008913993835,0.20614737272262573
Z09,2025-09-21 08:00:00,1,traffic,alert_ops,0.5410579442977905,0.5410579442977905,0.0
Z10,2025-09-21 08:00:00,0,rider_shortage,rebalance_riders,0.9245167970657349,0.20445777475833893,0.7200590223073959
Z01,2025-09-21 09:00:00,0,traffic,alert_ops,0.5610615015029907,0.5610615015029907,0.0
Z02,2025-09-21 09:00:00,1,rider_shortage,rebalance_riders,0.7566359639167786,0.08539590239524841,0.6712400615215302
Z04,2025-09-21 09:00:00,0,traffic,alert_ops,0.6378427743911743,0.6378427743911743,0.0
Z05,2025-09-21 09:00:00,1,rider_shortage,rebalance_riders,0.9392909407615662,0.12700654566287994,0.8122843950986862
Z06,2025-09-21 09:00:00,1,rider_shortage,rebalance_riders,0.8952351212501526,0.1702088564634323,0.7250262647867203
Z07,2025-09-21 09:00:00,1,rider_shortage,rebalance_riders,0.9830428957939148,0.2997836172580719,0.6832592785358429
Z08,2025-09-21 09:00:00,1,rider_shortage,rebalance_riders,0.9456285238265991,0.4507678151130676,0.4948607087135315
Z09,2025-09-21 09:00:00,1,rider_shortage,rebalance_riders,0.9405672550201416,0.33737921714782715,0.6031880378723145
Z10,2025-09-21 09:00:00,0,traffic,reroute_traffic,0.7573254704475403,0.5483161211013794,0.2090093493461609
Z08,2025-09-21 10:00:00,0,traffic,alert_ops,0.3904995322227478,0.3904995322227478,0.0
Z02,2025-09-21 12:00:00,1,rider_shortage,rebalance_riders,0.8692365288734436,0.25303444266319275,0.6162020862102509
Z03,2025-09-21 12:00:00,1,rider_shortage,rebalance_riders,0.8495428562164307,0.3024671971797943,0.5470756590366364
Z06,2025-09-21 12:00:00,0,rider_shortage,alert_ops,0.5240488648414612,0.5240488648414612,0.0
Z08,2025-09-21 12:00:00,0,rider_shortage,alert_ops,0.4768465459346771,0.4768465459346771,0.0
Z09,2025-09-21 12:00:00,1,rider_shortage,rebalance_riders,0.7474807500839233,0.07983022928237915,0.6676505208015442
Z01,2025-09-21 13:00:00,0,rider_shortage,alert_ops,0.6357467174530029,0.6357467174530029,0.0
Z03,2025-09-21 13:00:00,0,rider_shortage,alert_ops,0.4411555528640747,0.4411555528640747,0.0
Z04,2025-09-21 13:00:00,0,rider_shortage,alert_ops,0.3353298604488373,0.3353298604488373,0.0
Z05,2025-09-21 13:00:00,0,rider_shortage,alert_ops,0.4637312889099121,0.4637312889099121,0.0
Z06,2025-09-21 13:00:00,1,rider_shortage,rebalance_riders,0.9451388120651245,0.17330092191696167,0.7718378901481628
Z07,2025-09-21 13:00:00,1,rider_shortage,rebalance_riders,0.9551786184310913,0.05816252529621124,0.8970160931348801
Z08,2025-09-21 13:00:00,0,rider_shortage,alert_ops,0.32780975103378296,0.32780975103378296,0.0
Z01,2025-09-21 14:00:00,1,rider_shortage,alert_ops,0.4162960946559906,0.4162960946559906,0.0
Z02,2025-09-21 14:00:00,1,rider_shortage,rebalance_riders,0.8082738518714905,0.17108631134033203,0.6371875405311584
Z03,2025-09-21 14:00:00,0,rider_shortage,rebalance_riders,0.774365246295929,0.2566147446632385,0.5177505016326904
Z04,2025-09-21 14:00:00,0,rider_shortage,alert_ops,0.385542631149292,0.385542631149292,0.0
Z05,2025-09-21 14:00:00,0,rider_shortage,rebalance_riders,0.8171212077140808,0.05474059283733368,0.7623806148767471
Z06,2025-09-21 14:00:00,1,rider_shortage,rebalance_riders,0.9431016445159912,0.23247578740119934,0.7106258571147919
Z08,2025-09-21 14:00:00,1,rider_shortage,rebalance_riders,0.9446645379066467,0.37871691584587097,0.5659476220607758
Z10,2025-09-21 14:00:00,0,rider_shortage,alert_ops,0.5158058404922485,0.5158058404922485,0.0
Z07,2025-09-21 16:00:00,0,rider_shortage,alert_ops,0.5696848630905151,0.5696848630905151,0.0
Z06,2025-09-21 17:00:00,0,traffic,reroute_traffic,0.7733809351921082,0.5873918533325195,0.18598908185958862
Z07,2025-09-21 17:00:00,0,traffic,alert_ops,0.618310809135437,0.618310809135437,0.0
Z10,2025-09-21 17:00:00,0,traffic,alert_ops,0.3564820885658264,0.3564820885658264,0.0
Z03,2025-09-21 18:00:00,0,traffic,alert_ops,0.3166348934173584,0.3166348934173584,0.0
Z06,2025-09-21 18:00:00,0,traffic,alert_ops,0.44415202736854553,0.44415202736854553,0.0
Z08,2025-09-21 18:00:00,0,traffic,alert_ops,0.4223853349685669,0.4223853349685669,0.0
Z09,2025-09-21 18:00:00,0,traffic,alert_ops,0.3710571825504303,0.3710571825504303,0.0
Z01,2025-09-21 19:00:00,1,rider_shortage,rebalance_riders,0.985975444316864,0.8109504580497742,0.17502498626708984
Z02,2025-09-21 19:00:00,1,rider_shortage,rebalance_riders,0.993435263633728,0.9746914505958557,0.018743813037872314
Z03,2025-09-21 19:00:00,1,rider_shortage,rebalance_riders,0.9394810199737549,0.7519329190254211,0.18754810094833374
Z04,2025-09-21 19:00:00,1,rider_shortage,rebalance_riders,0.9927576780319214,0.9715319275856018,0.02122575044631958
Z05,2025-09-21 19:00:00,1,rider_shortage,rebalance_riders,0.9941038489341736,0.970413088798523,0.023690760135650635
Z06,2025-09-21 19:00:00,1,rider_shortage,rebalance_riders,0.9820014834403992,0.8272891640663147,0.15471231937408447
Z07,2025-09-21 19:00:00,1,traffic,reroute_traffic,0.7819271683692932,0.5803655385971069,0.20156162977218628
Z08,2025-09-21 19:00:00,1,rider_shortage,rebalance_riders,0.9702722430229187,0.7524773478507996,0.21779489517211914
Z09,2025-09-21 19:00:00,1,rider_shortage,rebalance_riders,0.9236062169075012,0.5099770426750183,0.4136291742324829
Z10,2025-09-21 19:00:00,1,rider_shortage,rebalance_riders,0.991999089717865,0.8611230850219727,0.13087600469589233
Z01,2025-09-21 20:00:00,1,rider_shortage,rebalance_riders,0.9802387952804565,0.7849034667015076,0.19533532857894897
Z02,2025-09-21 20:00:00,1,rider_shortage,rebalance_riders,0.9409299492835999,0.6853625178337097,0.25556743144989014
Z03,2025-09-21 20:00:00,1,rider_shortage,rebalance_riders,0.9915560483932495,0.9258911609649658,0.06566488742828369
Z04,2025-09-21 20:00:00,1,rider_shortage,rebalance_riders,0.9785107374191284,0.8229879140853882,0.15552282333374023
Z05,2025-09-21 20:00:00,1,rider_shortage,rebalance_riders,0.9938167929649353,0.9390774369239807,0.05473935604095459
Z06,2025-09-21 20:00:00,1,rider_shortage,rebalance_riders,0.9923710823059082,0.931369960308075,0.06100112199783325
Z07,2025-09-21 20:00:00,1,rider_shortage,rebalance_riders,0.9597165584564209,0.26291942596435547,0.6967971324920654
Z08,2025-09-21 20:00:00,0,traffic,reroute_traffic,0.8399473428726196,0.6450616121292114,0.1948857307434082
Z09,2025-09-21 20:00:00,1,rider_shortage,rebalance_riders,0.9893378019332886,0.8907520174980164,0.09858578443527222
Z10,2025-09-21 20:00:00,1,rider_shortage,rebalance_riders,0.9879190325737,0.7687903046607971,0.21912872791290283
Z01,2025-09-21 21:00:00,0,rider_shortage,alert_ops,0.5531103014945984,0.5531103014945984,0.0
Z02,2025-09-21 21:00:00,1,rider_shortage,rebalance_riders,0.870587170124054,0.26039841771125793,0.610188752412796
Z03,2025-09-21 21:00:00,1,rider_shortage,rebalance_riders,0.9044675230979919,0.40464913845062256,0.4998183846473694
Z04,2025-09-21 21:00:00,1,rider_shortage,rebalance_riders,0.9872940182685852,0.7783647179603577,0.20892930030822754
Z06,2025-09-21 21:00:00,1,rider_shortage,alert_ops,0.3425550162792206,0.3425550162792206,0.0
Z07,2025-09-21 21:00:00,0,rider_shortage,alert_ops,0.3284558355808258,0.3284558355808258,0.0
Z08,2025-09-21 21:00:00,1,rider_shortage,rebalance_riders,0.8893005847930908,0.30993103981018066,0.5793695449829102
Z09,2025-09-21 21:00:00,1,rider_shortage,rebalance_riders,0.9924628734588623,0.8958803415298462,0.09658253192901611
Z10,2025-09-21 21:00:00,1,rider_shortage,alert_ops,0.503921389579773,0.503921389579773,0.0
Z01,2025-09-21 22:00:00,1,rider_shortage,rebalance_riders,0.9867632985115051,0.7261114716529846,0.2606518268585205
Z02,2025-09-21 22:00:00,1,rider_shortage,rebalance_riders,0.9661189317703247,0.4532530903816223,0.5128658413887024
Z03,2025-09-21 22:00:00,1,rider_shortage,rebalance_riders,0.8440799117088318,0.3411286175251007,0.5029512941837311
Z04,2025-09-21 22:00:00,1,rider_shortage,rebalance_riders,0.8060045838356018,0.20319290459156036,0.6028116792440414
Z05,2025-09-21 22:00:00,1,rider_shortage,rebalance_riders,0.7032740712165833,0.03792579099535942,0.6653482802212238
Z06,2025-09-21 22:00:00,1,rider_shortage,rebalance_riders,0.9733379483222961,0.5161129832267761,0.45722496509552
Z08,2025-09-21 22:00:00,0,rider_shortage,rebalance_riders,0.7750288844108582,0.14191356301307678,0.6331153213977814
Z09,2025-09-21 22:00:00,1,rider_shortage,rebalance_riders,0.9671101570129395,0.3065650165081024,0.660545140504837
Z01,2025-09-22 08:00:00,0,traffic,alert_ops,0.3972330093383789,0.3972330093383789,0.0
Z03,2025-09-22 08:00:00,1,traffic,alert_ops,0.6856523752212524,0.6856523752212524,0.0
Z05,2025-09-22 08:00:00,1,traffic,reroute_traffic,0.7771610617637634,0.5216003060340881,0.2555607557296753
Z09,2025-09-22 08:00:00,0,traffic,alert_ops,0.5852997303009033,0.5852997303009033,0.0
Z10,2025-09-22 08:00:00,1,rider_shortage,rebalance_riders,0.963745653629303,0.4404969811439514,0.5232486724853516
Z01,2025-09-22 09:00:00,0,traffic,reroute_traffic,0.7032646536827087,0.4289858341217041,0.27427881956100464
Z02,2025-09-22 09:00:00,0,traffic,reroute_traffic,0.7083954811096191,0.4240509569644928,0.28434452414512634
Z05,2025-09-22 09:00:00,0,traffic,alert_ops,0.30827170610427856,0.30827170610427856,0.0
Z08,2025-09-22 09:00:00,0,traffic,alert_ops,0.511157751083374,0.511157751083374,0.0
Z09,2025-09-22 09:00:00,0,traffic,alert_ops,0.5004358887672424,0.5004358887672424,0.0
Z10,2025-09-22 10:00:00,1,rider_shortage,rebalance_riders,0.8755725026130676,0.12180345505475998,0.7537690475583076
Z02,2025-09-22 12:00:00,0,rider_shortage,alert_ops,0.6529741883277893,0.6529741883277893,0.0
Z07,2025-09-22 12:00:00,1,rider_shortage,rebalance_riders,0.85906982421875,0.03117760270833969,0.8278922215104103
Z08,2025-09-22 12:00:00,0,rider_shortage,alert_ops,0.3831624686717987,0.3831624686717987,0.0
Z01,2025-09-22 13:00:00,1,rider_shortage,rebalance_riders,0.7731649875640869,0.07131659984588623,0.7018483877182007
Z02,2025-09-22 13:00:00,0,rider_shortage,alert_ops,0.6270915269851685,0.6270915269851685,0.0
Z01,2025-09-22 14:00:00,1,rider_shortage,alert_ops,0.6308862566947937,0.6308862566947937,0.0
Z04,2025-09-22 14:00:00,1,rider_shortage,rebalance_riders,0.8283485770225525,0.0970160961151123,0.7313324809074402
Z05,2025-09-22 14:00:00,0,rider_shortage,alert_ops,0.6451905369758606,0.6451905369758606,0.0
Z07,2025-09-22 14:00:00,1,rider_shortage,alert_ops,0.35070517659187317,0.35070517659187317,0.0
Z08,2025-09-22 14:00:00,0,rider_shortage,alert_ops,0.3287661373615265,0.3287661373615265,0.0
Z09,2025-09-22 14:00:00,1,rider_shortage,rebalance_riders,0.8892976641654968,0.2251988798379898,0.664098784327507
Z10,2025-09-22 14:00:00,0,rider_shortage,alert_ops,0.3280791640281677,0.3280791640281677,0.0
Z04,2025-09-22 17:00:00,1,traffic,alert_ops,0.6381882429122925,0.6381882429122925,0.0
Z07,2025-09-22 18:00:00,0,rider_shortage,rebalance_riders,0.9446567893028259,0.0786629244685173,0.8659938648343086
Z01,2025-09-22 19:00:00,1,rider_shortage,rebalance_riders,0.8720129132270813,0.20796649158000946,0.6640464216470718
Z02,2025-09-22 19:00:00,1,rider_shortage,rebalance_riders,0.9149158596992493,0.5848575830459595,0.3300582766532898
Z03,2025-09-22 19:00:00,1,rider_shortage,rebalance_riders,0.9708248376846313,0.8379759788513184,0.132848858833313
Z04,2025-09-22 19:00:00,0,rider_shortage,rebalance_riders,0.9070608019828796,0.3375552296638489,0.5695055723190308
Z05,2025-09-22 19:00:00,1,rider_shortage,rebalance_riders,0.9798668622970581,0.5339450836181641,0.44592177867889404
Z06,2025-09-22 19:00:00,1,traffic,reroute_traffic,0.7673338651657104,0.5286452174186707,0.2386886477470398
Z07,2025-09-22 19:00:00,1,rider_shortage,rebalance_riders,0.9067379236221313,0.16332341730594635,0.743414506316185
Z08,2025-09-22 19:00:00,1,rider_shortage,rebalance_riders,0.9751489758491516,0.7779409289360046,0.19720804691314697
Z09,2025-09-22 19:00:00,1,rider_shortage,rebalance_riders,0.905275821685791,0.3466034233570099,0.5586723983287811
Z10,2025-09-22 19:00:00,1,traffic,reroute_traffic,0.8225356936454773,0.629383385181427,0.1931523084640503
Z01,2025-09-22 20:00:00,1,rider_shortage,rebalance_riders,0.9735524654388428,0.7460113763809204,0.22754108905792236
Z02,2025-09-22 20:00:00,0,traffic,reroute_traffic,0.786216676235199,0.5375249981880188,0.24869167804718018
Z03,2025-09-22 20:00:00,1,rider_shortage,rebalance_riders,0.9372743368148804,0.7445515990257263,0.19272273778915405
Z04,2025-09-22 20:00:00,1,rider_shortage,rebalance_riders,0.9372771382331848,0.5221074223518372,0.41516971588134766
Z05,2025-09-22 20:00:00,1,rider_shortage,rebalance_riders,0.9794196486473083,0.5604583621025085,0.4189612865447998
Z06,2025-09-22 20:00:00,1,rider_shortage,rebalance_riders,0.8831899762153625,0.21529848873615265,0.6678914874792099
Z07,2025-09-22 20:00:00,0,traffic,reroute_traffic,0.7937861084938049,0.5753539800643921,0.21843212842941284
Z08,2025-09-22 20:00:00,1,rider_shortage,rebalance_riders,0.9716359376907349,0.753517210483551,0.21811872720718384
Z09,2025-09-22 20:00:00,0,traffic,reroute_traffic,0.7698493599891663,0.5379020571708679,0.23194730281829834
Z10,2025-09-22 20:00:00,1,rider_shortage,rebalance_riders,0.9861735105514526,0.8100298643112183,0.17614364624023438
Z01,2025-09-22 21:00:00,0,rider_shortage,rebalance_riders,0.8172339200973511,0.1227426826953888,0.6944912374019623
Z02,2025-09-22 21:00:00,0,rider_shortage,alert_ops,0.4841073751449585,0.4841073751449585,0.0
Z05,2025-09-22 21:00:00,1,rider_shortage,rebalance_riders,0.9659572839736938,0.10353998094797134,0.8624173030257225
Z06,2025-09-22 21:00:00,0,rider_shortage,alert_ops,0.3730176091194153,0.3730176091194153,0.0
Z08,2025-09-22 21:00:00,0,rider_shortage,alert_ops,0.5358449816703796,0.5358449816703796,0.0
Z09,2025-09-22 21:00:00,1,rider_shortage,rebalance_riders,0.9210116267204285,0.40065765380859375,0.5203539729118347
Z10,2025-09-22 21:00:00,0,rider_shortage,alert_ops,0.6134569644927979,0.6134569644927979,0.0
Z01,2025-09-22 22:00:00,1,rider_shortage,rebalance_riders,0.8283569812774658,0.08086404204368591,0.7474929392337799
Z02,2025-09-22 22:00:00,0,rider_shortage,alert_ops,0.6246626377105713,0.6246626377105713,0.0
Z04,2025-09-22 22:00:00,0,rider_shortage,alert_ops,0.49354287981987,0.49354287981987,0.0
Z05,2025-09-22 22:00:00,0,rider_shortage,alert_ops,0.5528077483177185,0.5528077483177185,0.0
Z07,2025-09-22 22:00:00,1,rider_shortage,rebalance_riders,0.8643443584442139,0.04853813350200653,0.8158062249422073
Z08,2025-09-22 22:00:00,1,rider_shortage,rebalance_riders,0.8837853670120239,0.24675819277763367,0.6370271742343903
Z09,2025-09-22 22:00:00,0,rider_shortage,rebalance_riders,0.8534924983978271,0.28973808884620667,0.5637544095516205
Z10,2025-09-22 22:00:00,0,rider_shortage,rebalance_riders,0.7922848463058472,0.09197969734668732,0.7003051489591599
Z01,2025-09-23 08:00:00,1,traffic,reroute_traffic,0.92217618227005,0.8117551803588867,0.11042100191116333
Z02,2025-09-23 08:00:00,0,traffic,alert_ops,0.3128931224346161,0.3128931224346161,0.0
Z03,2025-09-23 08:00:00,0,traffic,alert_ops,0.4907744824886322,0.4907744824886322,0.0
Z05,2025-09-23 08:00:00,1,traffic,alert_ops,0.6936556100845337,0.6936556100845337,0.0
Z10,2025-09-23 08:00:00,1,rider_shortage,rebalance_riders,0.8861486911773682,0.17216283082962036,0.7139858603477478
Z02,2025-09-23 09:00:00,0,traffic,alert_ops,0.5288606882095337,0.5288606882095337,0.0
Z03,2025-09-23 09:00:00,0,traffic,alert_ops,0.5878527164459229,0.5878527164459229,0.0
Z04,2025-09-23 09:00:00,0,traffic,reroute_traffic,0.7363044619560242,0.4972584545612335,0.23904600739479065
Z05,2025-09-23 09:00:00,0,traffic,alert_ops,0.3329654037952423,0.3329654037952423,0.0
Z06,2025-09-23 09:00:00,1,traffic,alert_ops,0.6156712770462036,0.6156712770462036,0.0
Z07,2025-09-23 09:00:00,1,traffic,reroute_traffic,0.8546813726425171,0.7650338411331177,0.08964753150939941
Z08,2025-09-23 09:00:00,1,rider_shortage,rebalance_riders,0.7428856492042542,0.05960844084620476,0.6832772083580494
Z01,2025-09-23 10:00:00,0,traffic,alert_ops,0.30642515420913696,0.30642515420913696,0.0
Z05,2025-09-23 10:00:00,0,traffic,alert_ops,0.35923120379447937,0.35923120379447937,0.0
Z01,2025-09-23 12:00:00,0,rider_shortage,alert_ops,0.4899922311306,0.4899922311306,0.0
Z08,2025-09-23 12:00:00,0,rider_shortage,alert_ops,0.301386296749115,0.301386296749115,0.0
Z10,2025-09-23 12:00:00,0,rider_shortage,alert_ops,0.37957119941711426,0.37957119941711426,0.0
Z03,2025-09-23 13:00:00,0,rider_shortage,alert_ops,0.3086663782596588,0.3086663782596588,0.0
Z05,2025-09-23 13:00:00,0,rider_shortage,alert_ops,0.6598886251449585,0.6598886251449585,0.0
Z06,2025-09-23 13:00:00,0,rider_shortage,alert_ops,0.3000427782535553,0.3000427782535553,0.0
Z09,2025-09-23 13:00:00,1,rider_shortage,rebalance_riders,0.7141596674919128,0.09955499321222305,0.6146046742796898
Z03,2025-09-23 14:00:00,0,rider_shortage,alert_ops,0.49825000762939453,0.49825000762939453,0.0
Z05,2025-09-23 14:00:00,1,rider_shortage,alert_ops,0.42435315251350403,0.42435315251350403,0.0
Z06,2025-09-23 14:00:00,1,rider_shortage,rebalance_riders,0.9760343432426453,0.4551575779914856,0.5208767652511597
Z10,2025-09-23 14:00:00,0,rider_shortage,alert_ops,0.6555235981941223,0.6555235981941223,0.0
Z08,2025-09-23 18:00:00,0,traffic,reroute_traffic,0.7873021364212036,0.5158334970474243,0.2714686393737793
Z01,2025-09-23 19:00:00,0,traffic,reroute_traffic,0.9100488424301147,0.7700124382972717,0.14003640413284302
Z02,2025-09-23 19:00:00,1,rider_shortage,rebalance_riders,0.9839001893997192,0.8550847768783569,0.1288154125213623
Z03,2025-09-23 19:00:00,1,rider_shortage,rebalance_riders,0.9391335844993591,0.755963146686554,0.18317043781280518
Z04,2025-09-23 19:00:00,1,rider_shortage,rebalance_riders,0.9751596450805664,0.7135422825813293,0.26161736249923706
Z05,2025-09-23 19:00:00,1,rider_shortage,rebalance_riders,0.9822148680686951,0.6254284381866455,0.35678642988204956
Z06,2025-09-23 19:00:00,1,traffic,reroute_traffic,0.8018361926078796,0.5906369090080261,0.21119928359985352
Z07,2025-09-23 19:00:00,0,rider_shortage,rebalance_riders,0.7759547233581543,0.05443522706627846,0.7215194962918758
Z08,2025-09-23 19:00:00,1,traffic,reroute_traffic,0.813704252243042,0.6237831115722656,0.18992114067077637
Z09,2025-09-23 19:00:00,0,rider_shortage,rebalance_riders,0.9533854722976685,0.6685441136360168,0.2848413586616516
Z10,2025-09-23 19:00:00,1,rider_shortage,rebalance_riders,0.9283129572868347,0.38501596450805664,0.5432969927787781
Z01,2025-09-23 20:00:00,1,rider_shortage,rebalance_riders,0.9676283001899719,0.7344644665718079,0.23316383361816406
Z02,2025-09-23 20:00:00,0,rider_shortage,rebalance_riders,0.8967477679252625,0.37905430793762207,0.5176934599876404
Z03,2025-09-23 20:00:00,1,rider_shortage,rebalance_riders,0.8731957077980042,0.4758959412574768,0.39729976654052734
Z04,2025-09-23 20:00:00,1,rider_shortage,rebalance_riders,0.9503442645072937,0.5366644263267517,0.413679838180542
Z05,2025-09-23 20:00:00,0,traffic,alert_ops,0.5136175155639648,0.5136175155639648,0.0
Z06,2025-09-23 20:00:00,0,traffic,reroute_traffic,0.791034996509552,0.5964796543121338,0.1945553421974182
Z07,2025-09-23 20:00:00,1,rider_shortage,rebalance_riders,0.9851647615432739,0.4692106544971466,0.5159541070461273
Z08,2025-09-23 20:00:00,1,rider_shortage,rebalance_riders,0.9896250367164612,0.9214445352554321,0.06818050146102905
Z09,2025-09-23 20:00:00,1,rider_shortage,rebalance_riders,0.9758656024932861,0.7645001411437988,0.2113654613494873
Z10,2025-09-23 20:00:00,0,traffic,reroute_traffic,0.7356148958206177,0.5997209548950195,0.13589394092559814
Z02,2025-09-23 21:00:00,0,rider_shortage,alert_ops,0.32354310154914856,0.32354310154914856,0.0
Z03,2025-09-23 21:00:00,0,rider_shortage,alert_ops,0.3927212059497833,0.3927212059497833,0.0
Z05,2025-09-23 21:00:00,1,rider_shortage,rebalance_riders,0.8593857884407043,0.05177502706646919,0.8076107613742352
Z06,2025-09-23 21:00:00,1,rider_shortage,rebalance_riders,0.8595267534255981,0.17018574476242065,0.6893410086631775
Z07,2025-09-23 21:00:00,0,rider_shortage,rebalance_riders,0.7005626559257507,0.027512729167938232,0.6730499267578125
Z08,2025-09-23 21:00:00,1,rider_shortage,alert_ops,0.627814531326294,0.627814531326294,0.0
Z09,2025-09-23 21:00:00,0,rider_shortage,alert_ops,0.37357836961746216,0.37357836961746216,0.0
Z10,2025-09-23 21:00:00,0,rider_shortage,alert_ops,0.4125499725341797,0.4125499725341797,0.0
Z01,2025-09-23 22:00:00,1,rider_shortage,alert_ops,0.468144953250885,0.468144953250885,0.0
Z03,2025-09-23 22:00:00,0,rider_shortage,alert_ops,0.5384558439254761,0.5384558439254761,0.0
Z06,2025-09-23 22:00:00,1,rider_shortage,rebalance_riders,0.9729486703872681,0.5268798470497131,0.44606882333755493
Z07,2025-09-23 22:00:00,0,rider_shortage,rebalance_riders,0.8626047968864441,0.0399986170232296,0.8226061798632145
Z01,2025-09-24 08:00:00,0,traffic,alert_ops,0.4154277443885803,0.4154277443885803,0.0
Z03,2025-09-24 08:00:00,1,traffic,alert_ops,0.64690762758255,0.64690762758255,0.0
Z05,2025-09-24 08:00:00,0,traffic,alert_ops,0.31617021560668945,0.31617021560668945,0.0
Z06,2025-09-24 08:00:00,0,traffic,alert_ops,0.6400366425514221,0.6400366425514221,0.0
Z07,2025-09-24 08:00:00,1,rider_shortage,rebalance_riders,0.9437330365180969,0.18784162402153015,0.7558914124965668
Z01,2025-09-24 09:00:00,1,traffic,reroute_traffic,0.765203058719635,0.5074140429496765,0.2577890157699585
Z02,2025-09-24 09:00:00,0,traffic,alert_ops,0.6150928735733032,0.6150928735733032,0.0
Z04,2025-09-24 09:00:00,0,traffic,alert_ops,0.4544604420661926,0.4544604420661926,0.0
Z06,2025-09-24 09:00:00,1,traffic,alert_ops,0.4305582642555237,0.4305582642555237,0.0
Z09,2025-09-24 09:00:00,0,traffic,alert_ops,0.6601443886756897,0.6601443886756897,0.0
Z10,2025-09-24 09:00:00,0,rider_shortage,rebalance_riders,0.9619218707084656,0.373690664768219,0.5882312059402466
Z01,2025-09-24 12:00:00,1,rider_shortage,alert_ops,0.31939011812210083,0.31939011812210083,0.0
Z02,2025-09-24 13:00:00,0,rider_shortage,alert_ops,0.3183687627315521,0.3183687627315521,0.0
Z04,2025-09-24 13:00:00,1,rider_shortage,rebalance_riders,0.8320015072822571,0.06883317977190018,0.7631683275103569
Z05,2025-09-24 13:00:00,0,rider_shortage,alert_ops,0.4687625467777252,0.4687625467777252,0.0
Z06,2025-09-24 13:00:00,0,rider_shortage,alert_ops,0.4020580053329468,0.4020580053329468,0.0
Z07,2025-09-24 13:00:00,0,rider_shortage,alert_ops,0.6949915885925293,0.6949915885925293,0.0
Z08,2025-09-24 13:00:00,0,rider_shortage,alert_ops,0.4761620759963989,0.4761620759963989,0.0
Z03,2025-09-24 14:00:00,0,rider_shortage,alert_ops,0.4968583881855011,0.4968583881855011,0.0
Z07,2025-09-24 14:00:00,0,rider_shortage,alert_ops,0.5792838931083679,0.5792838931083679,0.0
Z08,2025-09-24 14:00:00,1,rider_shortage,alert_ops,0.39997225999832153,0.39997225999832153,0.0
Z09,2025-09-24 14:00:00,1,rider_shortage,rebalance_riders,0.8570875525474548,0.22054682672023773,0.6365407258272171
Z04,2025-09-24 17:00:00,0,traffic,alert_ops,0.5616867542266846,0.5616867542266846,0.0
Z09,2025-09-24 17:00:00,0,traffic,alert_ops,0.430654376745224,0.430654376745224,0.0
Z01,2025-09-24 19:00:00,0,traffic,reroute_traffic,0.7695852518081665,0.5626160502433777,0.20696920156478882
Z02,2025-09-24 19:00:00,1,rider_shortage,rebalance_riders,0.9773377180099487,0.7487958669662476,0.22854185104370117
Z03,2025-09-24 19:00:00,1,rider_shortage,rebalance_riders,0.7865579128265381,0.3423241972923279,0.4442337155342102
Z04,2025-09-24 19:00:00,1,rider_shortage,rebalance_riders,0.9419417977333069,0.6173826456069946,0.32455915212631226
Z05,2025-09-24 19:00:00,1,rider_shortage,rebalance_riders,0.7085846662521362,0.09150120615959167,0.6170834600925446
Z06,2025-09-24 19:00:00,1,rider_shortage,rebalance_riders,0.9897974729537964,0.9110720157623291,0.07872545719146729
Z07,2025-09-24 19:00:00,1,rider_shortage,rebalance_riders,0.8896229267120361,0.059498466551303864,0.8301244601607323
Z08,2025-09-24 19:00:00,1,traffic,reroute_traffic,0.7977109551429749,0.5427547693252563,0.2549561858177185
Z10,2025-09-24 19:00:00,1,rider_shortage,rebalance_riders,0.9721887111663818,0.6937426328659058,0.2784460783004761
Z01,2025-09-24 20:00:00,1,traffic,reroute_traffic,0.9123758673667908,0.7518550753593445,0.1605207920074463
Z02,2025-09-24 20:00:00,1,rider_shortage,rebalance_riders,0.9559392929077148,0.6861447691917419,0.2697945237159729
Z03,2025-09-24 20:00:00,0,traffic,alert_ops,0.648421585559845,0.648421585559845,0.0
Z04,2025-09-24 20:00:00,1,rider_shortage,rebalance_riders,0.9838194251060486,0.7977495789527893,0.18606984615325928
Z05,2025-09-24 20:00:00,1,rider_shortage,rebalance_riders,0.7139084339141846,0.04212063550949097,0.6717877984046936
Z06,2025-09-24 20:00:00,1,rider_shortage,rebalance_riders,0.9581132531166077,0.46164843440055847,0.4964648187160492
Z07,2025-09-24 20:00:00,1,rider_shortage,rebalance_riders,0.9165239334106445,0.17116448283195496,0.7453594505786896
Z08,2025-09-24 20:00:00,0,rider_shortage,rebalance_riders,0.9643731117248535,0.7881050705909729,0.17626804113388062
Z09,2025-09-24 20:00:00,1,rider_shortage,rebalance_riders,0.9530850052833557,0.6773824691772461,0.2757025361061096
Z10,2025-09-24 20:00:00,1,rider_shortage,rebalance_riders,0.8243551850318909,0.15415754914283752,0.6701976358890533
Z01,2025-09-24 21:00:00,0,rider_shortage,alert_ops,0.4582741856575012,0.4582741856575012,0.0
Z03,2025-09-24 21:00:00,1,rider_shortage,rebalance_riders,0.8871148824691772,0.47808927297592163,0.4090256094932556
Z04,2025-09-24 21:00:00,0,rider_shortage,rebalance_riders,0.7587668895721436,0.11565075069665909,0.6431161388754845
Z05,2025-09-24 21:00:00,1,rider_shortage,alert_ops,0.67996746301651,0.67996746301651,0.0
Z06,2025-09-24 21:00:00,1,rider_shortage,rebalance_riders,0.9093501567840576,0.16684070229530334,0.7425094544887543
Z07,2025-09-24 21:00:00,0,rider_shortage,alert_ops,0.42874228954315186,0.42874228954315186,0.0
Z09,2025-09-24 21:00:00,0,rider_shortage,alert_ops,0.6439835429191589,0.6439835429191589,0.0
Z10,2025-09-24 21:00:00,0,rider_shortage,alert_ops,0.655154824256897,0.655154824256897,0.0
Z01,2025-09-24 22:00:00,1,rider_shortage,rebalance_riders,0.9183984994888306,0.21375879645347595,0.7046397030353546
Z02,2025-09-24 22:00:00,0,rider_shortage,alert_ops,0.39189836382865906,0.39189836382865906,0.0
Z03,2025-09-24 22:00:00,0,rider_shortage,alert_ops,0.377393513917923,0.377393513917923,0.0
Z05,2025-09-24 22:00:00,1,rider_shortage,rebalance_riders,0.9049162268638611,0.08667125552892685,0.8182449713349342
Z06,2025-09-24 22:00:00,1,rider_shortage,rebalance_riders,0.7792124152183533,0.10145722329616547,0.6777551919221878
Z07,2025-09-24 22:00:00,0,rider_shortage,alert_ops,0.37002143263816833,0.37002143263816833,0.0
Z09,2025-09-24 22:00:00,1,rider_shortage,rebalance_riders,0.8550218939781189,0.183585524559021,0.6714363694190979
Z10,2025-09-24 22:00:00,1,rider_shortage,rebalance_riders,0.7706071734428406,0.04239921271800995,0.7282079607248306
Z02,2025-09-25 07:00:00,0,rider_shortage,alert_ops,0.4644816815853119,0.4644816815853119,0.0
Z04,2025-09-25 07:00:00,0,rider_shortage,alert_ops,0.326842725276947,0.326842725276947,0.0
Z05,2025-09-25 08:00:00,0,traffic,alert_ops,0.3897843062877655,0.3897843062877655,0.0
Z06,2025-09-25 08:00:00,0,traffic,alert_ops,0.42119815945625305,0.42119815945625305,0.0
Z10,2025-09-25 08:00:00,0,traffic,alert_ops,0.3429966866970062,0.3429966866970062,0.0
Z01,2025-09-25 09:00:00,0,traffic,alert_ops,0.6641905307769775,0.6641905307769775,0.0
Z06,2025-09-25 09:00:00,0,traffic,alert_ops,0.6428579092025757,0.6428579092025757,0.0
Z10,2025-09-25 09:00:00,0,traffic,alert_ops,0.6500225067138672,0.6500225067138672,0.0
Z05,2025-09-25 10:00:00,1,traffic,alert_ops,0.3342553973197937,0.3342553973197937,0.0
Z04,2025-09-25 12:00:00,0,rider_shortage,alert_ops,0.4127582311630249,0.4127582311630249,0.0
Z07,2025-09-25 12:00:00,0,rider_shortage,rebalance_riders,0.7173375487327576,0.016412867233157158,0.7009246814996004
Z08,2025-09-25 12:00:00,0,rider_shortage,alert_ops,0.48224425315856934,0.48224425315856934,0.0
Z09,2025-09-25 12:00:00,1,rider_shortage,alert_ops,0.3186444044113159,0.3186444044113159,0.0
Z04,2025-09-25 13:00:00,0,rider_shortage,rebalance_riders,0.8333737850189209,0.08599498867988586,0.747378796339035
Z08,2025-09-25 13:00:00,0,rider_shortage,rebalance_riders,0.7985844612121582,0.13754114508628845,0.6610433161258698
Z10,2025-09-25 13:00:00,0,rider_shortage,rebalance_riders,0.75484299659729,0.06585128605365753,0.6889917105436325
Z02,2025-09-25 14:00:00,1,rider_shortage,alert_ops,0.48843902349472046,0.48843902349472046,0.0
Z07,2025-09-25 14:00:00,0,rider_shortage,alert_ops,0.45427316427230835,0.45427316427230835,0.0
Z09,2025-09-25 14:00:00,0,rider_shortage,alert_ops,0.3000428378582001,0.3000428378582001,0.0
Z10,2025-09-25 14:00:00,0,rider_shortage,alert_ops,0.6663060188293457,0.6663060188293457,0.0
Z07,2025-09-25 15:00:00,1,rider_shortage,alert_ops,0.470001220703125,0.470001220703125,0.0
Z05,2025-09-25 17:00:00,0,traffic,alert_ops,0.35766372084617615,0.35766372084617615,0.0
Z07,2025-09-25 17:00:00,0,traffic,alert_ops,0.5004311203956604,0.5004311203956604,0.0
Z01,2025-09-25 19:00:00,1,traffic,reroute_traffic,0.8362290263175964,0.6812054514884949,0.15502357482910156
Z02,2025-09-25 19:00:00,1,traffic,reroute_traffic,0.8764132857322693,0.7044931054115295,0.17192018032073975
Z03,2025-09-25 19:00:00,0,traffic,reroute_traffic,0.8067346811294556,0.5507307648658752,0.2560039162635803
Z04,2025-09-25 19:00:00,1,rider_shortage,rebalance_riders,0.9630243182182312,0.5963724851608276,0.36665183305740356
Z05,2025-09-25 19:00:00,1,rider_shortage,rebalance_riders,0.9159895181655884,0.23237115144729614,0.6836183667182922
Z06,2025-09-25 19:00:00,1,traffic,alert_ops,0.509972870349884,0.509972870349884,0.0
Z07,2025-09-25 19:00:00,1,rider_shortage,rebalance_riders,0.9211238622665405,0.1275051236152649,0.7936187386512756
Z08,2025-09-25 19:00:00,1,rider_shortage,rebalance_riders,0.9345300197601318,0.6137903928756714,0.32073962688446045
Z09,2025-09-25 19:00:00,1,rider_shortage,rebalance_riders,0.9910344481468201,0.9022573828697205,0.08877706527709961
Z10,2025-09-25 19:00:00,0,traffic,alert_ops,0.3333556354045868,0.3333556354045868,0.0
Z01,2025-09-25 20:00:00,0,traffic,reroute_traffic,0.8955550789833069,0.7245740294456482,0.1709810495376587
Z02,2025-09-25 20:00:00,1,rider_shortage,rebalance_riders,0.9596837162971497,0.6520243883132935,0.3076593279838562
Z03,2025-09-25 20:00:00,1,rider_shortage,rebalance_riders,0.9584455490112305,0.8461717367172241,0.11227381229400635
Z04,2025-09-25 20:00:00,0,traffic,reroute_traffic,0.824044406414032,0.6734775900840759,0.15056681632995605
Z05,2025-09-25 20:00:00,1,rider_shortage,rebalance_riders,0.9838001132011414,0.6924046277999878,0.29139548540115356
Z06,2025-09-25 20:00:00,1,rider_shortage,rebalance_riders,0.9197859764099121,0.2732027471065521,0.64658322930336
Z07,2025-09-25 20:00:00,1,rider_shortage,rebalance_riders,0.9829771518707275,0.5655725598335266,0.4174045920372009
Z08,2025-09-25 20:00:00,1,rider_shortage,rebalance_riders,0.9711599946022034,0.7101827263832092,0.26097726821899414
Z09,2025-09-25 20:00:00,1,rider_shortage,rebalance_riders,0.975609302520752,0.7837159633636475,0.1918933391571045
Z10,2025-09-25 20:00:00,1,rider_shortage,rebalance_riders,0.9588753581047058,0.521866500377655,0.4370088577270508
Z01,2025-09-25 21:00:00,1,rider_shortage,rebalance_riders,0.8348832726478577,0.10554508119821548,0.7293381914496422
Z03,2025-09-25 21:00:00,1,rider_shortage,rebalance_riders,0.8412393927574158,0.3245401382446289,0.5166992545127869
Z04,2025-09-25 21:00:00,0,rider_shortage,alert_ops,0.656587541103363,0.656587541103363,0.0
Z05,2025-09-25 21:00:00,0,rider_shortage,alert_ops,0.6435405015945435,0.6435405015945435,0.0
Z06,2025-09-25 21:00:00,1,rider_shortage,rebalance_riders,0.8197044730186462,0.092586450278759,0.7271180227398872
Z07,2025-09-25 21:00:00,1,rider_shortage,alert_ops,0.42140763998031616,0.42140763998031616,0.0
Z10,2025-09-25 21:00:00,0,rider_shortage,alert_ops,0.6420833468437195,0.6420833468437195,0.0
Z02,2025-09-25 22:00:00,1,rider_shortage,rebalance_riders,0.8478479981422424,0.21221835911273956,0.6356296390295029
Z03,2025-09-25 22:00:00,1,rider_shortage,rebalance_riders,0.9177128672599792,0.4438132345676422,0.47389963269233704
Z04,2025-09-25 22:00:00,0,rider_shortage,alert_ops,0.3094004988670349,0.3094004988670349,0.0
Z05,2025-09-25 22:00:00,1,rider_shortage,alert_ops,0.3552166223526001,0.3552166223526001,0.0
Z07,2025-09-25 22:00:00,0,rider_shortage,alert_ops,0.30687397718429565,0.30687397718429565,0.0
Z08,2025-09-25 22:00:00,0,rider_shortage,alert_ops,0.4493107199668884,0.4493107199668884,0.0
Z09,2025-09-25 22:00:00,0,rider_shortage,alert_ops,0.579669177532196,0.579669177532196,0.0
Z10,2025-09-25 22:00:00,1,rider_shortage,alert_ops,0.6092000007629395,0.6092000007629395,0.0
Z05,2025-09-25 23:00:00,0,rider_shortage,alert_ops,0.33308151364326477,0.33308151364326477,0.0
Z04,2025-09-26 08:00:00,0,traffic,alert_ops,0.5872095227241516,0.5872095227241516,0.0
Z05,2025-09-26 08:00:00,0,traffic,alert_ops,0.5008963942527771,0.5008963942527771,0.0
Z06,2025-09-26 08:00:00,0,traffic,alert_ops,0.3195199966430664,0.3195199966430664,0.0
Z08,2025-09-26 08:00:00,0,rider_shortage,rebalance_riders,0.7761412858963013,0.1313212364912033,0.644820049405098
Z09,2025-09-26 08:00:00,0,traffic,alert_ops,0.6736183762550354,0.6736183762550354,0.0
Z10,2025-09-26 08:00:00,1,traffic,alert_ops,0.6415137052536011,0.6415137052536011,0.0
Z05,2025-09-26 09:00:00,0,traffic,reroute_traffic,0.816523015499115,0.6244699954986572,0.19205302000045776
Z08,2025-09-26 09:00:00,0,traffic,reroute_traffic,0.9108155965805054,0.7360377907752991,0.1747778058052063
Z09,2025-09-26 09:00:00,0,traffic,alert_ops,0.4731566905975342,0.4731566905975342,0.0
Z07,2025-09-26 10:00:00,1,traffic,alert_ops,0.5733975768089294,0.5733975768089294,0.0
Z10,2025-09-26 10:00:00,0,traffic,alert_ops,0.3007240295410156,0.3007240295410156,0.0
Z02,2025-09-26 12:00:00,0,rider_shortage,alert_ops,0.5471972227096558,0.5471972227096558,0.0
Z05,2025-09-26 12:00:00,1,rider_shortage,rebalance_riders,0.7627054452896118,0.03110494278371334,0.7316005025058985
Z07,2025-09-26 12:00:00,1,rider_shortage,rebalance_riders,0.941175103187561,0.06264986842870712,0.8785252347588539
Z08,2025-09-26 12:00:00,0,rider_shortage,alert_ops,0.38630035519599915,0.38630035519599915,0.0
Z03,2025-09-26 13:00:00,0,rider_shortage,alert_ops,0.31315770745277405,0.31315770745277405,0.0
Z05,2025-09-26 13:00:00,1,rider_shortage,alert_ops,0.3999360501766205,0.3999360501766205,0.0
Z07,2025-09-26 13:00:00,1,rider_shortage,alert_ops,0.5930936932563782,0.5930936932563782,0.0
Z09,2025-09-26 13:00:00,0,rider_shortage,alert_ops,0.4164438247680664,0.4164438247680664,0.0
Z10,2025-09-26 13:00:00,0,rider_shortage,alert_ops,0.4917711019515991,0.4917711019515991,0.0
Z06,2025-09-26 14:00:00,1,rider_shortage,rebalance_riders,0.8107069134712219,0.07799025624990463,0.7327166572213173
Z08,2025-09-26 14:00:00,0,rider_shortage,alert_ops,0.31604406237602234,0.31604406237602234,0.0
Z01,2025-09-26 17:00:00,0,traffic,alert_ops,0.3048171401023865,0.3048171401023865,0.0
Z04,2025-09-26 18:00:00,0,traffic,alert_ops,0.5784351825714111,0.5784351825714111,0.0
Z01,2025-09-26 19:00:00,1,traffic,reroute_traffic,0.8492224216461182,0.7008169293403625,0.14840549230575562
Z02,2025-09-26 19:00:00,1,rider_shortage,rebalance_riders,0.9848853349685669,0.8912113308906555,0.09367400407791138
Z03,2025-09-26 19:00:00,1,rider_shortage,rebalance_riders,0.9837936758995056,0.9070420861244202,0.07675158977508545
Z04,2025-09-26 19:00:00,1,rider_shortage,rebalance_riders,0.9810990691184998,0.7395896911621094,0.24150937795639038
Z05,2025-09-26 19:00:00,1,rider_shortage,rebalance_riders,0.9085431694984436,0.2464962899684906,0.662046879529953
Z06,2025-09-26 19:00:00,1,traffic,reroute_traffic,0.7823278307914734,0.50456702709198,0.2777608036994934
Z07,2025-09-26 19:00:00,1,rider_shortage,rebalance_riders,0.9768567681312561,0.35837793350219727,0.6184788346290588
Z08,2025-09-26 19:00:00,0,rider_shortage,rebalance_riders,0.9413034319877625,0.6268906593322754,0.31441277265548706
Z09,2025-09-26 19:00:00,1,traffic,alert_ops,0.6041774153709412,0.6041774153709412,0.0
Z10,2025-09-26 19:00:00,0,traffic,reroute_traffic,0.8152555823326111,0.6134359836578369,0.20181959867477417
Z01,2025-09-26 20:00:00,1,traffic,reroute_traffic,0.9355421662330627,0.8413804769515991,0.09416168928146362
Z02,2025-09-26 20:00:00,1,rider_shortage,rebalance_riders,0.9886757135391235,0.9257409572601318,0.0629347562789917
Z03,2025-09-26 20:00:00,1,rider_shortage,rebalance_riders,0.9072754383087158,0.6577692031860352,0.24950623512268066
Z04,2025-09-26 20:00:00,0,rider_shortage,rebalance_riders,0.8972360491752625,0.29815950989723206,0.5990765392780304
Z05,2025-09-26 20:00:00,0,rider_shortage,rebalance_riders,0.9785126447677612,0.472879558801651,0.5056330859661102
Z06,2025-09-26 20:00:00,1,rider_shortage,rebalance_riders,0.9707776308059692,0.7453121542930603,0.22546547651290894
Z08,2025-09-26 20:00:00,1,rider_shortage,rebalance_riders,0.994137167930603,0.9774327278137207,0.016704440116882324
Z09,2025-09-26 20:00:00,0,rider_shortage,rebalance_riders,0.9321606755256653,0.3416202664375305,0.5905404090881348
Z10,2025-09-26 20:00:00,1,rider_shortage,rebalance_riders,0.9791955947875977,0.6992239356040955,0.2799716591835022
Z01,2025-09-26 21:00:00,0,rider_shortage,alert_ops,0.6420833468437195,0.6420833468437195,0.0
Z04,2025-09-26 21:00:00,1,rider_shortage,rebalance_riders,0.9735013842582703,0.39602378010749817,0.5774776041507721
Z05,2025-09-26 21:00:00,1,rider_shortage,rebalance_riders,0.9845198392868042,0.16428743302822113,0.8202324062585831
Z07,2025-09-26 21:00:00,0,rider_shortage,alert_ops,0.5640923380851746,0.5640923380851746,0.0
Z08,2025-09-26 21:00:00,1,rider_shortage,rebalance_riders,0.8686484694480896,0.19152358174324036,0.6771248877048492
Z09,2025-09-26 21:00:00,0,rider_shortage,alert_ops,0.4481565058231354,0.4481565058231354,0.0
Z10,2025-09-26 21:00:00,0,rider_shortage,rebalance_riders,0.761167585849762,0.08761507272720337,0.6735525131225586
Z03,2025-09-26 22:00:00,0,rider_shortage,alert_ops,0.6230435371398926,0.6230435371398926,0.0
Z04,2025-09-26 22:00:00,0,rider_shortage,alert_ops,0.45093798637390137,0.45093798637390137,0.0
Z05,2025-09-26 22:00:00,0,rider_shortage,rebalance_riders,0.8331011533737183,0.042306989431381226,0.790794163942337
Z07,2025-09-26 22:00:00,1,rider_shortage,rebalance_riders,0.8454856276512146,0.038600143045186996,0.8068854846060276
Z09,2025-09-26 22:00:00,1,rider_shortage,alert_ops,0.4202619194984436,0.4202619194984436,0.0
Z10,2025-09-26 22:00:00,0,rider_shortage,alert_ops,0.6897123456001282,0.6897123456001282,0.0
Z05,2025-09-27 07:00:00,0,rider_shortage,rebalance_riders,0.7892143130302429,0.01960626058280468,0.7696080524474382
Z01,2025-09-27 08:00:00,1,traffic,alert_ops,0.6755360960960388,0.6755360960960388,0.0
Z02,2025-09-27 08:00:00,1,rider_shortage,rebalance_riders,0.7535486221313477,0.16316132247447968,0.590387299656868
Z03,2025-09-27 08:00:00,1,traffic,alert_ops,0.5043009519577026,0.5043009519577026,0.0
Z04,2025-09-27 08:00:00,1,rider_shortage,rebalance_riders,0.7094069719314575,0.09276998043060303,0.6166369915008545
Z05,2025-09-27 08:00:00,1,rider_shortage,rebalance_riders,0.9215889573097229,0.1954915076494217,0.7260974496603012
Z06,2025-09-27 08:00:00,1,traffic,reroute_traffic,0.7497917413711548,0.49042731523513794,0.25936442613601685
Z07,2025-09-27 08:00:00,0,traffic,reroute_traffic,0.8087374567985535,0.5850878953933716,0.22364956140518188
Z09,2025-09-27 08:00:00,1,traffic,reroute_traffic,0.7123920321464539,0.42022958397865295,0.2921624481678009
Z10,2025-09-27 08:00:00,1,traffic,alert_ops,0.5048782229423523,0.5048782229423523,0.0
Z01,2025-09-27 09:00:00,1,rider_shortage,rebalance_riders,0.9490179419517517,0.408589631319046,0.5404283106327057
Z02,2025-09-27 09:00:00,0,traffic,alert_ops,0.3056899905204773,0.3056899905204773,0.0
Z03,2025-09-27 09:00:00,1,traffic,reroute_traffic,0.8136903643608093,0.6535170078277588,0.16017335653305054
Z04,2025-09-27 09:00:00,0,traffic,reroute_traffic,0.7048118114471436,0.43893298506736755,0.265878826379776
Z05,2025-09-27 09:00:00,1,rider_shortage,rebalance_riders,0.9354841709136963,0.1298488825559616,0.8056352883577347
Z07,2025-09-27 09:00:00,0,rider_shortage,alert_ops,0.5990704298019409,0.5990704298019409,0.0
Z10,2025-09-27 09:00:00,1,rider_shortage,rebalance_riders,0.9830153584480286,0.6827535629272461,0.30026179552078247
Z07,2025-09-27 10:00:00,1,rider_shortage,alert_ops,0.6779415607452393,0.6779415607452393,0.0
Z02,2025-09-27 12:00:00,0,rider_shortage,alert_ops,0.6792399287223816,0.6792399287223816,0.0
Z03,2025-09-27 12:00:00,1,rider_shortage,rebalance_riders,0.7182630300521851,0.19304630160331726,0.5252167284488678
Z04,2025-09-27 12:00:00,1,rider_shortage,rebalance_riders,0.786689817905426,0.1048618033528328,0.6818280145525932
Z05,2025-09-27 12:00:00,0,rider_shortage,alert_ops,0.4501954913139343,0.4501954913139343,0.0
Z06,2025-09-27 12:00:00,1,rider_shortage,rebalance_riders,0.9836789965629578,0.7917066216468811,0.19197237491607666
Z07,2025-09-27 12:00:00,1,rider_shortage,rebalance_riders,0.9835168719291687,0.3812565505504608,0.6022603213787079
Z08,2025-09-27 12:00:00,1,rider_shortage,rebalance_riders,0.9747809171676636,0.6004136800765991,0.37436723709106445
Z09,2025-09-27 12:00:00,1,rider_shortage,alert_ops,0.6929483413696289,0.6929483413696289,0.0
Z10,2025-09-27 12:00:00,0,rider_shortage,alert_ops,0.6588783264160156,0.6588783264160156,0.0
Z01,2025-09-27 13:00:00,1,rider_shortage,rebalance_riders,0.7686671614646912,0.08403743803501129,0.6846297234296799
Z02,2025-09-27 13:00:00,1,rider_shortage,rebalance_riders,0.8867124319076538,0.19757413864135742,0.6891382932662964
Z03,2025-09-27 13:00:00,0,rider_shortage,alert_ops,0.3976750075817108,0.3976750075817108,0.0
Z06,2025-09-27 13:00:00,0,rider_shortage,rebalance_riders,0.8136794567108154,0.13551203906536102,0.6781674176454544
Z10,2025-09-27 13:00:00,1,rider_shortage,rebalance_riders,0.9798351526260376,0.6514879465103149,0.32834720611572266
Z01,2025-09-27 14:00:00,0,rider_shortage,alert_ops,0.5164569020271301,0.5164569020271301,0.0
Z02,2025-09-27 14:00:00,0,rider_shortage,alert_ops,0.6724230647087097,0.6724230647087097,0.0
Z03,2025-09-27 14:00:00,0,rider_shortage,alert_ops,0.6332897543907166,0.6332897543907166,0.0
Z05,2025-09-27 14:00:00,1,rider_shortage,rebalance_riders,0.9674939513206482,0.20444892346858978,0.7630450278520584
Z07,2025-09-27 14:00:00,1,rider_shortage,alert_ops,0.5680590271949768,0.5680590271949768,0.0
Z08,2025-09-27 14:00:00,0,rider_shortage,alert_ops,0.5276172161102295,0.5276172161102295,0.0
Z10,2025-09-27 14:00:00,1,rider_shortage,alert_ops,0.4204932749271393,0.4204932749271393,0.0
Z02,2025-09-27 17:00:00,1,traffic,alert_ops,0.3038731515407562,0.3038731515407562,0.0
Z07,2025-09-27 17:00:00,0,traffic,alert_ops,0.5137689113616943,0.5137689113616943,0.0
Z03,2025-09-27 18:00:00,0,traffic,alert_ops,0.48558393120765686,0.48558393120765686,0.0
Z07,2025-09-27 18:00:00,0,traffic,alert_ops,0.31712374091148376,0.31712374091148376,0.0
Z01,2025-09-27 19:00:00,1,rider_shortage,rebalance_riders,0.9909250736236572,0.8565663695335388,0.1343587040901184
Z02,2025-09-27 19:00:00,1,rider_shortage,rebalance_riders,0.9875023365020752,0.9164706468582153,0.07103168964385986
Z03,2025-09-27 19:00:00,1,traffic,reroute_traffic,0.8464343547821045,0.6788855195045471,0.16754883527755737
Z04,2025-09-27 19:00:00,1,rider_shortage,rebalance_riders,0.9751735925674438,0.7840633392333984,0.1911102533340454
Z05,2025-09-27 19:00:00,1,rider_shortage,rebalance_riders,0.9914621710777283,0.7656050324440002,0.22585713863372803
Z06,2025-09-27 19:00:00,1,rider_shortage,rebalance_riders,0.9094714522361755,0.4160711169242859,0.49340033531188965
Z07,2025-09-27 19:00:00,1,rider_shortage,rebalance_riders,0.8762862086296082,0.12372609972953796,0.7525601089000702
Z08,2025-09-27 19:00:00,1,rider_shortage,rebalance_riders,0.9910195469856262,0.9284141659736633,0.06260538101196289
Z09,2025-09-27 19:00:00,1,rider_shortage,rebalance_riders,0.9728894829750061,0.8161303997039795,0.1567590832710266
Z10,2025-09-27 19:00:00,1,rider_shortage,rebalance_riders,0.9807995557785034,0.7357611656188965,0.24503839015960693
Z01,2025-09-27 20:00:00,1,rider_shortage,rebalance_riders,0.9927585124969482,0.9573172330856323,0.03544127941131592
Z02,2025-09-27 20:00:00,1,rider_shortage,rebalance_riders,0.9828497767448425,0.8640573024749756,0.11879247426986694
Z03,2025-09-27 20:00:00,1,rider_shortage,rebalance_riders,0.9793460369110107,0.8815354108810425,0.09781062602996826
Z04,2025-09-27 20:00:00,1,rider_shortage,rebalance_riders,0.9925986528396606,0.9902791380882263,0.002319514751434326
Z05,2025-09-27 20:00:00,1,rider_shortage,rebalance_riders,0.9558720588684082,0.29926422238349915,0.6566078364849091
Z06,2025-09-27 20:00:00,1,rider_shortage,rebalance_riders,0.9907084703445435,0.8720691204071045,0.11863934993743896
Z07,2025-09-27 20:00:00,1,rider_shortage,rebalance_riders,0.9277835488319397,0.14522801339626312,0.7825555354356766
Z08,2025-09-27 20:00:00,1,rider_shortage,rebalance_riders,0.9875770807266235,0.9043417572975159,0.08323532342910767
Z09,2025-09-27 20:00:00,1,rider_shortage,rebalance_riders,0.976344108581543,0.7978693842887878,0.17847472429275513
Z10,2025-09-27 20:00:00,0,rider_shortage,rebalance_riders,0.8665469884872437,0.10389119386672974,0.7626557946205139
Z01,2025-09-27 21:00:00,1,rider_shortage,rebalance_riders,0.9712492823600769,0.38579896092414856,0.5854503214359283
Z02,2025-09-27 21:00:00,0,rider_shortage,rebalance_riders,0.8730217814445496,0.31578558683395386,0.5572361946105957
Z03,2025-09-27 21:00:00,1,rider_shortage,rebalance_riders,0.7107359766960144,0.19862833619117737,0.512107640504837
Z04,2025-09-27 21:00:00,1,rider_shortage,rebalance_riders,0.8879460096359253,0.327833890914917,0.5601121187210083
Z05,2025-09-27 21:00:00,1,rider_shortage,rebalance_riders,0.9785605072975159,0.5593466758728027,0.41921383142471313
Z06,2025-09-27 21:00:00,1,rider_shortage,rebalance_riders,0.9300722479820251,0.30089688301086426,0.6291753649711609
Z07,2025-09-27 21:00:00,0,rider_shortage,rebalance_riders,0.9738030433654785,0.17061306536197662,0.8031899780035019
Z08,2025-09-27 21:00:00,1,rider_shortage,rebalance_riders,0.9906774759292603,0.7914497256278992,0.19922775030136108
Z09,2025-09-27 21:00:00,0,rider_shortage,rebalance_riders,0.8847910761833191,0.2812996804714203,0.6034913957118988
Z10,2025-09-27 21:00:00,1,rider_shortage,rebalance_riders,0.87775719165802,0.17063573002815247,0.7071214616298676
Z01,2025-09-27 22:00:00,1,rider_shortage,rebalance_riders,0.9816060662269592,0.6668620109558105,0.3147440552711487
Z02,2025-09-27 22:00:00,0,rider_shortage,alert_ops,0.5525507926940918,0.5525507926940918,0.0
Z03,2025-09-27 22:00:00,0,rider_shortage,alert_ops,0.4976976215839386,0.4976976215839386,0.0
Z04,2025-09-27 22:00:00,1,rider_shortage,rebalance_riders,0.9092112183570862,0.2559291124343872,0.653282105922699
Z05,2025-09-27 22:00:00,0,rider_shortage,rebalance_riders,0.9679020047187805,0.09893406182527542,0.8689679428935051
Z06,2025-09-27 22:00:00,0,rider_shortage,alert_ops,0.48974552750587463,0.48974552750587463,0.0
Z08,2025-09-27 22:00:00,1,rider_shortage,rebalance_riders,0.9789559841156006,0.9760556817054749,0.0029003024101257324
Z09,2025-09-27 22:00:00,1,rider_shortage,rebalance_riders,0.9456421136856079,0.5994220972061157,0.3462200164794922
Z10,2025-09-27 22:00:00,1,rider_shortage,rebalance_riders,0.9863967299461365,0.9061687588691711,0.08022797107696533
Z01,2025-09-27 23:00:00,0,rider_shortage,alert_ops,0.5218541622161865,0.5218541622161865,0.0
